ID_CLIENTE,SAFRA_REF,Probalidade %
5058298901476893676,2021-07,0.04666666666666667
274692171162531764,2021-07,0.02666666666666667
274692171162531764,2021-07,0.26
274692171162531764,2021-07,0.03
465309249432033993,2021-07,0.01
465309249432033993,2021-07,0.02666666666666667
465309249432033993,2021-07,0.03333333333333333
465309249432033993,2021-07,0.03666666666666667
5883155883105348987,2021-07,0.03666666666666667
5883155883105348987,2021-07,0.0
4489904752023469353,2021-07,0.006666666666666667
3355881107559250653,2021-07,0.04
3355881107559250653,2021-07,0.023333333333333334
3355881107559250653,2021-07,0.01
3355881107559250653,2021-07,0.17333333333333334
3355881107559250653,2021-07,0.03666666666666667
3355881107559250653,2021-07,0.006666666666666667
3355881107559250653,2021-07,0.013333333333333334
6330043096034525408,2021-07,0.02666666666666667
6330043096034525408,2021-07,0.04
6964108750473070287,2021-07,0.04
6964108750473070287,2021-07,0.05333333333333334
6964108750473070287,2021-07,0.03666666666666667
6964108750473070287,2021-07,0.09
6964108750473070287,2021-07,0.07333333333333333
6964108750473070287,2021-07,0.01
6964108750473070287,2021-07,0.023333333333333334
6964108750473070287,2021-07,0.02666666666666667
6964108750473070287,2021-07,0.03666666666666667
6964108750473070287,2021-07,0.043333333333333335
6964108750473070287,2021-07,0.03666666666666667
6964108750473070287,2021-07,0.02
6964108750473070287,2021-07,0.06333333333333334
6964108750473070287,2021-07,0.043333333333333335
6964108750473070287,2021-07,0.05333333333333334
6964108750473070287,2021-07,0.056666666666666664
4008627434689715639,2021-07,0.18
4008627434689715639,2021-07,0.5
4008627434689715639,2021-07,0.04
5757271354816214865,2021-07,0.22333333333333333
5757271354816214865,2021-07,0.49666666666666665
5757271354816214865,2021-07,0.14333333333333334
5757271354816214865,2021-07,0.18666666666666668
5757271354816214865,2021-07,0.17333333333333334
5757271354816214865,2021-07,0.006666666666666667
5757271354816214865,2021-07,0.0033333333333333335
5757271354816214865,2021-07,0.0033333333333333335
5757271354816214865,2021-07,0.0
5757271354816214865,2021-07,0.006666666666666667
5757271354816214865,2021-07,0.023333333333333334
5757271354816214865,2021-07,0.3466666666666667
5757271354816214865,2021-07,0.07
5757271354816214865,2021-07,0.12333333333333334
5757271354816214865,2021-07,0.07666666666666666
8909740532547211288,2021-07,0.02666666666666667
8909740532547211288,2021-07,0.0
8909740532547211288,2021-07,0.016666666666666666
4045739494965095560,2021-07,0.02
4045739494965095560,2021-07,0.04666666666666667
4045739494965095560,2021-07,0.13333333333333333
6759864637454708017,2021-07,0.02
6759864637454708017,2021-07,0.01
6759864637454708017,2021-07,0.0033333333333333335
6759864637454708017,2021-07,0.016666666666666666
6759864637454708017,2021-07,0.016666666666666666
6759864637454708017,2021-07,0.29333333333333333
6134696632487351445,2021-07,0.05333333333333334
6134696632487351445,2021-07,0.023333333333333334
6134696632487351445,2021-07,0.05
5373371196946859811,2021-07,0.0
3095686599956852697,2021-07,0.0
3095686599956852697,2021-07,0.0
3095686599956852697,2021-07,0.05
1616952665234409442,2021-07,0.06666666666666667
1616952665234409442,2021-07,0.006666666666666667
1088521227159442264,2021-07,0.013333333333333334
1088521227159442264,2021-07,0.006666666666666667
1088521227159442264,2021-07,0.016666666666666666
8529899700094903171,2021-07,0.03
8529899700094903171,2021-07,0.09
8529899700094903171,2021-07,0.0033333333333333335
8529899700094903171,2021-07,0.0
8529899700094903171,2021-07,0.01
8529899700094903171,2021-07,0.02
8529899700094903171,2021-07,0.02
499242942549937267,2021-07,0.023333333333333334
499242942549937267,2021-07,0.03666666666666667
499242942549937267,2021-07,0.2
499242942549937267,2021-07,0.07666666666666666
499242942549937267,2021-07,0.06
499242942549937267,2021-07,0.0033333333333333335
499242942549937267,2021-07,0.14333333333333334
499242942549937267,2021-07,0.05
499242942549937267,2021-07,0.04666666666666667
5897410907783139228,2021-07,0.043333333333333335
5897410907783139228,2021-07,0.006666666666666667
5897410907783139228,2021-07,0.006666666666666667
5897410907783139228,2021-07,0.013333333333333334
2083323809219952960,2021-07,0.05333333333333334
2083323809219952960,2021-07,0.03
2083323809219952960,2021-07,0.03666666666666667
2083323809219952960,2021-07,0.006666666666666667
2083323809219952960,2021-07,0.013333333333333334
2083323809219952960,2021-07,0.0033333333333333335
2083323809219952960,2021-07,0.06
2083323809219952960,2021-07,0.01
2083323809219952960,2021-07,0.05
2083323809219952960,2021-07,0.07666666666666666
1953058402621337677,2021-07,0.023333333333333334
1953058402621337677,2021-07,0.13666666666666666
1953058402621337677,2021-07,0.09333333333333334
1953058402621337677,2021-07,0.04666666666666667
3408536439470975134,2021-07,0.03
3408536439470975134,2021-07,0.056666666666666664
3408536439470975134,2021-07,0.006666666666666667
3408536439470975134,2021-07,0.013333333333333334
5687511145009775604,2021-07,0.10666666666666667
5687511145009775604,2021-07,0.19247619047619047
7485107528960607346,2021-07,0.016666666666666666
7485107528960607346,2021-07,0.0033333333333333335
531805620371082364,2021-07,0.02
5761480994209806499,2021-07,0.06333333333333334
5761480994209806499,2021-07,0.02
5761480994209806499,2021-07,0.016666666666666666
5761480994209806499,2021-07,0.03666666666666667
5761480994209806499,2021-07,0.03
5761480994209806499,2021-07,0.006666666666666667
5761480994209806499,2021-07,0.006666666666666667
5761480994209806499,2021-07,0.0
5761480994209806499,2021-07,0.0
5761480994209806499,2021-07,0.0
5761480994209806499,2021-07,0.0033333333333333335
5761480994209806499,2021-07,0.0
5761480994209806499,2021-07,0.013333333333333334
5761480994209806499,2021-07,0.02
5761480994209806499,2021-07,0.07
5761480994209806499,2021-07,0.07333333333333333
4762256864594914240,2021-07,0.0
8570963260597299378,2021-07,0.0033333333333333335
5974858472822751652,2021-07,0.0
3421433989501830226,2021-07,0.47361111111111104
4327694790333781288,2021-07,0.0033333333333333335
4327694790333781288,2021-07,0.02
8173830874846355280,2021-07,0.08333333333333333
8173830874846355280,2021-07,0.08333333333333333
8173830874846355280,2021-07,0.016666666666666666
8173830874846355280,2021-07,0.04
8173830874846355280,2021-07,0.03666666666666667
8173830874846355280,2021-07,0.02666666666666667
8173830874846355280,2021-07,0.013333333333333334
8173830874846355280,2021-07,0.09333333333333334
8173830874846355280,2021-07,0.07666666666666666
8173830874846355280,2021-07,0.12666666666666668
2347028805684088098,2021-07,0.006666666666666667
3632378524835692731,2021-07,0.03333333333333333
3632378524835692731,2021-07,0.0033333333333333335
3632378524835692731,2021-07,0.10333333333333333
2033394215069562776,2021-07,0.043333333333333335
2033394215069562776,2021-07,0.03333333333333333
2033394215069562776,2021-07,0.02
2033394215069562776,2021-07,0.013333333333333334
3285246914299291124,2021-07,0.056666666666666664
3285246914299291124,2021-07,0.31
3285246914299291124,2021-07,0.006666666666666667
3285246914299291124,2021-07,0.04
2929243640075785940,2021-07,0.0033333333333333335
2929243640075785940,2021-07,0.05333333333333334
2929243640075785940,2021-07,0.013333333333333334
2929243640075785940,2021-07,0.0033333333333333335
2929243640075785940,2021-07,0.02
2407532237672094312,2021-07,0.04666666666666667
2407532237672094312,2021-07,0.01
2407532237672094312,2021-07,0.04
5635781225931111684,2021-07,0.06666666666666667
5635781225931111684,2021-07,0.04
1235244772550233980,2021-07,0.02
1235244772550233980,2021-07,0.0
1235244772550233980,2021-07,0.03333333333333333
4365965554261111250,2021-07,0.03666666666666667
5162636608292907782,2021-07,0.02
8248484932270772248,2021-07,0.05333333333333334
924957821424248698,2021-07,0.0
924957821424248698,2021-07,0.02666666666666667
924957821424248698,2021-07,0.02666666666666667
6828316696355015040,2021-07,0.01
8409181491723988567,2021-07,0.14
8409181491723988567,2021-07,0.06
8409181491723988567,2021-07,0.19722222222222227
8409181491723988567,2021-07,0.01
4532469127306079736,2021-07,0.01
7664272163315705419,2021-07,0.0
7664272163315705419,2021-07,0.02666666666666667
9206030810342980458,2021-07,0.013333333333333334
9206030810342980458,2021-07,0.04
9206030810342980458,2021-07,0.02
5810778736737569699,2021-07,0.02
5810778736737569699,2021-07,0.016666666666666666
1366416810235233769,2021-07,0.03333333333333333
1366416810235233769,2021-07,0.07666666666666666
1366416810235233769,2021-07,0.3
1366416810235233769,2021-07,0.18826058201058204
1366416810235233769,2021-07,0.0033333333333333335
1366416810235233769,2021-07,0.023333333333333334
8067924767167570288,2021-07,0.02
7908414709866823255,2021-07,0.013333333333333334
7908414709866823255,2021-07,0.01
7908414709866823255,2021-07,0.016666666666666666
7908414709866823255,2021-07,0.0033333333333333335
8994944800097997361,2021-07,0.01
8994944800097997361,2021-07,0.043333333333333335
6950439982480713649,2021-07,0.056666666666666664
6950439982480713649,2021-07,0.0033333333333333335
8901696535927078963,2021-07,0.04666666666666667
8901696535927078963,2021-07,0.02666666666666667
8901696535927078963,2021-07,0.01
8901696535927078963,2021-07,0.006666666666666667
8901696535927078963,2021-07,0.023333333333333334
8901696535927078963,2021-07,0.006666666666666667
8901696535927078963,2021-07,0.006666666666666667
6204723742351094322,2021-07,0.23317724867724862
3095408468798675621,2021-07,0.04
3095408468798675621,2021-07,0.043333333333333335
7722287846688771887,2021-07,0.006666666666666667
312543480920432545,2021-07,0.47866666666666663
312543480920432545,2021-07,0.05
312543480920432545,2021-07,0.023333333333333334
6394935036014530592,2021-07,0.04666666666666667
6394935036014530592,2021-07,0.02
3281617395243454427,2021-07,0.006666666666666667
1115703227712697214,2021-07,0.056666666666666664
1115703227712697214,2021-07,0.07666666666666666
8185063234515056194,2021-07,0.06333333333333334
8185063234515056194,2021-07,0.08
8185063234515056194,2021-07,0.02
8185063234515056194,2021-07,0.0
8185063234515056194,2021-07,0.06333333333333334
7492389223353246125,2021-07,0.04
7492389223353246125,2021-07,0.2017495282495283
7492389223353246125,2021-07,0.12
6217788509719675691,2021-07,0.03
6217788509719675691,2021-07,0.01
8716163053080758848,2021-07,0.056666666666666664
8716163053080758848,2021-07,0.016666666666666666
8716163053080758848,2021-07,0.0033333333333333335
8716163053080758848,2021-07,0.0
8716163053080758848,2021-07,0.006666666666666667
8716163053080758848,2021-07,0.01
324916756972236008,2021-07,0.01
324916756972236008,2021-07,0.41274999999999995
324916756972236008,2021-07,0.056666666666666664
324916756972236008,2021-07,0.013333333333333334
324916756972236008,2021-07,0.01
324916756972236008,2021-07,0.013333333333333334
7269781193318890653,2021-07,0.056666666666666664
7269781193318890653,2021-07,0.023333333333333334
6784879562354696650,2021-07,0.013333333333333334
8229446069655666941,2021-07,0.7093333333333334
8229446069655666941,2021-07,0.013333333333333334
4972567100282306577,2021-07,0.013333333333333334
5864443060004179363,2021-07,0.05
5864443060004179363,2021-07,0.03666666666666667
5864443060004179363,2021-07,0.2916021398192451
5864443060004179363,2021-07,0.0
5864443060004179363,2021-07,0.0
2439954154030259398,2021-07,0.04
8623308321032624474,2021-07,0.02666666666666667
8623308321032624474,2021-07,0.20783333333333337
8623308321032624474,2021-07,0.016666666666666666
4524147234488547993,2021-07,0.3233333333333333
4524147234488547993,2021-07,0.23666666666666666
4524147234488547993,2021-07,0.0033333333333333335
6987942592445950913,2021-07,0.15666666666666668
6987942592445950913,2021-07,0.13333333333333333
6987942592445950913,2021-07,0.01
6987942592445950913,2021-07,0.0
8684964138237894839,2021-07,0.02666666666666667
6582676833651678345,2021-07,0.04
6582676833651678345,2021-07,0.02666666666666667
6582676833651678345,2021-07,0.04
6582676833651678345,2021-07,0.013333333333333334
6582676833651678345,2021-07,0.013333333333333334
6582676833651678345,2021-07,0.006666666666666667
6582676833651678345,2021-07,0.043333333333333335
6582676833651678345,2021-07,0.023333333333333334
1036256411320325774,2021-07,0.016666666666666666
1036256411320325774,2021-07,0.016666666666666666
968199235777440720,2021-07,0.02666666666666667
968199235777440720,2021-07,0.04666666666666667
968199235777440720,2021-07,0.05
968199235777440720,2021-07,0.043333333333333335
968199235777440720,2021-07,0.0
968199235777440720,2021-07,0.0033333333333333335
968199235777440720,2021-07,0.01
968199235777440720,2021-07,0.02
6916556752218696485,2021-07,0.02
6916556752218696485,2021-07,0.10333333333333333
6916556752218696485,2021-07,0.013333333333333334
6916556752218696485,2021-07,0.01
6916556752218696485,2021-07,0.006666666666666667
6916556752218696485,2021-07,0.006666666666666667
6916556752218696485,2021-07,0.013333333333333334
6916556752218696485,2021-07,0.023333333333333334
6916556752218696485,2021-07,0.013333333333333334
6916556752218696485,2021-07,0.0033333333333333335
6916556752218696485,2021-07,0.006666666666666667
6916556752218696485,2021-07,0.0033333333333333335
6030285068945261052,2021-07,0.12666666666666668
6030285068945261052,2021-07,0.043333333333333335
6030285068945261052,2021-07,0.3071148262069316
6030285068945261052,2021-07,0.016666666666666666
6030285068945261052,2021-07,0.07333333333333333
8463871205935856285,2021-07,0.11666666666666667
4071158585850879204,2021-07,0.20666666666666667
4071158585850879204,2021-07,0.04
4071158585850879204,2021-07,0.2916021398192451
3218226066162129945,2021-07,0.02
4679462479444735708,2021-07,0.02666666666666667
4679462479444735708,2021-07,0.023333333333333334
4679462479444735708,2021-07,0.023333333333333334
4679462479444735708,2021-07,0.0
4679462479444735708,2021-07,0.02
4679462479444735708,2021-07,0.016666666666666666
4724876423989598202,2021-07,0.05
4724876423989598202,2021-07,0.09333333333333334
4724876423989598202,2021-07,0.05333333333333334
2128970218770090704,2021-07,0.13333333333333333
2128970218770090704,2021-07,0.0
2128970218770090704,2021-07,0.0
1003144834589372198,2021-07,0.02666666666666667
1003144834589372198,2021-07,0.0033333333333333335
9127318190908282126,2021-07,0.02666666666666667
9127318190908282126,2021-07,0.02
8163895533020293251,2021-07,0.45
8163895533020293251,2021-07,0.4002564102564103
8163895533020293251,2021-07,0.24333333333333335
5794903898038236832,2021-07,0.03666666666666667
5794903898038236832,2021-07,0.0033333333333333335
3960251564708868781,2021-07,0.06
3960251564708868781,2021-07,0.115
3960251564708868781,2021-07,0.01
3960251564708868781,2021-07,0.02
3960251564708868781,2021-07,0.03333333333333333
5888474320320735000,2021-07,0.006666666666666667
5888474320320735000,2021-07,0.05333333333333334
5888474320320735000,2021-07,0.03666666666666667
761746217261797478,2021-07,0.043333333333333335
761746217261797478,2021-07,0.03
1507697130807703164,2021-07,0.01
9184785003280841216,2021-07,0.016666666666666666
9184785003280841216,2021-07,0.03333333333333333
9184785003280841216,2021-07,0.07
1182975716201409626,2021-07,0.016666666666666666
1182975716201409626,2021-07,0.23317724867724862
1182975716201409626,2021-07,0.0033333333333333335
1182975716201409626,2021-07,0.006666666666666667
1182975716201409626,2021-07,0.016666666666666666
5369576709077493659,2021-07,0.013333333333333334
3472934456083131714,2021-07,0.0033333333333333335
717981637594591016,2021-07,0.04666666666666667
717981637594591016,2021-07,0.394702380952381
717981637594591016,2021-07,0.07333333333333333
717981637594591016,2021-07,0.03
8255085612985072878,2021-07,0.043333333333333335
8255085612985072878,2021-07,0.04
7751080728852739823,2021-07,0.013333333333333334
7751080728852739823,2021-07,0.2916021398192451
4347826483121154490,2021-07,0.07
4347826483121154490,2021-07,0.01
4347826483121154490,2021-07,0.14666666666666667
4347826483121154490,2021-07,0.03
4347826483121154490,2021-07,0.0033333333333333335
4347826483121154490,2021-07,0.016666666666666666
4347826483121154490,2021-07,0.006666666666666667
4347826483121154490,2021-07,0.023333333333333334
4347826483121154490,2021-07,0.013333333333333334
2214132103234633622,2021-07,0.0033333333333333335
2214132103234633622,2021-07,0.0033333333333333335
2214132103234633622,2021-07,0.016666666666666666
2214132103234633622,2021-07,0.0033333333333333335
2214132103234633622,2021-07,0.006666666666666667
410843023337872279,2021-07,0.016666666666666666
2022367282554149730,2021-07,0.016666666666666666
2022367282554149730,2021-07,0.01
7637066986811047950,2021-07,0.01
7637066986811047950,2021-07,0.01
7637066986811047950,2021-07,0.01
86110062990790869,2021-07,0.13333333333333333
5304536516981778801,2021-07,0.0033333333333333335
5304536516981778801,2021-07,0.023333333333333334
5304536516981778801,2021-07,0.016666666666666666
3829967475074118757,2021-07,0.17
3829967475074118757,2021-07,0.49333333333333335
7444686668183702737,2021-07,0.01
7444686668183702737,2021-07,0.09333333333333334
682352428813668634,2021-07,0.02
682352428813668634,2021-07,0.016666666666666666
682352428813668634,2021-07,0.03666666666666667
682352428813668634,2021-07,0.03666666666666667
682352428813668634,2021-07,0.02666666666666667
682352428813668634,2021-07,0.016666666666666666
7613717984547031729,2021-07,0.0
7910340581026492945,2021-07,0.02
7910340581026492945,2021-07,0.006666666666666667
7910340581026492945,2021-07,0.22333333333333333
6352592240901579272,2021-07,0.01
5574997762710520717,2021-07,0.02
5574997762710520717,2021-07,0.01
8939476669690489534,2021-07,0.03333333333333333
107343823625119033,2021-07,0.02666666666666667
6349142675790687765,2021-07,0.02
6349142675790687765,2021-07,0.02666666666666667
6349142675790687765,2021-07,0.01
5067621068959932809,2021-07,0.04
5067621068959932809,2021-07,0.03333333333333333
5067621068959932809,2021-07,0.13666666666666666
5067621068959932809,2021-07,0.0
5067621068959932809,2021-07,0.0
2397171153213063761,2021-07,0.016666666666666666
2397171153213063761,2021-07,0.08666666666666667
2397171153213063761,2021-07,0.01
2397171153213063761,2021-07,0.0
2397171153213063761,2021-07,0.006666666666666667
8195468623809753777,2021-07,0.02
8195468623809753777,2021-07,0.016666666666666666
8195468623809753777,2021-07,0.04666666666666667
8195468623809753777,2021-07,0.08333333333333333
6271697692808086495,2021-07,0.0033333333333333335
5176940320835464459,2021-07,0.03333333333333333
5176940320835464459,2021-07,0.1
5176940320835464459,2021-07,0.056666666666666664
5176940320835464459,2021-07,0.01
5176940320835464459,2021-07,0.013333333333333334
5176940320835464459,2021-07,0.03333333333333333
5176940320835464459,2021-07,0.016666666666666666
4342146186255136598,2021-07,0.07666666666666666
4342146186255136598,2021-07,0.04
4342146186255136598,2021-07,0.15666666666666668
4795152981525833467,2021-07,0.056666666666666664
4795152981525833467,2021-07,0.02666666666666667
4795152981525833467,2021-07,0.02666666666666667
4795152981525833467,2021-07,0.02
4795152981525833467,2021-07,0.17333333333333334
5714540197488862003,2021-07,0.06
5714540197488862003,2021-07,0.7056296296296296
5714540197488862003,2021-07,0.0033333333333333335
6012031176108922616,2021-07,0.0033333333333333335
1998941557906036376,2021-07,0.013333333333333334
5558533999208199371,2021-07,0.28
8464809590757561185,2021-07,0.03
8464809590757561185,2021-07,0.02
8464809590757561185,2021-07,0.01
8464809590757561185,2021-07,0.02
6721448955097663572,2021-07,0.03333333333333333
6721448955097663572,2021-07,0.09
6721448955097663572,2021-07,0.0033333333333333335
5225029212547588718,2021-07,0.02666666666666667
5225029212547588718,2021-07,0.0
5225029212547588718,2021-07,0.04666666666666667
8926565682509268383,2021-07,0.016666666666666666
8926565682509268383,2021-07,0.03
8926565682509268383,2021-07,0.0033333333333333335
8926565682509268383,2021-07,0.013333333333333334
8926565682509268383,2021-07,0.02
8926565682509268383,2021-07,0.05
8926565682509268383,2021-07,0.06333333333333334
2983174282784691273,2021-07,0.016666666666666666
2983174282784691273,2021-07,0.29894444444444446
8536031856585966123,2021-07,0.01
8536031856585966123,2021-07,0.02666666666666667
8536031856585966123,2021-07,0.6033333333333334
8536031856585966123,2021-07,0.64
8536031856585966123,2021-07,0.5666666666666667
7696655736121386405,2021-07,0.02
7696655736121386405,2021-07,0.0033333333333333335
7750874287225529604,2021-07,0.01
7750874287225529604,2021-07,0.006666666666666667
7750874287225529604,2021-07,0.013333333333333334
8013668117699219722,2021-07,0.054
7289435138601868544,2021-07,0.056666666666666664
7289435138601868544,2021-07,0.04
7289435138601868544,2021-07,0.0033333333333333335
5042877476420217533,2021-07,0.056666666666666664
5042877476420217533,2021-07,0.04666666666666667
1299146298565441811,2021-07,0.04
8376902089871279815,2021-07,0.08
8376902089871279815,2021-07,0.02
8376902089871279815,2021-07,0.056666666666666664
3997247264680905799,2021-07,0.03
3997247264680905799,2021-07,0.01
5029701292539093910,2021-07,0.08333333333333333
8733525963966339207,2021-07,0.023333333333333334
8733525963966339207,2021-07,0.02
8733525963966339207,2021-07,0.023333333333333334
1454789421854453615,2021-07,0.05
1454789421854453615,2021-07,0.023333333333333334
1454789421854453615,2021-07,0.05
1454789421854453615,2021-07,0.013333333333333334
209477776078372134,2021-07,0.04666666666666667
209477776078372134,2021-07,0.043333333333333335
209477776078372134,2021-07,0.05
209477776078372134,2021-07,0.016666666666666666
3156852928909455203,2021-07,0.016666666666666666
3156852928909455203,2021-07,0.016666666666666666
7590999900861381526,2021-07,0.2457984145484146
4556737702757145073,2021-07,0.15666666666666668
6545052034269841737,2021-07,0.15666666666666668
6545052034269841737,2021-07,0.01
6545052034269841737,2021-07,0.20147619047619048
6545052034269841737,2021-07,0.0033333333333333335
6545052034269841737,2021-07,0.03666666666666667
6545052034269841737,2021-07,0.02666666666666667
3571198145319411787,2021-07,0.02
3571198145319411787,2021-07,0.0
3571198145319411787,2021-07,0.06
3571198145319411787,2021-07,0.023333333333333334
8874257794774679816,2021-07,0.13666666666666666
2634859679238614382,2021-07,0.0033333333333333335
2634859679238614382,2021-07,0.006666666666666667
2634859679238614382,2021-07,0.0033333333333333335
2634859679238614382,2021-07,0.0033333333333333335
2634859679238614382,2021-07,0.0033333333333333335
2634859679238614382,2021-07,0.013333333333333334
2678966409665050034,2021-07,0.01
2678966409665050034,2021-07,0.0033333333333333335
2678966409665050034,2021-07,0.03666666666666667
2678966409665050034,2021-07,0.03666666666666667
2250817603281429928,2021-07,0.006666666666666667
2106875407768047316,2021-07,0.03
7458891296671174680,2021-07,0.02
8213533889694327948,2021-07,0.31
8213533889694327948,2021-07,0.01
8213533889694327948,2021-07,0.01
6471448246085839373,2021-07,0.01
2532435113844289043,2021-07,0.01
2532435113844289043,2021-07,0.016666666666666666
2532435113844289043,2021-07,0.013333333333333334
2532435113844289043,2021-07,0.0033333333333333335
2532435113844289043,2021-07,0.0033333333333333335
2532435113844289043,2021-07,0.006666666666666667
2532435113844289043,2021-07,0.006666666666666667
2532435113844289043,2021-07,0.01
2532435113844289043,2021-07,0.016666666666666666
2532435113844289043,2021-07,0.03
2532435113844289043,2021-07,0.013333333333333334
3137879241768961145,2021-07,0.0033333333333333335
3137879241768961145,2021-07,0.023333333333333334
3118152790263512426,2021-07,0.03333333333333333
3118152790263512426,2021-07,0.02666666666666667
903093877129717133,2021-07,0.0033333333333333335
903093877129717133,2021-07,0.0033333333333333335
2645324649046215594,2021-07,0.013333333333333334
2645324649046215594,2021-07,0.01
2645324649046215594,2021-07,0.03666666666666667
621182491555347581,2021-07,0.006666666666666667
621182491555347581,2021-07,0.006666666666666667
8706851346184249504,2021-07,0.016666666666666666
1343530446996409207,2021-07,0.01
1343530446996409207,2021-07,0.043333333333333335
3977861004707764824,2021-07,0.0033333333333333335
3977861004707764824,2021-07,0.01
3977861004707764824,2021-07,0.013333333333333334
3977861004707764824,2021-07,0.006666666666666667
3977861004707764824,2021-07,0.006666666666666667
1156053485989336481,2021-07,0.013333333333333334
1156053485989336481,2021-07,0.01
1156053485989336481,2021-07,0.6603174603174603
1156053485989336481,2021-07,0.0033333333333333335
1156053485989336481,2021-07,0.02
1156053485989336481,2021-07,0.03333333333333333
1156053485989336481,2021-07,0.03
1118514612547157551,2021-07,0.023333333333333334
1118514612547157551,2021-07,0.06666666666666667
6817075905797098547,2021-07,0.02
7930925883736021864,2021-07,0.03
7930925883736021864,2021-07,0.043333333333333335
7930925883736021864,2021-07,0.013333333333333334
7930925883736021864,2021-07,0.0
7930925883736021864,2021-07,0.0033333333333333335
7930925883736021864,2021-07,0.023333333333333334
7930925883736021864,2021-07,0.05333333333333334
2451708306555441014,2021-07,0.043333333333333335
7442192566700924647,2021-07,0.056666666666666664
7442192566700924647,2021-07,0.5515555555555556
7442192566700924647,2021-07,0.016666666666666666
7442192566700924647,2021-07,0.006666666666666667
2988042199057874759,2021-07,0.0033333333333333335
3634047863995720708,2021-07,0.06666666666666667
7085295800541340563,2021-07,0.006666666666666667
7085295800541340563,2021-07,0.016666666666666666
7085295800541340563,2021-07,0.043333333333333335
4335865859049992260,2021-07,0.1977463924963925
4335865859049992260,2021-07,0.01
2290083177086946553,2021-07,0.013333333333333334
2290083177086946553,2021-07,0.0033333333333333335
2290083177086946553,2021-07,0.023333333333333334
7177785309735471560,2021-07,0.016666666666666666
7177785309735471560,2021-07,0.023333333333333334
5477523784812182605,2021-07,0.4819393939393939
5477523784812182605,2021-07,0.2966666666666667
8961924617442201922,2021-07,0.0033333333333333335
7595945751692012281,2021-07,0.06666666666666667
2333404192508932057,2021-07,0.03333333333333333
2333404192508932057,2021-07,0.013333333333333334
2333404192508932057,2021-07,0.02
4593070249039532001,2021-07,0.17275396825396824
6053752047545474051,2021-07,0.03
6053752047545474051,2021-07,0.03
6053752047545474051,2021-07,0.013333333333333334
6053752047545474051,2021-07,0.01
6053752047545474051,2021-07,0.013333333333333334
6053752047545474051,2021-07,0.013333333333333334
6053752047545474051,2021-07,0.10333333333333333
6091519986999196884,2021-07,0.04
6091519986999196884,2021-07,0.0033333333333333335
7535160686416710323,2021-07,0.01
3036967290595689189,2021-07,0.04666666666666667
5999145415800242177,2021-07,0.08666666666666667
5999145415800242177,2021-07,0.0033333333333333335
7930644815080409701,2021-07,0.023333333333333334
510795635145114083,2021-07,0.03333333333333333
510795635145114083,2021-07,0.023333333333333334
510795635145114083,2021-07,0.03
510795635145114083,2021-07,0.006666666666666667
510795635145114083,2021-07,0.006666666666666667
187117706370645370,2021-07,0.03666666666666667
187117706370645370,2021-07,0.01
187117706370645370,2021-07,0.06
5462970244186515758,2021-07,0.0
5462970244186515758,2021-07,0.01
4769364850030443969,2021-07,0.10666666666666667
4769364850030443969,2021-07,0.016666666666666666
4769364850030443969,2021-07,0.023333333333333334
5726178124659661019,2021-07,0.03
5726178124659661019,2021-07,0.04666666666666667
5726178124659661019,2021-07,0.02
5726178124659661019,2021-07,0.03333333333333333
5726178124659661019,2021-07,0.07666666666666666
5726178124659661019,2021-07,0.19722222222222227
5726178124659661019,2021-07,0.006666666666666667
5726178124659661019,2021-07,0.06
5726178124659661019,2021-07,0.006666666666666667
5726178124659661019,2021-07,0.01
5726178124659661019,2021-07,0.0033333333333333335
5726178124659661019,2021-07,0.006666666666666667
5726178124659661019,2021-07,0.0033333333333333335
5726178124659661019,2021-07,0.013333333333333334
5726178124659661019,2021-07,0.01
5726178124659661019,2021-07,0.01
5726178124659661019,2021-07,0.0033333333333333335
5726178124659661019,2021-07,0.013333333333333334
1141681690629134039,2021-07,0.06333333333333334
4095739077267179172,2021-07,0.05333333333333334
4095739077267179172,2021-07,0.07333333333333333
4095739077267179172,2021-07,0.01
1551531256789550891,2021-07,0.2633333333333333
1551531256789550891,2021-07,0.006666666666666667
1551531256789550891,2021-07,0.02666666666666667
9108733472015251498,2021-07,0.05
851897122328714307,2021-07,0.013333333333333334
6795467882769787169,2021-07,0.006666666666666667
5856610998569876318,2021-07,0.06
3093415403379897112,2021-07,0.006666666666666667
6061850657256270336,2021-07,0.03333333333333333
6061850657256270336,2021-07,0.056666666666666664
165658847908185334,2021-07,0.10666666666666667
4850722092974676955,2021-07,0.07666666666666666
4850722092974676955,2021-07,0.1
3140918607946425426,2021-07,0.02666666666666667
7398738404146260251,2021-07,0.03333333333333333
4863405965754103821,2021-07,0.03666666666666667
4863405965754103821,2021-07,0.01
4863405965754103821,2021-07,0.08
4863405965754103821,2021-07,0.08666666666666667
4863405965754103821,2021-07,0.006666666666666667
4863405965754103821,2021-07,0.02666666666666667
4863405965754103821,2021-07,0.07333333333333333
4863405965754103821,2021-07,0.05
4863405965754103821,2021-07,0.10666666666666667
968400235888951633,2021-07,0.20333333333333334
798425422240919854,2021-07,0.04
1308019675417057675,2021-07,0.03666666666666667
1308019675417057675,2021-07,0.0033333333333333335
6238903426443761049,2021-07,0.01
6238903426443761049,2021-07,0.02
6238903426443761049,2021-07,0.043333333333333335
4465150716052427320,2021-07,0.023333333333333334
4465150716052427320,2021-07,0.023333333333333334
1033361676287635885,2021-07,0.06333333333333334
1033361676287635885,2021-07,0.06333333333333334
1033361676287635885,2021-07,0.06333333333333334
652740132671309295,2021-07,0.02
652740132671309295,2021-07,0.362985347985348
652740132671309295,2021-07,0.08
8004521604421988528,2021-07,0.02
8004521604421988528,2021-07,0.023333333333333334
4717717003637613480,2021-07,0.04
8348574220426911086,2021-07,0.0033333333333333335
5301988619224057921,2021-07,0.02666666666666667
5301988619224057921,2021-07,0.013333333333333334
5301988619224057921,2021-07,0.02666666666666667
5301988619224057921,2021-07,0.006666666666666667
5301988619224057921,2021-07,0.03333333333333333
5301988619224057921,2021-07,0.006666666666666667
8350724667410677464,2021-07,0.0033333333333333335
8350724667410677464,2021-07,0.02
7457803471605010846,2021-07,0.11666666666666667
7457803471605010846,2021-07,0.013333333333333334
1430896989654626045,2021-07,0.023333333333333334
1430896989654626045,2021-07,0.05
1430896989654626045,2021-07,0.04666666666666667
2554972344348383830,2021-07,0.0033333333333333335
2554972344348383830,2021-07,0.006666666666666667
2819054834565698513,2021-07,0.13666666666666666
2819054834565698513,2021-07,0.016666666666666666
8843432852270832388,2021-07,0.013333333333333334
2943087245123311166,2021-07,0.016666666666666666
2943087245123311166,2021-07,0.19722222222222227
2943087245123311166,2021-07,0.006666666666666667
2943087245123311166,2021-07,0.006666666666666667
8826489829259520138,2021-07,0.04666666666666667
8826489829259520138,2021-07,0.10666666666666667
8826489829259520138,2021-07,0.02
8826489829259520138,2021-07,0.03
8535586342375301953,2021-07,0.06
1661240395903230676,2021-07,0.25
1661240395903230676,2021-07,0.023333333333333334
1661240395903230676,2021-07,0.02666666666666667
1661240395903230676,2021-07,0.11666666666666667
8049805689946244047,2021-07,0.02666666666666667
1276604410881911401,2021-07,0.06
1276604410881911401,2021-07,0.03
1276604410881911401,2021-07,0.02666666666666667
1276604410881911401,2021-07,0.02666666666666667
1276604410881911401,2021-07,0.043333333333333335
1276604410881911401,2021-07,0.07333333333333333
1276604410881911401,2021-07,0.05
1276604410881911401,2021-07,0.04
1276604410881911401,2021-07,0.02666666666666667
1276604410881911401,2021-07,0.14666666666666667
5432443358006556295,2021-07,0.0033333333333333335
5432443358006556295,2021-07,0.02666666666666667
8603678028264007695,2021-07,0.0033333333333333335
8603678028264007695,2021-07,0.06333333333333334
5511113649464808344,2021-07,0.2193148148148148
5511113649464808344,2021-07,0.02666666666666667
5511113649464808344,2021-07,0.03666666666666667
3263212305228307743,2021-07,0.08666666666666667
3263212305228307743,2021-07,0.01
3263212305228307743,2021-07,0.09
3263212305228307743,2021-07,0.0
170089315547146305,2021-07,0.06666666666666667
170089315547146305,2021-07,0.04
170089315547146305,2021-07,0.01
170089315547146305,2021-07,0.0033333333333333335
4740535838297269949,2021-07,0.04
4740535838297269949,2021-07,0.016666666666666666
4740535838297269949,2021-07,0.013333333333333334
4740535838297269949,2021-07,0.0033333333333333335
4740535838297269949,2021-07,0.0
4740535838297269949,2021-07,0.01
7970976988071755401,2021-07,0.10666666666666667
7970976988071755401,2021-07,0.12333333333333334
8287608084245946173,2021-07,0.043333333333333335
8287608084245946173,2021-07,0.06
1423952977138155129,2021-07,0.03333333333333333
1423952977138155129,2021-07,0.04666666666666667
2455576782104041698,2021-07,0.016666666666666666
2455576782104041698,2021-07,0.1593650793650794
6373947691253940364,2021-07,0.03333333333333333
459290606780222306,2021-07,0.03
459290606780222306,2021-07,0.09666666666666666
459290606780222306,2021-07,0.05
459290606780222306,2021-07,0.03666666666666667
459290606780222306,2021-07,0.013333333333333334
459290606780222306,2021-07,0.09666666666666666
459290606780222306,2021-07,0.09333333333333334
4052557282157719526,2021-07,0.05333333333333334
7215093571368368138,2021-07,0.07
7215093571368368138,2021-07,0.056666666666666664
7215093571368368138,2021-07,0.08666666666666667
1192891347324061812,2021-07,0.016666666666666666
1192891347324061812,2021-07,0.04
1192891347324061812,2021-07,0.11
1192891347324061812,2021-07,0.0033333333333333335
1192891347324061812,2021-07,0.016666666666666666
3022528659032597047,2021-07,0.17666666666666667
3022528659032597047,2021-07,0.016666666666666666
2763141362035716801,2021-07,0.04666666666666667
2763141362035716801,2021-07,0.0033333333333333335
5465001651966355821,2021-07,0.19722222222222227
5465001651966355821,2021-07,0.016666666666666666
3357976326879346012,2021-07,0.06666666666666667
5880041582322293710,2021-07,0.11333333333333333
5880041582322293710,2021-07,0.4973928571428573
5880041582322293710,2021-07,0.17666666666666667
5880041582322293710,2021-07,0.03
6927178425683104769,2021-07,0.006666666666666667
6927178425683104769,2021-07,0.013333333333333334
4723919748432185874,2021-07,0.023333333333333334
4723919748432185874,2021-07,0.016666666666666666
7325545718770538459,2021-07,0.03666666666666667
7325545718770538459,2021-07,0.02666666666666667
7325545718770538459,2021-07,0.6714761904761904
7325545718770538459,2021-07,0.013333333333333334
7325545718770538459,2021-07,0.013333333333333334
7325545718770538459,2021-07,0.05
7325545718770538459,2021-07,0.06666666666666667
5753677550753111444,2021-07,0.02666666666666667
5753677550753111444,2021-07,0.0
8559143756893267192,2021-07,0.01
1292049196559782171,2021-07,0.06
4334472256949955221,2021-07,0.06333333333333334
4334472256949955221,2021-07,0.016666666666666666
6367769402148499693,2021-07,0.013333333333333334
6367769402148499693,2021-07,0.0033333333333333335
6367769402148499693,2021-07,0.056666666666666664
7816319470107777265,2021-07,0.03666666666666667
7816319470107777265,2021-07,0.03333333333333333
696014079855281037,2021-07,0.03
4874157215501489741,2021-07,0.04
4874157215501489741,2021-07,0.17864114589114594
4874157215501489741,2021-07,0.041666666666666664
3204108603682323936,2021-07,0.056666666666666664
3204108603682323936,2021-07,0.056666666666666664
3204108603682323936,2021-07,0.0033333333333333335
3204108603682323936,2021-07,0.03
4202876623878743806,2021-07,0.056666666666666664
3822753345985951756,2021-07,0.016666666666666666
3822753345985951756,2021-07,0.07
4853303856126909724,2021-07,0.6107777777777778
6242636379248496392,2021-07,0.016666666666666666
5799279645678609726,2021-07,0.04
4850936440093751199,2021-07,0.006666666666666667
4850936440093751199,2021-07,0.023333333333333334
8552039412779393821,2021-07,0.16666666666666666
8552039412779393821,2021-07,0.26666666666666666
7436628409157313756,2021-07,0.023333333333333334
5855956854975734380,2021-07,0.08333333333333333
8123515208041701633,2021-07,0.023333333333333334
8123515208041701633,2021-07,0.02
8123515208041701633,2021-07,0.02666666666666667
9156666134024889730,2021-07,0.006666666666666667
9156666134024889730,2021-07,0.23666666666666666
6754039979151386401,2021-07,0.006666666666666667
4183921942053157552,2021-07,0.016666666666666666
6941381638534728190,2021-07,0.023333333333333334
6941381638534728190,2021-07,0.043333333333333335
6941381638534728190,2021-07,0.056666666666666664
8332840690177201182,2021-07,0.013333333333333334
8332840690177201182,2021-07,0.013333333333333334
8332840690177201182,2021-07,0.04666666666666667
7870373680211625064,2021-07,0.08333333333333333
7870373680211625064,2021-07,0.09666666666666666
2371917341091102894,2021-07,0.013333333333333334
2371917341091102894,2021-07,0.12333333333333334
1945147145527703963,2021-07,0.07666666666666666
1945147145527703963,2021-07,0.01
7141263195360679278,2021-07,0.02
7141263195360679278,2021-07,0.013333333333333334
7451017400765373278,2021-07,0.01
7451017400765373278,2021-07,0.013333333333333334
5931905128207886847,2021-07,0.02
4995679129936981612,2021-07,0.08
1097345589386012260,2021-07,0.05
1097345589386012260,2021-07,0.02
2694466161223698243,2021-07,0.4066666666666667
69766362497027920,2021-07,0.09
2735662700719640627,2021-07,0.043333333333333335
2308217045093677129,2021-07,0.07666666666666666
4820852183212661131,2021-07,0.21325925925925926
4820852183212661131,2021-07,0.0
4820852183212661131,2021-07,0.023333333333333334
984915269987074754,2021-07,0.01
670573866376512619,2021-07,0.02666666666666667
670573866376512619,2021-07,0.06666666666666667
2012477868296377155,2021-07,0.12222222222222222
2012477868296377155,2021-07,0.03
2012477868296377155,2021-07,0.03
2012477868296377155,2021-07,0.04666666666666667
2012477868296377155,2021-07,0.05333333333333334
7707459425750676368,2021-07,0.03666666666666667
7707459425750676368,2021-07,0.02
7707459425750676368,2021-07,0.05
2092588065958607289,2021-07,0.04666666666666667
2092588065958607289,2021-07,0.12333333333333334
2092588065958607289,2021-07,0.1
2092588065958607289,2021-07,0.02
2092588065958607289,2021-07,0.02666666666666667
2092588065958607289,2021-07,0.013333333333333334
2092588065958607289,2021-07,0.006666666666666667
2092588065958607289,2021-07,0.006666666666666667
837142477962609471,2021-07,0.06
837142477962609471,2021-07,0.16
1329553496073467331,2021-07,0.02666666666666667
963687627963462983,2021-07,0.07333333333333333
963687627963462983,2021-07,0.1760873015873016
963687627963462983,2021-07,0.17666666666666667
8764962131207592182,2021-07,0.0033333333333333335
1617695035450525647,2021-07,0.01
1617695035450525647,2021-07,0.006666666666666667
1617695035450525647,2021-07,0.043333333333333335
1617695035450525647,2021-07,0.03333333333333333
1617695035450525647,2021-07,0.013333333333333334
8596605705893456305,2021-07,0.03333333333333333
8596605705893456305,2021-07,0.06333333333333334
8596605705893456305,2021-07,0.0033333333333333335
1088268935649917461,2021-07,0.013333333333333334
1088268935649917461,2021-07,0.0033333333333333335
5460280878923715699,2021-07,0.016666666666666666
6969348581033924947,2021-07,0.023333333333333334
6969348581033924947,2021-07,0.1
6969348581033924947,2021-07,0.02
6969348581033924947,2021-07,0.394702380952381
6969348581033924947,2021-07,0.09666666666666666
6969348581033924947,2021-07,0.03333333333333333
5758033363847724111,2021-07,0.006666666666666667
5758033363847724111,2021-07,0.0
3382609338395832683,2021-07,0.01
3382609338395832683,2021-07,0.01
3750579377644235511,2021-07,0.5101190476190477
2408009918678280470,2021-07,0.07
2408009918678280470,2021-07,0.03666666666666667
2408009918678280470,2021-07,0.0
2408009918678280470,2021-07,0.0
2408009918678280470,2021-07,0.006666666666666667
3543162424793477785,2021-07,0.17569444444444446
3543162424793477785,2021-07,0.03333333333333333
7710364735942975505,2021-07,0.3156011904761905
7710364735942975505,2021-07,0.01
683445437387317282,2021-07,0.01
683445437387317282,2021-07,0.01
683445437387317282,2021-07,0.02
683445437387317282,2021-07,0.14666666666666667
683445437387317282,2021-07,0.0033333333333333335
683445437387317282,2021-07,0.013333333333333334
3228830386980584958,2021-07,0.016666666666666666
5078307295214858596,2021-07,0.11333333333333333
5078307295214858596,2021-07,0.04
5078307295214858596,2021-07,0.11333333333333333
4641659186059167709,2021-07,0.0033333333333333335
5611787644735474299,2021-07,0.056666666666666664
5611787644735474299,2021-07,0.006666666666666667
5611787644735474299,2021-07,0.11
5611787644735474299,2021-07,0.01
5611787644735474299,2021-07,0.0033333333333333335
5611787644735474299,2021-07,0.006666666666666667
1717812527056208209,2021-07,0.09
295375823203017296,2021-07,0.02666666666666667
295375823203017296,2021-07,0.03666666666666667
295375823203017296,2021-07,0.01
295375823203017296,2021-07,0.013333333333333334
5854364934896993687,2021-07,0.07333333333333333
5854364934896993687,2021-07,0.0033333333333333335
7231408738455755015,2021-07,0.03666666666666667
7231408738455755015,2021-07,0.42817940392940385
7231408738455755015,2021-07,0.0033333333333333335
7231408738455755015,2021-07,0.07333333333333333
2493688222671282470,2021-07,0.0
2493688222671282470,2021-07,0.04666666666666667
2493688222671282470,2021-07,0.006666666666666667
3161361581909316305,2021-07,0.06333333333333334
1536087798470875922,2021-07,0.023333333333333334
1536087798470875922,2021-07,0.04666666666666667
1536087798470875922,2021-07,0.03
1536087798470875922,2021-07,0.023333333333333334
3915426102465954493,2021-07,0.016666666666666666
3281818438120834833,2021-07,0.04666666666666667
3281818438120834833,2021-07,0.02
1958660709350677213,2021-07,0.013333333333333334
1958660709350677213,2021-07,0.16
1696462947583294958,2021-07,0.01
1696462947583294958,2021-07,0.016666666666666666
4675067298171588603,2021-07,0.13
4675067298171588603,2021-07,0.03666666666666667
4675067298171588603,2021-07,0.043333333333333335
4675067298171588603,2021-07,0.04
8083157716178259762,2021-07,0.06
2209806355660046187,2021-07,0.006666666666666667
8609211777002937758,2021-07,0.006666666666666667
7818340804682162328,2021-07,0.0033333333333333335
7818340804682162328,2021-07,0.021666666666666667
9089528044547831569,2021-07,0.5007261904761906
9089528044547831569,2021-07,0.28
5795100045494475994,2021-07,0.06
5795100045494475994,2021-07,0.02666666666666667
3931892303497206092,2021-07,0.013333333333333334
3931892303497206092,2021-07,0.013333333333333334
3931892303497206092,2021-07,0.02666666666666667
2900002014851776114,2021-07,0.5321984126984127
835441927760881602,2021-07,0.06333333333333334
835441927760881602,2021-07,0.023333333333333334
835441927760881602,2021-07,0.04
835441927760881602,2021-07,0.02666666666666667
8512214463586144353,2021-07,0.013333333333333334
8512214463586144353,2021-07,0.02
8512214463586144353,2021-07,0.1819087301587302
8512214463586144353,2021-07,0.006666666666666667
8512214463586144353,2021-07,0.0033333333333333335
8512214463586144353,2021-07,0.01
1253437108265925705,2021-07,0.04666666666666667
1253437108265925705,2021-07,0.013333333333333334
1253437108265925705,2021-07,0.03666666666666667
5503391736465275980,2021-07,0.006666666666666667
2006188298374001315,2021-07,0.05333333333333334
2006188298374001315,2021-07,0.01
2006188298374001315,2021-07,0.02
3192341047315717823,2021-07,0.02
5166128847048245697,2021-07,0.02666666666666667
5166128847048245697,2021-07,0.12
8889055492416898333,2021-07,0.05
8889055492416898333,2021-07,0.05333333333333334
8889055492416898333,2021-07,0.04666666666666667
1368430815953333691,2021-07,0.10666666666666667
3248432590399829766,2021-07,0.03666666666666667
3248432590399829766,2021-07,0.006666666666666667
7041489327620930099,2021-07,0.016666666666666666
7041489327620930099,2021-07,0.016666666666666666
1117184216453911295,2021-07,0.006666666666666667
1117184216453911295,2021-07,0.02
1117184216453911295,2021-07,0.0033333333333333335
2771214050521171719,2021-07,0.0033333333333333335
2771214050521171719,2021-07,0.006666666666666667
8503092146854371576,2021-07,0.6342407407407407
8503092146854371576,2021-07,0.043333333333333335
7692335720341018458,2021-07,0.0
7692335720341018458,2021-07,0.0033333333333333335
93982185886107798,2021-07,0.03333333333333333
93982185886107798,2021-07,0.11
93982185886107798,2021-07,0.03
7471183491728700531,2021-07,0.12666666666666668
5274777191770957761,2021-07,0.22
5274777191770957761,2021-07,0.21666666666666667
8609938720215175911,2021-07,0.04666666666666667
8609938720215175911,2021-07,0.0033333333333333335
2726314736140152277,2021-07,0.5837619047619048
2726314736140152277,2021-07,0.6379523809523809
175003104385133396,2021-07,0.5538174603174603
175003104385133396,2021-07,0.03333333333333333
1637960623843047520,2021-07,0.1
1637960623843047520,2021-07,0.05
1637960623843047520,2021-07,0.6732539682539683
1637960623843047520,2021-07,0.04
4043546053926060305,2021-07,0.15088888888888888
4043546053926060305,2021-07,0.043333333333333335
4043546053926060305,2021-07,0.05
4043546053926060305,2021-07,0.11
4043546053926060305,2021-07,0.056666666666666664
1778014915038250584,2021-07,0.006666666666666667
7347715771145302549,2021-07,0.006666666666666667
7347715771145302549,2021-07,0.25333333333333335
7347715771145302549,2021-07,0.023333333333333334
7347715771145302549,2021-07,0.013333333333333334
7347715771145302549,2021-07,0.006666666666666667
1891145854263312840,2021-07,0.41333333333333333
1002362614649347438,2021-07,0.006666666666666667
4166581859919473627,2021-07,0.18666666666666668
4166581859919473627,2021-07,0.01
1210783884008131648,2021-07,0.0033333333333333335
1210783884008131648,2021-07,0.016666666666666666
1210783884008131648,2021-07,0.023333333333333334
7787306805605072964,2021-07,0.05333333333333334
6724017568171288443,2021-07,0.03666666666666667
6724017568171288443,2021-07,0.09333333333333334
4714214581184951490,2021-07,0.01
1553628056929342565,2021-07,0.13333333333333333
7395696797140470088,2021-07,0.18333333333333332
7395696797140470088,2021-07,0.016666666666666666
7395696797140470088,2021-07,0.02666666666666667
8919892162361650175,2021-07,0.016666666666666666
8313765100460016738,2021-07,0.006666666666666667
8313765100460016738,2021-07,0.03
39547025441582855,2021-07,0.7208809523809522
662944582644865942,2021-07,0.0
8784237149961904,2021-07,0.0033333333333333335
8784237149961904,2021-07,0.01
1977574645216036803,2021-07,0.7009761904761903
3713742318997880410,2021-07,0.02666666666666667
3713742318997880410,2021-07,0.04666666666666667
2808145376905474927,2021-07,0.21066861841861848
2808145376905474927,2021-07,0.02666666666666667
4566920105008626302,2021-07,0.056666666666666664
4566920105008626302,2021-07,0.01
4566920105008626302,2021-07,0.05
1106971614386004604,2021-07,0.0033333333333333335
2772135008486239291,2021-07,0.07333333333333333
2772135008486239291,2021-07,0.15
8505870778358741102,2021-07,0.03
8505870778358741102,2021-07,0.02666666666666667
8505870778358741102,2021-07,0.013333333333333334
8505870778358741102,2021-07,0.01
8505870778358741102,2021-07,0.056666666666666664
2530707686830644666,2021-07,0.023333333333333334
2530707686830644666,2021-07,0.0
2530707686830644666,2021-07,0.03
7628167057144760589,2021-07,0.08666666666666667
7628167057144760589,2021-07,0.03333333333333333
6865071386683133124,2021-07,0.09
7403979270048469991,2021-07,0.23317724867724862
7403979270048469991,2021-07,0.006666666666666667
4995217181024687397,2021-07,0.03
4995217181024687397,2021-07,0.03
2302464746243069589,2021-07,0.10333333333333333
2302464746243069589,2021-07,0.18458333333333335
3338087778895249031,2021-07,0.40616605616605617
5503073374822479037,2021-07,0.01
8400764778654490278,2021-07,0.23333333333333334
5200455618694210402,2021-07,0.0
3536704882799524586,2021-07,0.016666666666666666
3536704882799524586,2021-07,0.013333333333333334
2535803443850893368,2021-07,0.11666666666666667
5606267905834401873,2021-07,0.02
5606267905834401873,2021-07,0.03666666666666667
5606267905834401873,2021-07,0.22666938616938614
5606267905834401873,2021-07,0.006666666666666667
121658372387044248,2021-07,0.02666666666666667
121658372387044248,2021-07,0.006666666666666667
511305041047444825,2021-07,0.06
8480109508191086169,2021-07,0.0033333333333333335
2951563549197799278,2021-07,0.0
2951563549197799278,2021-07,0.02
2951563549197799278,2021-07,0.016666666666666666
8343941262792249232,2021-07,0.04
8343941262792249232,2021-07,0.03333333333333333
8343941262792249232,2021-07,0.12333333333333334
3480297543931395935,2021-07,0.14
3480297543931395935,2021-07,0.08333333333333333
3480297543931395935,2021-07,0.03
3480297543931395935,2021-07,0.02666666666666667
3480297543931395935,2021-07,0.03
7920896580423665241,2021-07,0.13666666666666666
2322847438374159400,2021-07,0.016666666666666666
2322847438374159400,2021-07,0.01
8090492548102964782,2021-07,0.5033333333333333
8090492548102964782,2021-07,0.5580555555555556
113538242419211987,2021-07,0.13333333333333333
9099218788416728596,2021-07,0.41
6546850858912852316,2021-07,0.06666666666666667
6546850858912852316,2021-07,0.006666666666666667
2382123267535341265,2021-07,0.2633333333333333
2382123267535341265,2021-07,0.16
2382123267535341265,2021-07,0.19967893217893218
2382123267535341265,2021-07,0.006666666666666667
2382123267535341265,2021-07,0.013333333333333334
2382123267535341265,2021-07,0.12
1951407691087813358,2021-07,0.03666666666666667
1951407691087813358,2021-07,0.02
1951407691087813358,2021-07,0.043333333333333335
8162017568751362437,2021-07,0.03666666666666667
8162017568751362437,2021-07,0.01
8162017568751362437,2021-07,0.03
2658946240987854807,2021-07,0.02
2658946240987854807,2021-07,0.056666666666666664
2658946240987854807,2021-07,0.006666666666666667
1698828605814171242,2021-07,0.043333333333333335
1698828605814171242,2021-07,0.01
3027683745465216663,2021-07,0.12666666666666668
3027683745465216663,2021-07,0.17780952380952383
3027683745465216663,2021-07,0.006666666666666667
6448580780254847411,2021-07,0.07
6448580780254847411,2021-07,0.013333333333333334
5122095358293179297,2021-07,0.056666666666666664
5122095358293179297,2021-07,0.19967893217893218
5136739522477907100,2021-07,0.056666666666666664
5136739522477907100,2021-07,0.01
3258345688897172820,2021-07,0.023333333333333334
3258345688897172820,2021-07,0.23317724867724862
5263285038415073073,2021-07,0.06666666666666667
5371387005775513675,2021-07,0.01
5371387005775513675,2021-07,0.5758333333333333
5371387005775513675,2021-07,0.5310714285714286
4858887739802767402,2021-07,0.043333333333333335
3812760626052898456,2021-07,0.25
3538481420098344176,2021-07,0.4467222222222222
3731278848600349375,2021-07,0.023333333333333334
2119292203323657032,2021-07,0.03
2119292203323657032,2021-07,0.01
3382624494518753363,2021-07,0.013333333333333334
3382624494518753363,2021-07,0.6633333333333333
3382624494518753363,2021-07,0.013333333333333334
3382624494518753363,2021-07,0.056666666666666664
1788369195969129749,2021-07,0.056666666666666664
6276792736652545216,2021-07,0.01
1272921915900711149,2021-07,0.04666666666666667
7779268298304613772,2021-07,0.023333333333333334
4414438591613884911,2021-07,0.016666666666666666
4414438591613884911,2021-07,0.09666666666666666
4414438591613884911,2021-07,0.0033333333333333335
7120090169052575663,2021-07,0.02666666666666667
7120090169052575663,2021-07,0.12666666666666668
7176848230239877915,2021-07,0.016666666666666666
7176848230239877915,2021-07,0.016666666666666666
7176848230239877915,2021-07,0.6983253968253967
191536915328669008,2021-07,0.5038095238095238
1864367736036633256,2021-07,0.0
1864367736036633256,2021-07,0.03666666666666667
5409960473983330744,2021-07,0.02666666666666667
4919908458022265747,2021-07,0.02
4919908458022265747,2021-07,0.0
4018182555897034052,2021-07,0.016666666666666666
4018182555897034052,2021-07,0.013333333333333334
6909701795322574613,2021-07,0.056666666666666664
6145308913889808258,2021-07,0.7158888888888888
6145308913889808258,2021-07,0.013333333333333334
8548612698724688238,2021-07,0.016666666666666666
8828303152301461681,2021-07,0.013333333333333334
8828303152301461681,2021-07,0.013333333333333334
8828303152301461681,2021-07,0.01
7182085930008391174,2021-07,0.06333333333333334
7182085930008391174,2021-07,0.0033333333333333335
622073912578471754,2021-07,0.07719230769230769
8662923640484889291,2021-07,0.02
2778852475840838977,2021-07,0.11521885521885522
6643358471662528195,2021-07,0.08333333333333333
6643358471662528195,2021-07,0.043333333333333335
2201150681962815877,2021-07,0.016666666666666666
2201150681962815877,2021-07,0.06
5893903674205161232,2021-07,0.06333333333333334
5893903674205161232,2021-07,0.04
5893903674205161232,2021-07,0.02
1357573192598249600,2021-07,0.06333333333333334
1357573192598249600,2021-07,0.03333333333333333
4588313530969303734,2021-07,0.01
4588313530969303734,2021-07,0.0
4588313530969303734,2021-07,0.013333333333333334
4588313530969303734,2021-07,0.03666666666666667
7171835894416689226,2021-07,0.09
4527499691197377217,2021-07,0.03
3668905663669864663,2021-07,0.03666666666666667
3668905663669864663,2021-07,0.03666666666666667
1674864668198542837,2021-07,0.42025641025641025
1674864668198542837,2021-07,0.5155555555555557
1477629972594346481,2021-07,0.013333333333333334
1477629972594346481,2021-07,0.19967893217893218
1477629972594346481,2021-07,0.0033333333333333335
5958664040344043635,2021-07,0.013333333333333334
5082813456193598086,2021-07,0.19967893217893218
5082813456193598086,2021-07,0.056666666666666664
5048392903148444335,2021-07,0.007777777777777777
1579681122696922043,2021-07,0.023333333333333334
3415156360538677905,2021-07,0.0033333333333333335
3415156360538677905,2021-07,0.04666666666666667
271068078606473697,2021-07,0.006666666666666667
5440313607363845188,2021-07,0.2389444444444444
5440313607363845188,2021-07,0.02666666666666667
1613152204777372951,2021-07,0.056666666666666664
4210463673385510745,2021-07,0.7654999999999997
4210463673385510745,2021-07,0.01
1683619849073499603,2021-07,0.013333333333333334
1683619849073499603,2021-07,0.05
5358243820364010940,2021-07,0.544265873015873
5358243820364010940,2021-07,0.02
7949169060790541229,2021-07,0.0033333333333333335
5791518044186095039,2021-07,0.2594444444444444
5791518044186095039,2021-07,0.006666666666666667
8724731934863284019,2021-07,0.02
8724731934863284019,2021-07,0.01
8724731934863284019,2021-07,0.006666666666666667
8724731934863284019,2021-07,0.0033333333333333335
1741049493106216406,2021-07,0.2916021398192451
6337915293429442229,2021-07,0.0033333333333333335
4635578010631860111,2021-07,0.4697777777777778
6122719618012473549,2021-07,0.01
3118683330911759410,2021-07,0.013333333333333334
3118683330911759410,2021-07,0.016666666666666666
7719481195372677540,2021-07,0.2966666666666667
7719481195372677540,2021-07,0.013333333333333334
8374461419511631785,2021-07,0.04666666666666667
8374461419511631785,2021-07,0.06333333333333334
1678680306005074426,2021-07,0.03333333333333333
1678680306005074426,2021-07,0.01
1678680306005074426,2021-07,0.006666666666666667
8487807876567995441,2021-07,0.7654999999999997
8487807876567995441,2021-07,0.0
8487807876567995441,2021-07,0.02
1467843186411742274,2021-07,0.5714841269841269
3698481516392183789,2021-07,0.02
5198904647759787695,2021-07,0.01
3275327267689584006,2021-07,0.0
3386019519917828299,2021-07,0.006666666666666667
8196449005061156808,2021-07,0.006666666666666667
3283662016127058429,2021-07,0.01
3555655653190753786,2021-07,0.09
7665801401860589626,2021-07,0.016666666666666666
6020593949794792044,2021-07,0.006666666666666667
6020593949794792044,2021-07,0.04
6824842959463625344,2021-07,0.05
234898976850399181,2021-07,0.016666666666666666
4817816966382229074,2021-07,0.06
4817816966382229074,2021-07,0.03666666666666667
4817816966382229074,2021-07,0.03
4817816966382229074,2021-07,0.023333333333333334
4817816966382229074,2021-07,0.22333333333333333
3511416927745338332,2021-07,0.0033333333333333335
3511416927745338332,2021-07,0.0
3511416927745338332,2021-07,0.01
3511416927745338332,2021-07,0.023333333333333334
3511416927745338332,2021-07,0.02
3511416927745338332,2021-07,0.02
3511416927745338332,2021-07,0.08666666666666667
2335982750277990437,2021-07,0.04
4090195792518021727,2021-07,0.006666666666666667
3690886209682028027,2021-07,0.01
3690886209682028027,2021-07,0.18333333333333332
3690886209682028027,2021-07,0.16666666666666666
9101617110967101591,2021-07,0.0
6681781879793693802,2021-07,0.02
4284129442855564250,2021-07,0.006666666666666667
9052787288251876909,2021-07,0.03
2444743522510084109,2021-07,0.0033333333333333335
940214356651040716,2021-07,0.01
3045840317107313913,2021-07,0.04666666666666667
7142043104834932013,2021-07,0.0
4785355632922927313,2021-07,0.02
4785355632922927313,2021-07,0.006666666666666667
4956614249204803652,2021-07,0.043333333333333335
4956614249204803652,2021-07,0.3466666666666667
4956614249204803652,2021-07,0.05333333333333334
15070048310374146,2021-07,0.14
7200509200540839533,2021-07,0.006666666666666667
7200509200540839533,2021-07,0.02
4614484019183480654,2021-07,0.02
7999843484680834128,2021-07,0.05333333333333334
2377020220794016532,2021-07,0.02
1273229638516517354,2021-07,0.02
5522764880180045081,2021-07,0.02
180672270337706285,2021-07,0.3233333333333333
180672270337706285,2021-07,0.32666666666666666
180672270337706285,2021-07,0.37333333333333335
2088532321693492263,2021-07,0.013333333333333334
326257359176916767,2021-07,0.023333333333333334
5901769182336230217,2021-07,0.0033333333333333335
5517114603826429870,2021-07,0.013333333333333334
5517114603826429870,2021-07,0.02666666666666667
5517114603826429870,2021-07,0.02
5517114603826429870,2021-07,0.03
1069093308328204542,2021-07,0.006666666666666667
1234611356650812259,2021-07,0.07
2191990606593345695,2021-07,0.03
2191990606593345695,2021-07,0.01
5607900901204647807,2021-07,0.09
7770458886439606839,2021-07,0.03333333333333333
7968118679747232249,2021-07,0.4325
6810366761249506182,2021-07,0.006666666666666667
4121608857053177761,2021-07,0.5141111111111111
1059336566956767188,2021-07,0.02
792560389712312178,2021-07,0.01
792560389712312178,2021-07,0.02666666666666667
8736788139020105764,2021-07,0.79
287529573188507001,2021-07,0.006666666666666667
7330131219998265639,2021-07,0.0033333333333333335
4831988987853936627,2021-07,0.05333333333333334
3279417303675586812,2021-07,0.09333333333333334
7692330898726665144,2021-07,0.0
7692330898726665144,2021-07,0.03
7828430488099134389,2021-07,0.006666666666666667
5429414161455643517,2021-07,0.5433333333333333
3516294920850464913,2021-07,0.013333333333333334
6617479989097680138,2021-07,0.06333333333333334
7031913170099381454,2021-07,0.30333333333333334
7067471043900250355,2021-07,0.06
2380458252615213706,2021-07,0.03333333333333333
3536431875244944563,2021-07,0.39666666666666667
4862285428951244424,2021-07,0.03
3384356870037163810,2021-07,0.03
2179772649873197365,2021-07,0.22333333333333333
6594970822995540982,2021-07,0.03666666666666667
1874387298050692165,2021-07,0.02
2677901391425651891,2021-07,0.06666666666666667
7246466789138290692,2021-07,0.06333333333333334
5993765508162121762,2021-07,0.056666666666666664
1272921915900711149,2021-07,0.09
1272921915900711149,2021-08,0.013333333333333334
2951563549197799278,2021-07,0.15666666666666668
2951563549197799278,2021-07,0.006666666666666667
2951563549197799278,2021-07,0.07
2951563549197799278,2021-08,0.35534126984126974
5166128847048245697,2021-07,0.2633333333333333
5166128847048245697,2021-08,0.01
4537982850248578883,2021-07,0.19666666666666666
4537982850248578883,2021-07,0.03333333333333333
4537982850248578883,2021-07,0.043333333333333335
4537982850248578883,2021-08,0.03
4537982850248578883,2021-08,0.01
4537982850248578883,2021-08,0.006666666666666667
5274777191770957761,2021-07,0.3566666666666667
5274777191770957761,2021-08,0.23333333333333334
2988042199057874759,2021-07,0.03333333333333333
2988042199057874759,2021-07,0.09
2988042199057874759,2021-07,0.0033333333333333335
2988042199057874759,2021-07,0.006666666666666667
2988042199057874759,2021-08,0.03333333333333333
2988042199057874759,2021-08,0.6521296296296296
2988042199057874759,2021-08,0.0033333333333333335
4593070249039532001,2021-07,0.17333333333333334
4593070249039532001,2021-07,0.01577777777777778
4593070249039532001,2021-07,0.013333333333333334
4593070249039532001,2021-08,0.02
924957821424248698,2021-07,0.17
924957821424248698,2021-07,0.08333333333333333
924957821424248698,2021-07,0.0033333333333333335
924957821424248698,2021-07,0.01
924957821424248698,2021-08,0.0
924957821424248698,2021-08,0.03666666666666667
924957821424248698,2021-08,0.01
924957821424248698,2021-08,0.03
968199235777440720,2021-07,0.11333333333333333
968199235777440720,2021-07,0.0
968199235777440720,2021-07,0.016666666666666666
968199235777440720,2021-07,0.13333333333333333
968199235777440720,2021-07,0.03666666666666667
968199235777440720,2021-08,0.023333333333333334
968199235777440720,2021-08,0.023333333333333334
968199235777440720,2021-08,0.013333333333333334
968199235777440720,2021-08,0.25465158915158914
968199235777440720,2021-08,0.023333333333333334
968199235777440720,2021-08,0.03666666666666667
968199235777440720,2021-08,0.14666666666666667
6330043096034525408,2021-07,0.04
6330043096034525408,2021-07,0.01
6330043096034525408,2021-08,0.32
6330043096034525408,2021-08,0.6133333333333333
1637960623843047520,2021-07,0.03
1637960623843047520,2021-07,0.6346666666666667
1637960623843047520,2021-07,0.13
1637960623843047520,2021-07,0.023333333333333334
1637960623843047520,2021-07,0.043333333333333335
1637960623843047520,2021-07,0.05333333333333334
1637960623843047520,2021-08,0.01
1637960623843047520,2021-08,0.0
1637960623843047520,2021-08,0.09666666666666666
1637960623843047520,2021-08,0.02666666666666667
1637960623843047520,2021-08,0.5411111111111112
1477629972594346481,2021-07,0.02666666666666667
1477629972594346481,2021-08,0.0033333333333333335
1477629972594346481,2021-08,0.3226666666666666
1477629972594346481,2021-08,0.0
8733525963966339207,2021-07,0.16
8733525963966339207,2021-07,0.37333333333333335
8733525963966339207,2021-07,0.10666666666666667
8733525963966339207,2021-07,0.10333333333333333
8733525963966339207,2021-07,0.08
8733525963966339207,2021-07,0.013333333333333334
8733525963966339207,2021-07,0.06333333333333334
8733525963966339207,2021-08,0.07666666666666666
8733525963966339207,2021-08,0.14
8733525963966339207,2021-08,0.425
8733525963966339207,2021-08,0.016666666666666666
2554972344348383830,2021-07,0.0
2771214050521171719,2021-07,0.11666666666666667
2771214050521171719,2021-07,0.03
2771214050521171719,2021-07,0.01
2771214050521171719,2021-07,0.006666666666666667
2771214050521171719,2021-07,0.03
2771214050521171719,2021-08,0.01
2771214050521171719,2021-08,0.02666666666666667
2658946240987854807,2021-07,0.2633333333333333
2658946240987854807,2021-07,0.016666666666666666
2658946240987854807,2021-07,0.016666666666666666
2658946240987854807,2021-07,0.016666666666666666
2658946240987854807,2021-08,0.01
6547707428090179960,2021-07,0.04666666666666667
6547707428090179960,2021-07,0.043333333333333335
6547707428090179960,2021-07,0.0033333333333333335
6547707428090179960,2021-08,0.013333333333333334
8662923640484889291,2021-07,0.12333333333333334
8662923640484889291,2021-07,0.03
6582676833651678345,2021-07,0.25666666666666665
6582676833651678345,2021-07,0.09
6582676833651678345,2021-08,0.043333333333333335
6582676833651678345,2021-08,0.02
6582676833651678345,2021-08,0.02666666666666667
6582676833651678345,2021-08,0.0
6582676833651678345,2021-08,0.0
6582676833651678345,2021-08,0.02
2532435113844289043,2021-07,0.3433333333333333
2532435113844289043,2021-07,0.17333333333333334
2532435113844289043,2021-07,0.006666666666666667
2532435113844289043,2021-07,0.016666666666666666
2532435113844289043,2021-07,0.03166666666666667
2532435113844289043,2021-08,0.04666666666666667
2532435113844289043,2021-08,0.0033333333333333335
2532435113844289043,2021-08,0.07
2532435113844289043,2021-08,0.006666666666666667
8889055492416898333,2021-07,0.11
8889055492416898333,2021-08,0.013333333333333334
8889055492416898333,2021-08,0.03
8889055492416898333,2021-08,0.08666666666666667
8889055492416898333,2021-08,0.013333333333333334
1678680306005074426,2021-07,0.15333333333333332
6916556752218696485,2021-07,0.15666666666666668
6916556752218696485,2021-07,0.10333333333333333
6916556752218696485,2021-07,0.043333333333333335
6916556752218696485,2021-07,0.05333333333333334
6916556752218696485,2021-07,0.05333333333333334
6916556752218696485,2021-07,0.07333333333333333
6916556752218696485,2021-07,0.03
6916556752218696485,2021-07,0.03244444444444445
6916556752218696485,2021-07,0.029111111111111115
6916556752218696485,2021-07,0.014444444444444444
6916556752218696485,2021-07,0.03
6916556752218696485,2021-07,0.03666666666666667
6916556752218696485,2021-08,0.02666666666666667
6916556752218696485,2021-08,0.013333333333333334
6916556752218696485,2021-08,0.02
6916556752218696485,2021-08,0.07333333333333333
6916556752218696485,2021-08,0.0033333333333333335
6916556752218696485,2021-08,0.006666666666666667
6916556752218696485,2021-08,0.03
6916556752218696485,2021-08,0.0033333333333333335
6916556752218696485,2021-08,0.013333333333333334
6367769402148499693,2021-07,0.09333333333333334
6367769402148499693,2021-07,0.006666666666666667
6367769402148499693,2021-08,0.023333333333333334
1192891347324061812,2021-07,0.13666666666666666
1192891347324061812,2021-07,0.016666666666666666
1192891347324061812,2021-07,0.02666666666666667
1192891347324061812,2021-08,0.06
1192891347324061812,2021-08,0.023333333333333334
524026009392362402,2021-07,0.13666666666666666
524026009392362402,2021-07,0.06333333333333334
8609938720215175911,2021-07,0.02666666666666667
8609938720215175911,2021-07,0.016666666666666666
8609938720215175911,2021-07,0.043333333333333335
8609938720215175911,2021-08,0.0033333333333333335
8609938720215175911,2021-08,0.0
8609938720215175911,2021-08,0.0
5122095358293179297,2021-07,0.05
5122095358293179297,2021-08,0.0
5122095358293179297,2021-08,0.01
499242942549937267,2021-07,0.11
499242942549937267,2021-07,0.14333333333333334
499242942549937267,2021-07,0.03666666666666667
499242942549937267,2021-07,0.02666666666666667
499242942549937267,2021-07,0.02
499242942549937267,2021-07,0.09333333333333334
499242942549937267,2021-07,0.12333333333333334
499242942549937267,2021-07,0.02
499242942549937267,2021-08,0.14
499242942549937267,2021-08,0.013333333333333334
499242942549937267,2021-08,0.023333333333333334
499242942549937267,2021-08,0.09333333333333334
4900073965147412482,2021-07,0.06
1617695035450525647,2021-07,0.07666666666666666
1617695035450525647,2021-07,0.06333333333333334
1617695035450525647,2021-07,0.056666666666666664
1617695035450525647,2021-07,0.0
1617695035450525647,2021-07,0.0033333333333333335
1617695035450525647,2021-07,0.0
1617695035450525647,2021-07,0.03333333333333333
1617695035450525647,2021-07,0.16166666666666665
1617695035450525647,2021-07,0.02
1617695035450525647,2021-07,0.07333333333333333
1617695035450525647,2021-08,0.18
1617695035450525647,2021-08,0.016666666666666666
1617695035450525647,2021-08,0.04
1617695035450525647,2021-08,0.12
1617695035450525647,2021-08,0.20666666666666667
1617695035450525647,2021-08,0.03333333333333333
1617695035450525647,2021-08,0.01
1617695035450525647,2021-08,0.016666666666666666
1617695035450525647,2021-08,0.0033333333333333335
1617695035450525647,2021-08,0.0033333333333333335
340285351737204923,2021-07,0.04666666666666667
340285351737204923,2021-07,0.05333333333333334
340285351737204923,2021-07,0.006666666666666667
340285351737204923,2021-07,0.02
340285351737204923,2021-08,0.0033333333333333335
340285351737204923,2021-08,0.07
6271697692808086495,2021-07,0.03666666666666667
6271697692808086495,2021-07,0.08333333333333333
6271697692808086495,2021-07,0.02666666666666667
6271697692808086495,2021-07,0.016666666666666666
6271697692808086495,2021-07,0.03
6271697692808086495,2021-08,0.056666666666666664
6271697692808086495,2021-08,0.03333333333333333
6271697692808086495,2021-08,0.22666666666666666
6271697692808086495,2021-08,0.07
49632905576538927,2021-07,0.10333333333333333
1117184216453911295,2021-07,0.2866666666666667
1117184216453911295,2021-07,0.013333333333333334
1117184216453911295,2021-08,0.3933333333333333
1117184216453911295,2021-08,0.44381083731083737
4104959289203999917,2021-07,0.15
4104959289203999917,2021-07,0.19666666666666666
2943087245123311166,2021-07,0.08333333333333333
2943087245123311166,2021-07,0.016666666666666666
2943087245123311166,2021-08,0.01
2943087245123311166,2021-08,0.023333333333333334
621182491555347581,2021-07,0.13666666666666666
621182491555347581,2021-07,0.26
621182491555347581,2021-07,0.05
621182491555347581,2021-07,0.02
621182491555347581,2021-07,0.0
621182491555347581,2021-08,0.03
621182491555347581,2021-08,0.0033333333333333335
621182491555347581,2021-08,0.08666666666666667
4995217181024687397,2021-07,0.05
4995217181024687397,2021-07,0.03333333333333333
4995217181024687397,2021-07,0.0013333333333333335
4995217181024687397,2021-08,0.013333333333333334
4995217181024687397,2021-08,0.02
4995217181024687397,2021-08,0.02666666666666667
4995217181024687397,2021-08,0.0
7458891296671174680,2021-07,0.07666666666666666
7231408738455755015,2021-07,0.02
7231408738455755015,2021-07,0.056666666666666664
7231408738455755015,2021-07,0.043333333333333335
7231408738455755015,2021-08,0.4447853072853073
7231408738455755015,2021-08,0.02
8536031856585966123,2021-07,0.13
8536031856585966123,2021-08,0.02
7535160686416710323,2021-07,0.42333333333333334
7535160686416710323,2021-07,0.056666666666666664
7535160686416710323,2021-08,0.0033333333333333335
7908414709866823255,2021-07,0.11666666666666667
7908414709866823255,2021-07,0.02666666666666667
7908414709866823255,2021-07,0.07
7908414709866823255,2021-08,0.0
7908414709866823255,2021-08,0.043333333333333335
7289435138601868544,2021-07,0.14666666666666667
7289435138601868544,2021-07,0.03
7289435138601868544,2021-08,0.20666666666666667
7289435138601868544,2021-08,0.09
6198047969028248384,2021-07,0.06666666666666667
6198047969028248384,2021-08,0.02
6198047969028248384,2021-08,0.5955555555555555
3283662016127058429,2021-07,0.01
3283662016127058429,2021-08,0.0
417157680860985231,2021-07,0.19
417157680860985231,2021-07,0.03
417157680860985231,2021-08,0.0033333333333333335
417157680860985231,2021-08,0.0033333333333333335
417157680860985231,2021-08,0.01
5301988619224057921,2021-07,0.6772222222222222
5301988619224057921,2021-07,0.02666666666666667
5301988619224057921,2021-07,0.02666666666666667
5301988619224057921,2021-07,0.016666666666666666
5301988619224057921,2021-07,0.7033333333333334
5301988619224057921,2021-08,0.3781111111111111
8926565682509268383,2021-07,0.15333333333333332
8926565682509268383,2021-07,0.04
8926565682509268383,2021-07,0.01
8926565682509268383,2021-07,0.013333333333333334
8926565682509268383,2021-07,0.056666666666666664
8926565682509268383,2021-07,0.03
8926565682509268383,2021-07,0.0
8926565682509268383,2021-08,0.03333333333333333
8926565682509268383,2021-08,0.016666666666666666
8926565682509268383,2021-08,0.0033333333333333335
8926565682509268383,2021-08,0.016666666666666666
7722287846688771887,2021-07,0.13666666666666666
7722287846688771887,2021-08,0.0
5993765508162121762,2021-07,0.09666666666666666
5993765508162121762,2021-08,0.0033333333333333335
5993765508162121762,2021-08,0.006666666666666667
2033394215069562776,2021-07,0.013333333333333334
2033394215069562776,2021-07,0.08333333333333333
2033394215069562776,2021-07,0.01
2033394215069562776,2021-07,0.0
6053752047545474051,2021-07,0.18333333333333332
6053752047545474051,2021-07,0.0
6053752047545474051,2021-07,0.02
6053752047545474051,2021-07,0.05333333333333334
6053752047545474051,2021-07,0.02666666666666667
6053752047545474051,2021-07,0.013333333333333334
6053752047545474051,2021-07,0.02744444444444444
6053752047545474051,2021-07,0.02666666666666667
6053752047545474051,2021-08,0.016666666666666666
6053752047545474051,2021-08,0.013333333333333334
6053752047545474051,2021-08,0.04666666666666667
6053752047545474051,2021-08,0.013333333333333334
6053752047545474051,2021-08,0.0
6053752047545474051,2021-08,0.0033333333333333335
2302464746243069589,2021-07,0.016666666666666666
2302464746243069589,2021-08,0.013333333333333334
2302464746243069589,2021-08,0.0
5577659616907513811,2021-07,0.25666666666666665
5577659616907513811,2021-07,0.016666666666666666
5577659616907513811,2021-07,0.04
5577659616907513811,2021-07,0.10877777777777775
5577659616907513811,2021-08,0.05333333333333334
5577659616907513811,2021-08,0.09333333333333334
3970572142453508637,2021-07,0.05
3970572142453508637,2021-07,0.03
3970572142453508637,2021-08,0.03666666666666667
3970572142453508637,2021-08,0.2845820105820106
234898976850399181,2021-07,0.1
234898976850399181,2021-07,0.07333333333333333
234898976850399181,2021-08,0.023333333333333334
511305041047444825,2021-07,0.24
511305041047444825,2021-07,0.0
2408009918678280470,2021-07,0.06666666666666667
2408009918678280470,2021-07,0.006666666666666667
2408009918678280470,2021-07,0.07333333333333333
2408009918678280470,2021-07,0.03666666666666667
2408009918678280470,2021-07,0.12
2408009918678280470,2021-07,0.016666666666666666
2408009918678280470,2021-07,0.043333333333333335
2408009918678280470,2021-08,0.10666666666666667
2408009918678280470,2021-08,0.006666666666666667
2408009918678280470,2021-08,0.0
2408009918678280470,2021-08,0.0
2408009918678280470,2021-08,0.01
2408009918678280470,2021-08,0.04
2408009918678280470,2021-08,0.016666666666666666
1891145854263312840,2021-07,0.53
1891145854263312840,2021-07,0.056666666666666664
1891145854263312840,2021-08,0.6833333333333333
1891145854263312840,2021-08,0.30333333333333334
4187591029730357479,2021-07,0.14333333333333334
1192810733461560329,2021-07,0.056666666666666664
4347826483121154490,2021-07,0.01
4347826483121154490,2021-07,0.02
4347826483121154490,2021-07,0.02
4347826483121154490,2021-07,0.03333333333333333
4347826483121154490,2021-07,0.03666666666666667
4347826483121154490,2021-07,0.02666666666666667
4347826483121154490,2021-07,0.056666666666666664
4347826483121154490,2021-07,0.0033333333333333335
4347826483121154490,2021-07,0.023333333333333334
4347826483121154490,2021-07,0.013333333333333334
4347826483121154490,2021-08,0.05333333333333334
4347826483121154490,2021-08,0.02666666666666667
4347826483121154490,2021-08,0.01
4347826483121154490,2021-08,0.02
4347826483121154490,2021-08,0.02
4347826483121154490,2021-08,0.0
4347826483121154490,2021-08,0.0
4347826483121154490,2021-08,0.013333333333333334
4347826483121154490,2021-08,0.0
5462970244186515758,2021-07,0.13666666666666666
5462970244186515758,2021-07,0.06
5462970244186515758,2021-07,0.09333333333333334
5462970244186515758,2021-07,0.023333333333333334
5462970244186515758,2021-07,0.0
5462970244186515758,2021-07,0.013333333333333334
5462970244186515758,2021-07,0.0
5462970244186515758,2021-08,0.013333333333333334
5462970244186515758,2021-08,0.01
5462970244186515758,2021-08,0.2783333333333333
5462970244186515758,2021-08,0.023333333333333334
3698481516392183789,2021-07,0.16333333333333333
4365965554261111250,2021-07,0.03
4365965554261111250,2021-07,0.043333333333333335
4365965554261111250,2021-07,0.016666666666666666
4365965554261111250,2021-07,0.006666666666666667
4365965554261111250,2021-07,0.02
4365965554261111250,2021-07,0.0
459290606780222306,2021-07,0.09
459290606780222306,2021-07,0.06333333333333334
459290606780222306,2021-07,0.06
459290606780222306,2021-07,0.04
459290606780222306,2021-07,0.03666666666666667
459290606780222306,2021-07,0.043333333333333335
459290606780222306,2021-08,0.03333333333333333
459290606780222306,2021-08,0.03666666666666667
459290606780222306,2021-08,0.016666666666666666
459290606780222306,2021-08,0.043333333333333335
459290606780222306,2021-08,0.05333333333333334
459290606780222306,2021-08,0.023333333333333334
459290606780222306,2021-08,0.016666666666666666
459290606780222306,2021-08,0.03666666666666667
459290606780222306,2021-08,0.006666666666666667
459290606780222306,2021-08,0.0033333333333333335
6061850657256270336,2021-07,0.19666666666666666
6061850657256270336,2021-07,0.013333333333333334
6061850657256270336,2021-07,0.0
5714540197488862003,2021-07,0.06666666666666667
5714540197488862003,2021-08,0.7330740740740741
5714540197488862003,2021-08,0.0
4679462479444735708,2021-07,0.3333333333333333
4679462479444735708,2021-07,0.0033333333333333335
4679462479444735708,2021-07,0.06666666666666667
4679462479444735708,2021-07,0.05
4679462479444735708,2021-07,0.02
4679462479444735708,2021-07,0.006666666666666667
4679462479444735708,2021-08,0.3226666666666666
4679462479444735708,2021-08,0.006666666666666667
4679462479444735708,2021-08,0.023333333333333334
4679462479444735708,2021-08,0.006666666666666667
4679462479444735708,2021-08,0.0033333333333333335
4679462479444735708,2021-08,0.0
4723919748432185874,2021-07,0.1
4723919748432185874,2021-07,0.043333333333333335
4723919748432185874,2021-07,0.0
4723919748432185874,2021-08,0.0033333333333333335
4723919748432185874,2021-08,0.0
4018182555897034052,2021-07,0.06666666666666667
4018182555897034052,2021-07,0.01
4018182555897034052,2021-08,0.043333333333333335
4018182555897034052,2021-08,0.02
4018182555897034052,2021-08,0.013333333333333334
4018182555897034052,2021-08,0.0
4018182555897034052,2021-08,0.0033333333333333335
4018182555897034052,2021-08,0.05333333333333334
4850936440093751199,2021-07,0.19666666666666666
4850936440093751199,2021-08,0.0
4850936440093751199,2021-08,0.02666666666666667
5897410907783139228,2021-07,0.07333333333333333
5897410907783139228,2021-08,0.01
5897410907783139228,2021-08,0.01
5761480994209806499,2021-07,0.03333333333333333
5761480994209806499,2021-07,0.03
5761480994209806499,2021-07,0.023333333333333334
5761480994209806499,2021-07,0.08333333333333333
5761480994209806499,2021-07,0.02666666666666667
5761480994209806499,2021-07,0.0016666666666666668
5761480994209806499,2021-07,0.01
5761480994209806499,2021-07,0.016666666666666666
5761480994209806499,2021-07,0.016666666666666666
5761480994209806499,2021-07,0.06333333333333334
5761480994209806499,2021-07,0.0
5761480994209806499,2021-08,0.013333333333333334
5761480994209806499,2021-08,0.0
5761480994209806499,2021-08,0.0
5761480994209806499,2021-08,0.013333333333333334
5761480994209806499,2021-08,0.0
5761480994209806499,2021-08,0.013333333333333334
5761480994209806499,2021-08,0.0
5761480994209806499,2021-08,0.0033333333333333335
5761480994209806499,2021-08,0.016666666666666666
5761480994209806499,2021-08,0.02
5761480994209806499,2021-08,0.006666666666666667
5761480994209806499,2021-08,0.0
5761480994209806499,2021-08,0.01
5761480994209806499,2021-08,0.0033333333333333335
5761480994209806499,2021-08,0.0
5761480994209806499,2021-08,0.0
5761480994209806499,2021-08,0.0033333333333333335
5761480994209806499,2021-08,0.0033333333333333335
5761480994209806499,2021-08,0.006666666666666667
5893903674205161232,2021-07,0.09666666666666666
5893903674205161232,2021-08,0.02
1182975716201409626,2021-07,0.016666666666666666
1182975716201409626,2021-07,0.06666666666666667
1182975716201409626,2021-08,0.02
1182975716201409626,2021-08,0.02666666666666667
1182975716201409626,2021-08,0.023333333333333334
1182975716201409626,2021-08,0.0
1182975716201409626,2021-08,0.006666666666666667
819552547620904652,2021-07,0.05
819552547620904652,2021-07,0.056666666666666664
819552547620904652,2021-07,0.0033333333333333335
819552547620904652,2021-07,0.013333333333333334
819552547620904652,2021-08,0.02666666666666667
1366416810235233769,2021-07,0.09
1366416810235233769,2021-07,0.006666666666666667
1366416810235233769,2021-08,0.01
1661240395903230676,2021-07,0.18
1661240395903230676,2021-07,0.043333333333333335
1661240395903230676,2021-07,0.01
1661240395903230676,2021-07,0.05333333333333334
8041261093764417881,2021-07,0.14333333333333334
8041261093764417881,2021-07,0.02666666666666667
8041261093764417881,2021-07,0.0
8041261093764417881,2021-08,0.013333333333333334
8041261093764417881,2021-08,0.023333333333333334
8041261093764417881,2021-08,0.0
8041261093764417881,2021-08,0.016666666666666666
761746217261797478,2021-07,0.14333333333333334
761746217261797478,2021-07,0.03333333333333333
761746217261797478,2021-07,0.016666666666666666
761746217261797478,2021-08,0.0
761746217261797478,2021-08,0.40217947330447334
761746217261797478,2021-08,0.023333333333333334
7120090169052575663,2021-07,0.14666666666666667
7120090169052575663,2021-07,0.03333333333333333
7120090169052575663,2021-08,0.0
7120090169052575663,2021-08,0.0033333333333333335
5735794880899687600,2021-07,0.05333333333333334
5735794880899687600,2021-08,0.04666666666666667
5757271354816214865,2021-07,0.24666666666666667
5757271354816214865,2021-07,0.03
5757271354816214865,2021-07,0.04
5757271354816214865,2021-07,0.04
5757271354816214865,2021-07,0.056666666666666664
5757271354816214865,2021-07,0.03333333333333333
5757271354816214865,2021-07,0.05333333333333334
5757271354816214865,2021-07,0.013333333333333334
5757271354816214865,2021-07,0.006666666666666667
5757271354816214865,2021-07,0.006666666666666667
5757271354816214865,2021-07,0.05333333333333334
5757271354816214865,2021-07,0.056666666666666664
5757271354816214865,2021-08,0.03333333333333333
5757271354816214865,2021-08,0.21333333333333335
5757271354816214865,2021-08,0.5145555555555554
5757271354816214865,2021-08,0.016666666666666666
5757271354816214865,2021-08,0.016666666666666666
5757271354816214865,2021-08,0.0
5757271354816214865,2021-08,0.0033333333333333335
5757271354816214865,2021-08,0.01
5757271354816214865,2021-08,0.09666666666666666
5757271354816214865,2021-08,0.0
5757271354816214865,2021-08,0.006666666666666667
5757271354816214865,2021-08,0.006666666666666667
5757271354816214865,2021-08,0.0033333333333333335
5757271354816214865,2021-08,0.013333333333333334
5757271354816214865,2021-08,0.0
5757271354816214865,2021-08,0.02
5757271354816214865,2021-08,0.02666666666666667
2808145376905474927,2021-07,0.006666666666666667
2808145376905474927,2021-07,0.01
2808145376905474927,2021-07,0.006666666666666667
2808145376905474927,2021-08,0.02666666666666667
3279417303675586812,2021-07,0.02
3279417303675586812,2021-07,0.03333333333333333
5481711897502154955,2021-07,0.03
5481711897502154955,2021-07,0.02666666666666667
5481711897502154955,2021-08,0.12666666666666668
5481711897502154955,2021-08,0.02
5481711897502154955,2021-08,0.02
2083323809219952960,2021-07,0.043333333333333335
2083323809219952960,2021-07,0.09666666666666666
2083323809219952960,2021-07,0.13666666666666666
2083323809219952960,2021-07,0.04
2083323809219952960,2021-07,0.01
2083323809219952960,2021-08,0.1
2083323809219952960,2021-08,0.14333333333333334
2083323809219952960,2021-08,0.06666666666666667
2083323809219952960,2021-08,0.006666666666666667
2083323809219952960,2021-08,0.03
8596605705893456305,2021-07,0.699
8596605705893456305,2021-07,0.07
8596605705893456305,2021-08,0.0033333333333333335
2451708306555441014,2021-07,0.016666666666666666
2451708306555441014,2021-07,0.04
2451708306555441014,2021-07,0.02666666666666667
2451708306555441014,2021-08,0.11
4342146186255136598,2021-07,0.10333333333333333
4342146186255136598,2021-07,0.0
4342146186255136598,2021-08,0.02
4342146186255136598,2021-08,0.02
4342146186255136598,2021-08,0.013333333333333334
4342146186255136598,2021-08,0.0
4342146186255136598,2021-08,0.013333333333333334
4342146186255136598,2021-08,0.03666666666666667
4342146186255136598,2021-08,0.0
4342146186255136598,2021-08,0.0
4342146186255136598,2021-08,0.02666666666666667
4342146186255136598,2021-08,0.02
7779268298304613772,2021-07,0.15666666666666668
7779268298304613772,2021-07,0.06
7779268298304613772,2021-08,0.2589444444444445
7779268298304613772,2021-08,0.02666666666666667
7779268298304613772,2021-08,0.05
7779268298304613772,2021-08,0.25333333333333335
7779268298304613772,2021-08,0.016666666666666666
7779268298304613772,2021-08,0.013333333333333334
7779268298304613772,2021-08,0.03666666666666667
7779268298304613772,2021-08,0.03
3480297543931395935,2021-07,0.21666666666666667
3480297543931395935,2021-08,0.4055555555555555
8185063234515056194,2021-07,0.10666666666666667
8185063234515056194,2021-07,0.006666666666666667
8185063234515056194,2021-07,0.015
8185063234515056194,2021-08,0.02
8185063234515056194,2021-08,0.016666666666666666
8185063234515056194,2021-08,0.03333333333333333
8939476669690489534,2021-07,0.2
8939476669690489534,2021-07,0.11666666666666667
8939476669690489534,2021-07,0.09666666666666666
8939476669690489534,2021-08,0.02
4831939798545673038,2021-07,0.15666666666666668
4831939798545673038,2021-07,0.023333333333333334
4831939798545673038,2021-08,0.043333333333333335
3822753345985951756,2021-07,0.016666666666666666
3822753345985951756,2021-07,0.03
3822753345985951756,2021-08,0.0033333333333333335
3822753345985951756,2021-08,0.0
5794903898038236832,2021-07,0.14
5794903898038236832,2021-07,0.12333333333333334
5794903898038236832,2021-07,0.20666666666666667
5794903898038236832,2021-07,0.08333333333333333
5794903898038236832,2021-08,0.02666666666666667
5794903898038236832,2021-08,0.013333333333333334
5794903898038236832,2021-08,0.16333333333333333
5409960473983330744,2021-07,0.023333333333333334
5409960473983330744,2021-08,0.0033333333333333335
5611787644735474299,2021-07,0.023333333333333334
5611787644735474299,2021-07,0.016666666666666666
5611787644735474299,2021-07,0.05
5611787644735474299,2021-07,0.014444444444444447
5611787644735474299,2021-07,0.011666666666666667
5611787644735474299,2021-07,0.04666666666666667
5611787644735474299,2021-07,0.0033333333333333335
5611787644735474299,2021-07,0.0033333333333333335
5611787644735474299,2021-07,0.0033333333333333335
5611787644735474299,2021-07,0.03333333333333333
5611787644735474299,2021-08,0.013333333333333334
5611787644735474299,2021-08,0.0033333333333333335
5611787644735474299,2021-08,0.0
5611787644735474299,2021-08,0.0
5611787644735474299,2021-08,0.16666666666666666
5611787644735474299,2021-08,0.02
5611787644735474299,2021-08,0.056666666666666664
4045739494965095560,2021-07,0.03
4045739494965095560,2021-07,0.006666666666666667
4045739494965095560,2021-07,0.056666666666666664
4045739494965095560,2021-07,0.06
4045739494965095560,2021-07,0.013333333333333334
4045739494965095560,2021-07,0.2
4045739494965095560,2021-07,0.28
4045739494965095560,2021-07,0.0
4045739494965095560,2021-08,0.04666666666666667
4045739494965095560,2021-08,0.22666666666666666
4045739494965095560,2021-08,0.013333333333333334
4045739494965095560,2021-08,0.013333333333333334
4045739494965095560,2021-08,0.0033333333333333335
4045739494965095560,2021-08,0.016666666666666666
4045739494965095560,2021-08,0.0033333333333333335
4045739494965095560,2021-08,0.01
4045739494965095560,2021-08,0.03
4045739494965095560,2021-08,0.013333333333333334
4045739494965095560,2021-08,0.006666666666666667
7628167057144760589,2021-07,0.01
7628167057144760589,2021-07,0.023333333333333334
7628167057144760589,2021-07,0.013333333333333334
7628167057144760589,2021-08,0.0
6030285068945261052,2021-07,0.07
6030285068945261052,2021-08,0.0033333333333333335
6030285068945261052,2021-08,0.0033333333333333335
6030285068945261052,2021-08,0.16666666666666666
8828303152301461681,2021-07,0.013333333333333334
8828303152301461681,2021-07,0.056666666666666664
8828303152301461681,2021-08,0.04
2929243640075785940,2021-07,0.006666666666666667
2929243640075785940,2021-07,0.0
2929243640075785940,2021-07,0.0033333333333333335
2929243640075785940,2021-07,0.016666666666666666
2929243640075785940,2021-08,0.01
3248432590399829766,2021-07,0.07
3248432590399829766,2021-07,0.0033333333333333335
3248432590399829766,2021-07,0.11333333333333333
3248432590399829766,2021-08,0.0033333333333333335
7613717984547031729,2021-07,0.023333333333333334
7613717984547031729,2021-08,0.01
7613717984547031729,2021-08,0.01
7613717984547031729,2021-08,0.0
7613717984547031729,2021-08,0.0
7613717984547031729,2021-08,0.016666666666666666
8570963260597299378,2021-07,0.016666666666666666
8570963260597299378,2021-07,0.02
8570963260597299378,2021-07,0.01
8570963260597299378,2021-07,0.006666666666666667
8570963260597299378,2021-08,0.0
1953058402621337677,2021-07,0.02
1953058402621337677,2021-07,0.04
1953058402621337677,2021-07,0.023333333333333334
1953058402621337677,2021-07,0.025
1953058402621337677,2021-07,0.043333333333333335
1953058402621337677,2021-08,0.06333333333333334
1953058402621337677,2021-08,0.06333333333333334
1953058402621337677,2021-08,0.08
1953058402621337677,2021-08,0.03
8911073840712901131,2021-07,0.01
9156666134024889730,2021-07,0.016666666666666666
1033361676287635885,2021-07,0.03333333333333333
1033361676287635885,2021-07,0.03
1033361676287635885,2021-07,0.13666666666666666
2397171153213063761,2021-07,0.013333333333333334
2397171153213063761,2021-07,0.023333333333333334
2397171153213063761,2021-07,0.02666666666666667
2397171153213063761,2021-08,0.01
2397171153213063761,2021-08,0.02666666666666667
2397171153213063761,2021-08,0.0033333333333333335
2397171153213063761,2021-08,0.02
2397171153213063761,2021-08,0.013333333333333334
2397171153213063761,2021-08,0.016666666666666666
2397171153213063761,2021-08,0.01
2397171153213063761,2021-08,0.07333333333333333
3156852928909455203,2021-07,0.006666666666666667
3156852928909455203,2021-07,0.03
3156852928909455203,2021-08,0.01
3156852928909455203,2021-08,0.01
3156852928909455203,2021-08,0.006666666666666667
1507697130807703164,2021-07,0.03
1507697130807703164,2021-08,0.013333333333333334
1507697130807703164,2021-08,0.013333333333333334
5799279645678609726,2021-07,0.05
8512214463586144353,2021-07,0.02666666666666667
8512214463586144353,2021-08,0.0033333333333333335
8213533889694327948,2021-07,0.16666666666666666
8213533889694327948,2021-07,0.05
8213533889694327948,2021-07,0.056666666666666664
8213533889694327948,2021-07,0.056666666666666664
8213533889694327948,2021-07,0.04
8213533889694327948,2021-07,0.013333333333333334
8213533889694327948,2021-08,0.3535079365079365
8213533889694327948,2021-08,0.0033333333333333335
8213533889694327948,2021-08,0.08333333333333333
2535803443850893368,2021-07,0.04666666666666667
2535803443850893368,2021-08,0.0033333333333333335
7770458886439606839,2021-07,0.16333333333333333
7770458886439606839,2021-08,0.016666666666666666
1156053485989336481,2021-07,0.03
1156053485989336481,2021-07,0.16
1156053485989336481,2021-07,0.01
1156053485989336481,2021-08,0.04666666666666667
1156053485989336481,2021-08,0.01
1156053485989336481,2021-08,0.023333333333333334
1156053485989336481,2021-08,0.013333333333333334
1156053485989336481,2021-08,0.006666666666666667
1156053485989336481,2021-08,0.04
1156053485989336481,2021-08,0.09666666666666666
1156053485989336481,2021-08,0.14333333333333334
1156053485989336481,2021-08,0.06333333333333334
1156053485989336481,2021-08,0.07333333333333333
1156053485989336481,2021-08,0.07333333333333333
1156053485989336481,2021-08,0.02666666666666667
1156053485989336481,2021-08,0.02666666666666667
1156053485989336481,2021-08,0.03
1156053485989336481,2021-08,0.02666666666666667
1156053485989336481,2021-08,0.006666666666666667
1156053485989336481,2021-08,0.016666666666666666
7215093571368368138,2021-07,0.05333333333333334
7215093571368368138,2021-07,0.02666666666666667
7215093571368368138,2021-07,0.03666666666666667
7215093571368368138,2021-07,0.11
7215093571368368138,2021-07,0.006666666666666667
7215093571368368138,2021-07,0.03666666666666667
7215093571368368138,2021-07,0.0033333333333333335
7215093571368368138,2021-08,0.09
7215093571368368138,2021-08,0.04
7215093571368368138,2021-08,0.05333333333333334
1711114950158155307,2021-07,0.01
6242636379248496392,2021-07,0.006666666666666667
6242636379248496392,2021-07,0.02
6242636379248496392,2021-07,0.09333333333333334
6242636379248496392,2021-08,0.08666666666666667
6242636379248496392,2021-08,0.0
6242636379248496392,2021-08,0.02
274692171162531764,2021-07,0.01
274692171162531764,2021-07,0.006666666666666667
274692171162531764,2021-07,0.006666666666666667
274692171162531764,2021-07,0.02
274692171162531764,2021-07,0.16666666666666666
274692171162531764,2021-08,0.03
274692171162531764,2021-08,0.11666666666666667
274692171162531764,2021-08,0.08666666666666667
274692171162531764,2021-08,0.016666666666666666
274692171162531764,2021-08,0.04666666666666667
3228830386980584958,2021-07,0.013333333333333334
3228830386980584958,2021-07,0.043333333333333335
3228830386980584958,2021-08,0.0
3228830386980584958,2021-08,0.016666666666666666
1454789421854453615,2021-07,0.013333333333333334
1454789421854453615,2021-07,0.09333333333333334
1454789421854453615,2021-07,0.02
1454789421854453615,2021-07,0.023333333333333334
1454789421854453615,2021-07,0.04
1454789421854453615,2021-07,0.03333333333333333
1454789421854453615,2021-08,0.023333333333333334
1454789421854453615,2021-08,0.04
1454789421854453615,2021-08,0.0033333333333333335
1454789421854453615,2021-08,0.22666666666666666
6545052034269841737,2021-07,0.03666666666666667
6545052034269841737,2021-07,0.03333333333333333
6545052034269841737,2021-07,0.016666666666666666
6545052034269841737,2021-07,0.02
6545052034269841737,2021-08,0.03666666666666667
6545052034269841737,2021-08,0.0
6545052034269841737,2021-08,0.0033333333333333335
6545052034269841737,2021-08,0.0
6545052034269841737,2021-08,0.0
7457803471605010846,2021-07,0.01
7457803471605010846,2021-07,0.04833333333333333
7457803471605010846,2021-07,0.03666666666666667
7457803471605010846,2021-08,0.01
7457803471605010846,2021-08,0.02
7457803471605010846,2021-08,0.013333333333333334
8716163053080758848,2021-07,0.01
8716163053080758848,2021-07,0.006666666666666667
8716163053080758848,2021-07,0.006666666666666667
8716163053080758848,2021-07,0.006666666666666667
8716163053080758848,2021-07,0.035
8716163053080758848,2021-07,0.045
8716163053080758848,2021-08,0.0
8716163053080758848,2021-08,0.013333333333333334
8716163053080758848,2021-08,0.006666666666666667
8716163053080758848,2021-08,0.013333333333333334
8716163053080758848,2021-08,0.0
8716163053080758848,2021-08,0.006666666666666667
8716163053080758848,2021-08,0.006666666666666667
8107542605807471599,2021-07,0.03666666666666667
8107542605807471599,2021-07,0.03333333333333333
8107542605807471599,2021-08,0.03333333333333333
5176940320835464459,2021-07,0.013333333333333334
5176940320835464459,2021-07,0.14333333333333334
5176940320835464459,2021-07,0.01
5176940320835464459,2021-07,0.0
5176940320835464459,2021-07,0.14
5176940320835464459,2021-07,0.0
5176940320835464459,2021-07,0.013333333333333334
5176940320835464459,2021-07,0.0
5176940320835464459,2021-07,0.0
5176940320835464459,2021-08,0.0
5176940320835464459,2021-08,0.0033333333333333335
5176940320835464459,2021-08,0.006666666666666667
5176940320835464459,2021-08,0.03666666666666667
5176940320835464459,2021-08,0.0
5176940320835464459,2021-08,0.016666666666666666
5303720405946805990,2021-07,0.14333333333333334
5303720405946805990,2021-07,0.014666666666666668
5303720405946805990,2021-08,0.03
2347028805684088098,2021-07,0.11
2347028805684088098,2021-07,0.02666666666666667
2347028805684088098,2021-07,0.01
2347028805684088098,2021-08,0.02
2347028805684088098,2021-08,0.04
2347028805684088098,2021-08,0.02666666666666667
2347028805684088098,2021-08,0.03
2347028805684088098,2021-08,0.02
3118152790263512426,2021-07,0.056666666666666664
3118152790263512426,2021-07,0.15333333333333332
3118152790263512426,2021-07,0.0
3118152790263512426,2021-07,0.0033333333333333335
3118152790263512426,2021-08,0.08
968400235888951633,2021-07,0.25666666666666665
968400235888951633,2021-08,0.03333333333333333
968400235888951633,2021-08,0.023333333333333334
3888528635045328222,2021-07,0.07333333333333333
3888528635045328222,2021-07,0.12666666666666668
3888528635045328222,2021-07,0.04
3888528635045328222,2021-07,0.02
3888528635045328222,2021-07,0.006666666666666667
3888528635045328222,2021-08,0.023333333333333334
3888528635045328222,2021-08,0.3226666666666666
6118873739225005756,2021-07,0.01
6118873739225005756,2021-08,0.0
3931892303497206092,2021-07,0.03333333333333333
3931892303497206092,2021-08,0.0033333333333333335
3931892303497206092,2021-08,0.0033333333333333335
3931892303497206092,2021-08,0.006666666666666667
3931892303497206092,2021-08,0.0033333333333333335
3931892303497206092,2021-08,0.0033333333333333335
8529899700094903171,2021-07,0.06333333333333334
8529899700094903171,2021-07,0.19
8529899700094903171,2021-07,0.02
8529899700094903171,2021-07,0.02
8529899700094903171,2021-07,0.07333333333333333
8529899700094903171,2021-07,0.06333333333333334
8529899700094903171,2021-07,0.016666666666666666
8529899700094903171,2021-07,0.056666666666666664
8529899700094903171,2021-07,0.02
8529899700094903171,2021-07,0.02
8529899700094903171,2021-07,0.11
8529899700094903171,2021-07,0.10333333333333333
8529899700094903171,2021-07,0.19333333333333333
8529899700094903171,2021-07,0.06666666666666667
8529899700094903171,2021-08,0.07666666666666666
8529899700094903171,2021-08,0.04666666666666667
8529899700094903171,2021-08,0.03
8529899700094903171,2021-08,0.03666666666666667
8529899700094903171,2021-08,0.03
8529899700094903171,2021-08,0.02
8529899700094903171,2021-08,0.006666666666666667
8529899700094903171,2021-08,0.02
8529899700094903171,2021-08,0.04666666666666667
8529899700094903171,2021-08,0.04666666666666667
8529899700094903171,2021-08,0.14333333333333334
8529899700094903171,2021-08,0.06333333333333334
8529899700094903171,2021-08,0.06
8529899700094903171,2021-08,0.31333333333333335
8529899700094903171,2021-08,0.2733333333333333
8529899700094903171,2021-08,0.25333333333333335
8529899700094903171,2021-08,0.08666666666666667
5786895437851445408,2021-07,0.03
5786895437851445408,2021-08,0.0033333333333333335
5786895437851445408,2021-08,0.01
1616952665234409442,2021-07,0.06333333333333334
1616952665234409442,2021-07,0.06333333333333334
1616952665234409442,2021-07,0.02666666666666667
1616952665234409442,2021-08,0.469
1616952665234409442,2021-08,0.07333333333333333
1616952665234409442,2021-08,0.043333333333333335
8173830874846355280,2021-07,0.0033333333333333335
8173830874846355280,2021-07,0.006666666666666667
8173830874846355280,2021-07,0.13
8173830874846355280,2021-07,0.09
8173830874846355280,2021-07,0.13333333333333333
8173830874846355280,2021-07,0.02
8173830874846355280,2021-07,0.023333333333333334
8173830874846355280,2021-07,0.01
8173830874846355280,2021-07,0.016666666666666666
8173830874846355280,2021-07,0.0033333333333333335
8173830874846355280,2021-07,0.043333333333333335
8173830874846355280,2021-07,0.03666666666666667
8173830874846355280,2021-07,0.03333333333333333
8173830874846355280,2021-07,0.043333333333333335
8173830874846355280,2021-08,0.03666666666666667
8173830874846355280,2021-08,0.03
8173830874846355280,2021-08,0.02666666666666667
8173830874846355280,2021-08,0.05
8173830874846355280,2021-08,0.03666666666666667
8173830874846355280,2021-08,0.013333333333333334
8173830874846355280,2021-08,0.03
8173830874846355280,2021-08,0.02666666666666667
8173830874846355280,2021-08,0.10333333333333333
8173830874846355280,2021-08,0.10333333333333333
8173830874846355280,2021-08,0.08666666666666667
7236776406341522879,2021-07,0.006666666666666667
3382624494518753363,2021-07,0.16666666666666666
3382624494518753363,2021-07,0.08666666666666667
3382624494518753363,2021-07,0.03
3382624494518753363,2021-07,0.0033333333333333335
3382624494518753363,2021-08,0.03666666666666667
3382624494518753363,2021-08,0.006666666666666667
3382624494518753363,2021-08,0.31333333333333335
1003144834589372198,2021-07,0.01
1003144834589372198,2021-07,0.15333333333333332
1003144834589372198,2021-07,0.013333333333333334
1003144834589372198,2021-08,0.0
1003144834589372198,2021-08,0.016666666666666666
1003144834589372198,2021-08,0.0
1003144834589372198,2021-08,0.0
1003144834589372198,2021-08,0.006666666666666667
4043546053926060305,2021-07,0.21666666666666667
4043546053926060305,2021-07,0.02
4043546053926060305,2021-08,0.3449179894179894
4043546053926060305,2021-08,0.08333333333333333
4043546053926060305,2021-08,0.07666666666666666
4043546053926060305,2021-08,0.09
4043546053926060305,2021-08,0.09
4043546053926060305,2021-08,0.08666666666666667
4043546053926060305,2021-08,0.02
4043546053926060305,2021-08,0.06333333333333334
4043546053926060305,2021-08,0.02
4043546053926060305,2021-08,0.04666666666666667
2335982750277990437,2021-07,0.006666666666666667
2335982750277990437,2021-07,0.016666666666666666
2335982750277990437,2021-07,0.1
2335982750277990437,2021-08,0.03333333333333333
7485107528960607346,2021-07,0.01
7485107528960607346,2021-07,0.14333333333333334
7485107528960607346,2021-07,0.023333333333333334
7485107528960607346,2021-08,0.0033333333333333335
465309249432033993,2021-07,0.09333333333333334
465309249432033993,2021-08,0.006666666666666667
465309249432033993,2021-08,0.006666666666666667
4995679129936981612,2021-07,0.09333333333333334
4995679129936981612,2021-07,0.01
4995679129936981612,2021-07,0.0033333333333333335
4995679129936981612,2021-08,0.01
3137879241768961145,2021-07,0.013333333333333334
3137879241768961145,2021-07,0.02
3137879241768961145,2021-07,0.056666666666666664
3137879241768961145,2021-08,0.02
3137879241768961145,2021-08,0.0
3137879241768961145,2021-08,0.0033333333333333335
8090492548102964782,2021-07,0.6966666666666667
5055200744384119654,2021-07,0.056666666666666664
660382477567765256,2021-07,0.01
660382477567765256,2021-07,0.0
660382477567765256,2021-07,0.07
660382477567765256,2021-08,0.013333333333333334
660382477567765256,2021-08,0.006666666666666667
4166581859919473627,2021-07,0.013333333333333334
4166581859919473627,2021-07,0.023333333333333334
4166581859919473627,2021-07,0.008333333333333333
864510931144626280,2021-07,0.013333333333333334
864510931144626280,2021-08,0.19333333333333333
864510931144626280,2021-08,0.013333333333333334
4235078665660987689,2021-07,0.013333333333333334
4235078665660987689,2021-07,0.05
187117706370645370,2021-07,0.12666666666666668
187117706370645370,2021-07,0.03
187117706370645370,2021-08,0.13
7930925883736021864,2021-07,0.013333333333333334
7930925883736021864,2021-07,0.0
7930925883736021864,2021-07,0.013333333333333334
7930925883736021864,2021-07,0.016666666666666666
7930925883736021864,2021-07,0.01
7930925883736021864,2021-07,0.016666666666666666
7930925883736021864,2021-07,0.006666666666666667
7930925883736021864,2021-08,0.03
7930925883736021864,2021-08,0.043333333333333335
7930925883736021864,2021-08,0.0
7930925883736021864,2021-08,0.3226666666666666
7930925883736021864,2021-08,0.013333333333333334
7930925883736021864,2021-08,0.016666666666666666
7930925883736021864,2021-08,0.04
7930925883736021864,2021-08,0.0
7930925883736021864,2021-08,0.0
7930925883736021864,2021-08,0.0
7930925883736021864,2021-08,0.016666666666666666
8004521604421988528,2021-07,0.16
8004521604421988528,2021-07,0.03
8004521604421988528,2021-07,0.02666666666666667
8004521604421988528,2021-07,0.09333333333333334
8004521604421988528,2021-07,0.08666666666666667
8004521604421988528,2021-08,0.0
1276604410881911401,2021-07,0.016666666666666666
1276604410881911401,2021-07,0.013333333333333334
1276604410881911401,2021-07,0.03
1276604410881911401,2021-07,0.02
1276604410881911401,2021-07,0.013333333333333334
1276604410881911401,2021-08,0.08
1276604410881911401,2021-08,0.08
1276604410881911401,2021-08,0.05333333333333334
1276604410881911401,2021-08,0.04
1276604410881911401,2021-08,0.02666666666666667
1276604410881911401,2021-08,0.02666666666666667
1276604410881911401,2021-08,0.043333333333333335
1276604410881911401,2021-08,0.09333333333333334
1276604410881911401,2021-08,0.03333333333333333
1958660709350677213,2021-07,0.04666666666666667
1958660709350677213,2021-08,0.016666666666666666
1958660709350677213,2021-08,0.07666666666666666
9052787288251876909,2021-07,0.01
1002362614649347438,2021-07,0.013333333333333334
1002362614649347438,2021-07,0.01
1002362614649347438,2021-08,0.07666666666666666
1002362614649347438,2021-08,0.03666666666666667
3093415403379897112,2021-07,0.10666666666666667
3536431875244944563,2021-07,0.18
3536431875244944563,2021-08,0.32
2493688222671282470,2021-07,0.11666666666666667
2493688222671282470,2021-08,0.006666666666666667
5263285038415073073,2021-07,0.11
5263285038415073073,2021-07,0.0
5263285038415073073,2021-07,0.09333333333333334
7436628409157313756,2021-07,0.016666666666666666
7436628409157313756,2021-07,0.05333333333333334
7436628409157313756,2021-08,0.016666666666666666
7436628409157313756,2021-08,0.02
7436628409157313756,2021-08,0.03333333333333333
4071158585850879204,2021-07,0.06
2634859679238614382,2021-07,0.02
2634859679238614382,2021-07,0.011111111111111112
2634859679238614382,2021-07,0.08
2634859679238614382,2021-08,0.2926859066859067
2634859679238614382,2021-08,0.03333333333333333
2634859679238614382,2021-08,0.02666666666666667
2634859679238614382,2021-08,0.0
2634859679238614382,2021-08,0.006666666666666667
8505870778358741102,2021-07,0.11333333333333333
8505870778358741102,2021-07,0.023333333333333334
8505870778358741102,2021-08,0.006666666666666667
3997247264680905799,2021-07,0.006666666666666667
3997247264680905799,2021-07,0.02666666666666667
3997247264680905799,2021-08,0.023333333333333334
3997247264680905799,2021-08,0.016666666666666666
510795635145114083,2021-07,0.01
510795635145114083,2021-07,0.01
510795635145114083,2021-08,0.013333333333333334
510795635145114083,2021-08,0.016666666666666666
510795635145114083,2021-08,0.013333333333333334
510795635145114083,2021-08,0.013333333333333334
6546850858912852316,2021-07,0.11
6546850858912852316,2021-07,0.006666666666666667
6546850858912852316,2021-07,0.01
2768068015169423097,2021-07,0.08333333333333333
2768068015169423097,2021-07,0.01
2768068015169423097,2021-08,0.02
7949169060790541229,2021-07,0.03333333333333333
7949169060790541229,2021-07,0.006666666666666667
7949169060790541229,2021-08,0.0033333333333333335
7949169060790541229,2021-08,0.0033333333333333335
6964108750473070287,2021-07,0.07333333333333333
6964108750473070287,2021-07,0.006666666666666667
6964108750473070287,2021-07,0.06333333333333334
6964108750473070287,2021-07,0.01
6964108750473070287,2021-07,0.06666666666666667
6964108750473070287,2021-07,0.02
6964108750473070287,2021-07,0.21
6964108750473070287,2021-07,0.11333333333333333
6964108750473070287,2021-07,0.04
6964108750473070287,2021-07,0.08
6964108750473070287,2021-07,0.056666666666666664
6964108750473070287,2021-07,0.09666666666666666
6964108750473070287,2021-07,0.09142857142857143
6964108750473070287,2021-07,0.09666666666666666
6964108750473070287,2021-08,0.11
6964108750473070287,2021-08,0.08666666666666667
6964108750473070287,2021-08,0.01
6964108750473070287,2021-08,0.016666666666666666
6964108750473070287,2021-08,0.09333333333333334
6964108750473070287,2021-08,0.10666666666666667
6964108750473070287,2021-08,0.0
6964108750473070287,2021-08,0.07666666666666666
6964108750473070287,2021-08,0.0033333333333333335
6964108750473070287,2021-08,0.0
6964108750473070287,2021-08,0.09333333333333334
6964108750473070287,2021-08,0.014444444444444447
6964108750473070287,2021-08,0.014444444444444447
6964108750473070287,2021-08,0.027777777777777773
6964108750473070287,2021-08,0.11
6964108750473070287,2021-08,0.016666666666666666
6964108750473070287,2021-08,0.016666666666666666
6964108750473070287,2021-08,0.12666666666666668
6964108750473070287,2021-08,0.016666666666666666
6964108750473070287,2021-08,0.04
6964108750473070287,2021-08,0.14666666666666667
6964108750473070287,2021-08,0.04
6964108750473070287,2021-08,0.03666666666666667
6964108750473070287,2021-08,0.016666666666666666
6964108750473070287,2021-08,0.043333333333333335
6964108750473070287,2021-08,0.03666666666666667
6964108750473070287,2021-08,0.14
6964108750473070287,2021-08,0.12
6964108750473070287,2021-08,0.02
6964108750473070287,2021-08,0.023333333333333334
6964108750473070287,2021-08,0.04
3218226066162129945,2021-07,0.013333333333333334
3218226066162129945,2021-08,0.01
3218226066162129945,2021-08,0.006666666666666667
3218226066162129945,2021-08,0.0
3218226066162129945,2021-08,0.01
3218226066162129945,2021-08,0.15333333333333332
3218226066162129945,2021-08,0.05
4527499691197377217,2021-07,0.006666666666666667
4527499691197377217,2021-07,0.01
4527499691197377217,2021-08,0.3226666666666666
4532469127306079736,2021-07,0.006666666666666667
4532469127306079736,2021-07,0.016666666666666666
1129657311668961746,2021-07,0.05
1129657311668961746,2021-07,0.06666666666666667
1129657311668961746,2021-08,0.06
1129657311668961746,2021-08,0.14666666666666667
3977861004707764824,2021-07,0.13
3977861004707764824,2021-07,0.0
3977861004707764824,2021-07,0.013333333333333334
3977861004707764824,2021-07,0.03
3977861004707764824,2021-07,0.0
3977861004707764824,2021-07,0.0033333333333333335
3977861004707764824,2021-07,0.0033333333333333335
3977861004707764824,2021-08,0.013333333333333334
3977861004707764824,2021-08,0.0033333333333333335
3977861004707764824,2021-08,0.0033333333333333335
3977861004707764824,2021-08,0.0033333333333333335
3977861004707764824,2021-08,0.0
3977861004707764824,2021-08,0.0
8480109508191086169,2021-07,0.006666666666666667
8480109508191086169,2021-08,0.02
8480109508191086169,2021-08,0.35
6795467882769787169,2021-07,0.24333333333333335
6795467882769787169,2021-07,0.006666666666666667
6795467882769787169,2021-08,0.35481216931216925
2191990606593345695,2021-07,0.04666666666666667
2191990606593345695,2021-07,0.006666666666666667
2191990606593345695,2021-07,0.006666666666666667
2191990606593345695,2021-08,0.013333333333333334
6759864637454708017,2021-07,0.28
6759864637454708017,2021-07,0.006666666666666667
6759864637454708017,2021-08,0.056666666666666664
6759864637454708017,2021-08,0.3226666666666666
6759864637454708017,2021-08,0.0033333333333333335
6759864637454708017,2021-08,0.006666666666666667
6759864637454708017,2021-08,0.08333333333333333
5440313607363845188,2021-07,0.05333333333333334
5440313607363845188,2021-08,0.11
5304536516981778801,2021-07,0.13666666666666666
5304536516981778801,2021-07,0.03
5304536516981778801,2021-07,0.04
5304536516981778801,2021-08,0.01
5304536516981778801,2021-08,0.0
5304536516981778801,2021-08,0.043333333333333335
5304536516981778801,2021-08,0.013333333333333334
5304536516981778801,2021-08,0.0
5304536516981778801,2021-08,0.0033333333333333335
665854826624598350,2021-07,0.07666666666666666
665854826624598350,2021-07,0.03
665854826624598350,2021-07,0.016666666666666666
665854826624598350,2021-08,0.1
665854826624598350,2021-08,0.08666666666666667
665854826624598350,2021-08,0.0033333333333333335
665854826624598350,2021-08,0.02
4935929591787890253,2021-07,0.13333333333333333
4935929591787890253,2021-07,0.02
4935929591787890253,2021-08,0.24666666666666667
670573866376512619,2021-07,0.02
670573866376512619,2021-07,0.14666666666666667
3668905663669864663,2021-07,0.013333333333333334
3668905663669864663,2021-08,0.0
3668905663669864663,2021-08,0.6621772486772486
3668905663669864663,2021-08,0.006666666666666667
4862285428951244424,2021-07,0.0
4862285428951244424,2021-07,0.0033333333333333335
4862285428951244424,2021-07,0.006666666666666667
4862285428951244424,2021-08,0.0033333333333333335
5528372913947954503,2021-07,0.04666666666666667
5528372913947954503,2021-07,0.0
5528372913947954503,2021-08,0.03666666666666667
5528372913947954503,2021-08,0.05
1118514612547157551,2021-07,0.07666666666666666
1118514612547157551,2021-07,0.0033333333333333335
1118514612547157551,2021-07,0.0
1118514612547157551,2021-08,0.01
1118514612547157551,2021-08,0.016666666666666666
2903869860445366876,2021-07,0.016666666666666666
2903869860445366876,2021-08,0.02
2903869860445366876,2021-08,0.05333333333333334
410843023337872279,2021-07,0.006666666666666667
410843023337872279,2021-07,0.02666666666666667
3281617395243454427,2021-07,0.16666666666666666
3281617395243454427,2021-07,0.05
3281617395243454427,2021-08,0.03333333333333333
2128970218770090704,2021-07,0.023333333333333334
2128970218770090704,2021-07,0.013333333333333334
2128970218770090704,2021-07,0.01
2128970218770090704,2021-08,0.01
2128970218770090704,2021-08,0.0
2128970218770090704,2021-08,0.016666666666666666
2128970218770090704,2021-08,0.023333333333333334
2307201111381758912,2021-07,0.07666666666666666
2307201111381758912,2021-08,0.0
3408536439470975134,2021-07,0.013333333333333334
3408536439470975134,2021-07,0.0
3408536439470975134,2021-07,0.016666666666666666
3408536439470975134,2021-07,0.017777777777777778
3408536439470975134,2021-08,0.0
3408536439470975134,2021-08,0.0033333333333333335
3408536439470975134,2021-08,0.02
3408536439470975134,2021-08,0.05
2106875407768047316,2021-07,0.02666666666666667
2106875407768047316,2021-07,0.013333333333333334
2106875407768047316,2021-07,0.05
2106875407768047316,2021-07,0.09
7067471043900250355,2021-07,0.09
7067471043900250355,2021-07,0.016666666666666666
7067471043900250355,2021-08,0.03
7067471043900250355,2021-08,0.07666666666666666
6535356415509860671,2021-07,0.07333333333333333
4095739077267179172,2021-07,0.0033333333333333335
4095739077267179172,2021-07,0.06666666666666667
180672270337706285,2021-07,0.6433333333333333
180672270337706285,2021-07,0.5883333333333334
180672270337706285,2021-07,0.43
180672270337706285,2021-07,0.23666666666666666
180672270337706285,2021-08,0.006666666666666667
180672270337706285,2021-08,0.33666666666666667
180672270337706285,2021-08,0.29333333333333333
1977574645216036803,2021-07,0.013333333333333334
1977574645216036803,2021-08,0.013333333333333334
1977574645216036803,2021-08,0.6621772486772486
7707459425750676368,2021-07,0.62
7707459425750676368,2021-08,0.006666666666666667
226405871752897670,2021-07,0.016666666666666666
226405871752897670,2021-08,0.0
226405871752897670,2021-08,0.0033333333333333335
5503073374822479037,2021-07,0.013333333333333334
5503073374822479037,2021-07,0.006666666666666667
5503073374822479037,2021-08,0.0033333333333333335
5503073374822479037,2021-08,0.043333333333333335
5503073374822479037,2021-08,0.006666666666666667
3161361581909316305,2021-07,0.03666666666666667
652740132671309295,2021-07,0.023333333333333334
652740132671309295,2021-07,0.11
5503391736465275980,2021-07,0.023333333333333334
5503391736465275980,2021-07,0.02666666666666667
5503391736465275980,2021-08,0.023333333333333334
5503391736465275980,2021-08,0.0
8895896724713458749,2021-07,0.056666666666666664
8895896724713458749,2021-07,0.013333333333333334
8895896724713458749,2021-07,0.10333333333333333
8895896724713458749,2021-08,0.06
8895896724713458749,2021-08,0.03666666666666667
9184785003280841216,2021-07,0.06333333333333334
9184785003280841216,2021-07,0.016666666666666666
9184785003280841216,2021-08,0.01
9184785003280841216,2021-08,0.0033333333333333335
1210783884008131648,2021-07,0.0
1210783884008131648,2021-07,0.08
1210783884008131648,2021-07,0.07
345447888460137901,2021-07,0.0033333333333333335
6368582840625614207,2021-07,0.08666666666666667
6368582840625614207,2021-08,0.17333333333333334
1044568737046072781,2021-07,0.01
5864443060004179363,2021-07,0.02
5864443060004179363,2021-07,0.011111111111111112
5864443060004179363,2021-07,0.01
5864443060004179363,2021-08,0.0
5864443060004179363,2021-08,0.0033333333333333335
5864443060004179363,2021-08,0.0033333333333333335
5864443060004179363,2021-08,0.0
5864443060004179363,2021-08,0.0
5864443060004179363,2021-08,0.0
2214132103234633622,2021-07,0.03666666666666667
2214132103234633622,2021-07,0.01
2214132103234633622,2021-08,0.03666666666666667
2214132103234633622,2021-08,0.01
2214132103234633622,2021-08,0.05333333333333334
2214132103234633622,2021-08,0.0033333333333333335
2214132103234633622,2021-08,0.006666666666666667
5369576709077493659,2021-07,0.02
5369576709077493659,2021-07,0.02
5369576709077493659,2021-07,0.016666666666666666
5369576709077493659,2021-07,0.013333333333333334
3634047863995720708,2021-07,0.01
3634047863995720708,2021-08,0.013333333333333334
3634047863995720708,2021-08,0.04
792560389712312178,2021-07,0.03
792560389712312178,2021-07,0.006666666666666667
792560389712312178,2021-08,0.7330740740740741
792560389712312178,2021-08,0.006666666666666667
792560389712312178,2021-08,0.01
4717717003637613480,2021-07,0.03666666666666667
4717717003637613480,2021-07,0.03333333333333333
4717717003637613480,2021-08,0.12333333333333334
4717717003637613480,2021-08,0.02
4717717003637613480,2021-08,0.04666666666666667
1104269683367198574,2021-07,0.0033333333333333335
1104269683367198574,2021-07,0.02666666666666667
1104269683367198574,2021-08,0.013333333333333334
7870373680211625064,2021-07,0.02
7870373680211625064,2021-07,0.02666666666666667
7870373680211625064,2021-07,0.03666666666666667
7870373680211625064,2021-08,0.03
7870373680211625064,2021-08,0.20666666666666667
7870373680211625064,2021-08,0.20666666666666667
7870373680211625064,2021-08,0.12666666666666668
7038761645302069945,2021-07,0.06333333333333334
7038761645302069945,2021-08,0.023333333333333334
5888474320320735000,2021-07,0.013333333333333334
5888474320320735000,2021-08,0.056666666666666664
5888474320320735000,2021-08,0.05
5888474320320735000,2021-08,0.2633333333333333
4414438591613884911,2021-07,0.013333333333333334
4414438591613884911,2021-08,0.013333333333333334
4414438591613884911,2021-08,0.01
4414438591613884911,2021-08,0.06666666666666667
4950871361132426979,2021-07,0.05
4950871361132426979,2021-08,0.0
6462952350255736003,2021-07,0.0033333333333333335
6462952350255736003,2021-07,0.051666666666666666
4061297388883391410,2021-07,0.09333333333333334
4061297388883391410,2021-08,0.04
4061297388883391410,2021-08,0.0
4061297388883391410,2021-08,0.013333333333333334
4061297388883391410,2021-08,0.03
5522764880180045081,2021-07,0.02
5522764880180045081,2021-07,0.02666666666666667
5522764880180045081,2021-08,0.02
5522764880180045081,2021-08,0.0
5522764880180045081,2021-08,0.013333333333333334
5522764880180045081,2021-08,0.03666666666666667
8609211777002937758,2021-07,0.056666666666666664
8609211777002937758,2021-08,0.01
2694466161223698243,2021-07,0.55
2694466161223698243,2021-07,0.49333333333333335
8350724667410677464,2021-07,0.03666666666666667
8350724667410677464,2021-07,0.07666666666666666
8350724667410677464,2021-07,0.03
8350724667410677464,2021-07,0.11
8350724667410677464,2021-08,0.4538108373108373
1088521227159442264,2021-07,0.013333333333333334
1088521227159442264,2021-07,0.0
1088521227159442264,2021-07,0.03333333333333333
1088521227159442264,2021-08,0.03
1088521227159442264,2021-08,0.006666666666666667
7895753719321668294,2021-07,0.02666666666666667
7895753719321668294,2021-07,0.02666666666666667
7895753719321668294,2021-08,0.01
7895753719321668294,2021-08,0.006666666666666667
4641659186059167709,2021-07,0.006666666666666667
4641659186059167709,2021-07,0.09333333333333334
2819054834565698513,2021-07,0.0033333333333333335
2819054834565698513,2021-07,0.0033333333333333335
2819054834565698513,2021-08,0.016666666666666666
3591324331706630867,2021-07,0.013333333333333334
3591324331706630867,2021-07,0.03666666666666667
3591324331706630867,2021-08,0.06666666666666667
3591324331706630867,2021-08,0.04
3591324331706630867,2021-08,0.013333333333333334
2493305884832539159,2021-07,0.03
2493305884832539159,2021-07,0.02666666666666667
2493305884832539159,2021-08,0.11666666666666667
4972567100282306577,2021-07,0.023333333333333334
4972567100282306577,2021-07,0.02
4972567100282306577,2021-07,0.02666666666666667
4972567100282306577,2021-08,0.05
940214356651040716,2021-07,0.1
940214356651040716,2021-07,0.09
6349142675790687765,2021-07,0.01
6349142675790687765,2021-08,0.07333333333333333
6349142675790687765,2021-08,0.023333333333333334
6349142675790687765,2021-08,0.07666666666666666
6349142675790687765,2021-08,0.04
6352592240901579272,2021-07,0.05333333333333334
4858887739802767402,2021-07,0.023333333333333334
4858887739802767402,2021-07,0.056666666666666664
4858887739802767402,2021-07,0.016666666666666666
4858887739802767402,2021-08,0.02
503021894071666233,2021-07,0.03666666666666667
503021894071666233,2021-08,0.09
503021894071666233,2021-08,0.08
503021894071666233,2021-08,0.023333333333333334
4465150716052427320,2021-07,0.06666666666666667
4465150716052427320,2021-07,0.013333333333333334
2645324649046215594,2021-07,0.0
2645324649046215594,2021-07,0.02
2645324649046215594,2021-07,0.0033333333333333335
2645324649046215594,2021-07,0.043333333333333335
2645324649046215594,2021-08,0.14666666666666667
2645324649046215594,2021-08,0.17333333333333334
5042877476420217533,2021-07,0.03
5042877476420217533,2021-08,0.01
5042877476420217533,2021-08,0.19
8400764778654490278,2021-07,0.0033333333333333335
8400764778654490278,2021-07,0.05333333333333334
8400764778654490278,2021-08,0.023333333333333334
3285246914299291124,2021-07,0.016666666666666666
3285246914299291124,2021-07,0.006666666666666667
3285246914299291124,2021-07,0.013333333333333334
3285246914299291124,2021-08,0.013333333333333334
3285246914299291124,2021-08,0.006666666666666667
3285246914299291124,2021-08,0.03333333333333333
3285246914299291124,2021-08,0.023333333333333334
4170463992215954403,2021-07,0.06333333333333334
4170463992215954403,2021-08,0.0
1536087798470875922,2021-07,0.22333333333333333
1536087798470875922,2021-07,0.17
1536087798470875922,2021-07,0.02
1536087798470875922,2021-08,0.043333333333333335
1536087798470875922,2021-08,0.006666666666666667
1536087798470875922,2021-08,0.056666666666666664
1536087798470875922,2021-08,0.02
1536087798470875922,2021-08,0.0
1536087798470875922,2021-08,0.02666666666666667
1536087798470875922,2021-08,0.13
4675067298171588603,2021-07,0.28
4675067298171588603,2021-07,0.07333333333333333
4675067298171588603,2021-07,0.1
4675067298171588603,2021-08,0.02
4675067298171588603,2021-08,0.04
2346482557594782345,2021-07,0.01
2346482557594782345,2021-07,0.01
2346482557594782345,2021-08,0.016666666666666666
5058298901476893676,2021-07,0.18
5058298901476893676,2021-07,0.09333333333333334
5058298901476893676,2021-07,0.13666666666666666
5058298901476893676,2021-08,0.20333333333333334
6217788509719675691,2021-07,0.03333333333333333
6217788509719675691,2021-07,0.056666666666666664
6217788509719675691,2021-07,0.006666666666666667
6217788509719675691,2021-07,0.0
6217788509719675691,2021-08,0.013333333333333334
6217788509719675691,2021-08,0.08333333333333333
4795152981525833467,2021-07,0.0033333333333333335
4795152981525833467,2021-07,0.043333333333333335
4795152981525833467,2021-08,0.3226666666666666
4795152981525833467,2021-08,0.0
4785355632922927313,2021-07,0.03333333333333333
4785355632922927313,2021-07,0.03666666666666667
4785355632922927313,2021-07,0.018333333333333333
4785355632922927313,2021-08,0.023333333333333334
4785355632922927313,2021-08,0.01
4785355632922927313,2021-08,0.0033333333333333335
7268895973869107930,2021-07,0.03333333333333333
7268895973869107930,2021-07,0.08
7710364735942975505,2021-07,0.013333333333333334
7710364735942975505,2021-08,0.0
7710364735942975505,2021-08,0.0
3095408468798675621,2021-07,0.03
3095408468798675621,2021-08,0.023333333333333334
7177785309735471560,2021-07,0.06333333333333334
7177785309735471560,2021-07,0.01
7177785309735471560,2021-07,0.08333333333333333
7177785309735471560,2021-08,0.0033333333333333335
8510653215962746781,2021-07,0.0
5358243820364010940,2021-07,0.0
5358243820364010940,2021-08,0.02666666666666667
5358243820364010940,2021-08,0.0
5358243820364010940,2021-08,0.013333333333333334
5358243820364010940,2021-08,0.006666666666666667
6927178425683104769,2021-07,0.013333333333333334
6927178425683104769,2021-07,0.016666666666666666
6927178425683104769,2021-08,0.006666666666666667
6927178425683104769,2021-08,0.006666666666666667
1269153452773908541,2021-07,0.05
1269153452773908541,2021-08,0.04
2006188298374001315,2021-07,0.03666666666666667
7325545718770538459,2021-07,0.016666666666666666
7325545718770538459,2021-07,0.13
7325545718770538459,2021-07,0.04
7325545718770538459,2021-07,0.05
7325545718770538459,2021-07,0.0033333333333333335
7325545718770538459,2021-07,0.01
7325545718770538459,2021-07,0.03666666666666667
7325545718770538459,2021-07,0.04
7325545718770538459,2021-07,0.01
7325545718770538459,2021-07,0.043333333333333335
7325545718770538459,2021-08,0.043333333333333335
7325545718770538459,2021-08,0.06
7325545718770538459,2021-08,0.006666666666666667
7325545718770538459,2021-08,0.013333333333333334
7325545718770538459,2021-08,0.0033333333333333335
7325545718770538459,2021-08,0.0
7325545718770538459,2021-08,0.0033333333333333335
8464809590757561185,2021-07,0.03666666666666667
8464809590757561185,2021-07,0.013333333333333334
8464809590757561185,2021-08,0.0033333333333333335
8464809590757561185,2021-08,0.0
8464809590757561185,2021-08,0.0
8748106677402909629,2021-07,0.03333333333333333
312543480920432545,2021-07,0.06666666666666667
312543480920432545,2021-07,0.013333333333333334
312543480920432545,2021-07,0.01
312543480920432545,2021-08,0.02
312543480920432545,2021-08,0.006666666666666667
1059336566956767188,2021-07,0.04666666666666667
6186737197674630993,2021-07,0.03666666666666667
6186737197674630993,2021-08,0.013333333333333334
6186737197674630993,2021-08,0.42566666666666675
6186737197674630993,2021-08,0.04666666666666667
5606267905834401873,2021-07,0.023333333333333334
5606267905834401873,2021-08,0.02
5606267905834401873,2021-08,0.01
5606267905834401873,2021-08,0.0033333333333333335
1097345589386012260,2021-07,0.06333333333333334
1097345589386012260,2021-08,0.02666666666666667
2763141362035716801,2021-07,0.03333333333333333
3022528659032597047,2021-07,0.023333333333333334
3022528659032597047,2021-07,0.02
3022528659032597047,2021-08,0.4041060606060606
3022528659032597047,2021-08,0.006666666666666667
3022528659032597047,2021-08,0.04
8015571584405428572,2021-07,0.056666666666666664
8015571584405428572,2021-08,0.14
8015571584405428572,2021-08,0.0
8015571584405428572,2021-08,0.023333333333333334
6721448955097663572,2021-07,0.05333333333333334
6721448955097663572,2021-07,0.056666666666666664
6721448955097663572,2021-07,0.02
6721448955097663572,2021-07,0.025
6721448955097663572,2021-07,0.26666666666666666
6721448955097663572,2021-08,0.02666666666666667
6721448955097663572,2021-08,0.013333333333333334
6721448955097663572,2021-08,0.013333333333333334
6721448955097663572,2021-08,0.03
6721448955097663572,2021-08,0.02666666666666667
6721448955097663572,2021-08,0.0033333333333333335
3960251564708868781,2021-07,0.0033333333333333335
3960251564708868781,2021-07,0.0033333333333333335
3960251564708868781,2021-08,0.15666666666666668
3960251564708868781,2021-08,0.16
3960251564708868781,2021-08,0.023333333333333334
2022367282554149730,2021-07,0.05
2022367282554149730,2021-07,0.03333333333333333
2022367282554149730,2021-07,0.016666666666666666
2022367282554149730,2021-07,0.01
2022367282554149730,2021-07,0.03
2022367282554149730,2021-08,0.01
2022367282554149730,2021-08,0.0033333333333333335
2022367282554149730,2021-08,0.0033333333333333335
2022367282554149730,2021-08,0.0033333333333333335
2022367282554149730,2021-08,0.46122222222222226
2022367282554149730,2021-08,0.006666666666666667
2466177460692220853,2021-07,0.06333333333333334
2466177460692220853,2021-08,0.013333333333333334
2466177460692220853,2021-08,0.02
7397206777205091443,2021-07,0.14
5613825020130267729,2021-07,0.04666666666666667
5613825020130267729,2021-07,0.016666666666666666
5613825020130267729,2021-07,0.016666666666666666
5613825020130267729,2021-08,0.03
5613825020130267729,2021-08,0.0033333333333333335
5726178124659661019,2021-07,0.013333333333333334
5726178124659661019,2021-07,0.013333333333333334
5726178124659661019,2021-07,0.006666666666666667
5726178124659661019,2021-08,0.013333333333333334
5726178124659661019,2021-08,0.01
5726178124659661019,2021-08,0.023333333333333334
5726178124659661019,2021-08,0.0033333333333333335
5726178124659661019,2021-08,0.006666666666666667
5726178124659661019,2021-08,0.0
5726178124659661019,2021-08,0.0033333333333333335
835441927760881602,2021-07,0.013333333333333334
835441927760881602,2021-08,0.08
835441927760881602,2021-08,0.13333333333333333
1329553496073467331,2021-07,0.03
1329553496073467331,2021-08,0.006666666666666667
5860276371789140450,2021-07,0.04
5860276371789140450,2021-08,0.0
5860276371789140450,2021-08,0.03333333333333333
5810778736737569699,2021-07,0.04666666666666667
5810778736737569699,2021-08,0.0033333333333333335
5810778736737569699,2021-08,0.39575344100344106
7468724002190465812,2021-07,0.09333333333333334
7468724002190465812,2021-08,0.0
2455576782104041698,2021-07,0.06
2455576782104041698,2021-07,0.02
2455576782104041698,2021-08,0.013333333333333334
2455576782104041698,2021-08,0.0
2455576782104041698,2021-08,0.013333333333333334
4863405965754103821,2021-07,0.07333333333333333
4863405965754103821,2021-07,0.01
4863405965754103821,2021-07,0.05333333333333334
4863405965754103821,2021-08,0.08
4863405965754103821,2021-08,0.08333333333333333
4863405965754103821,2021-08,0.023333333333333334
4863405965754103821,2021-08,0.016666666666666666
4863405965754103821,2021-08,0.03
4863405965754103821,2021-08,0.09
4863405965754103821,2021-08,0.0
4863405965754103821,2021-08,0.18
4863405965754103821,2021-08,0.08666666666666667
2983174282784691273,2021-07,0.07333333333333333
2983174282784691273,2021-07,0.0
2983174282784691273,2021-08,0.01
2983174282784691273,2021-08,0.0
6969348581033924947,2021-07,0.06666666666666667
6969348581033924947,2021-07,0.043333333333333335
6969348581033924947,2021-07,0.06333333333333334
6969348581033924947,2021-07,0.03333333333333333
6969348581033924947,2021-07,0.12
6969348581033924947,2021-08,0.2722777777777778
6969348581033924947,2021-08,0.09666666666666666
6969348581033924947,2021-08,0.11
6969348581033924947,2021-08,0.08333333333333333
8603678028264007695,2021-07,0.18
8603678028264007695,2021-08,0.006666666666666667
8603678028264007695,2021-08,0.02
1088268935649917461,2021-07,0.013333333333333334
1088268935649917461,2021-08,0.44958730158730154
1088268935649917461,2021-08,0.0033333333333333335
1717812527056208209,2021-07,0.07
1717812527056208209,2021-07,0.09
682352428813668634,2021-07,0.043333333333333335
682352428813668634,2021-07,0.02
682352428813668634,2021-07,0.02666666666666667
682352428813668634,2021-08,0.016666666666666666
682352428813668634,2021-08,0.01
682352428813668634,2021-08,0.006666666666666667
6643358471662528195,2021-07,0.0033333333333333335
6643358471662528195,2021-08,0.8180740740740741
6643358471662528195,2021-08,0.14666666666666667
1343530446996409207,2021-07,0.0033333333333333335
1343530446996409207,2021-08,0.02
1343530446996409207,2021-08,0.03
3750579377644235511,2021-07,0.03
3750579377644235511,2021-07,0.016666666666666666
3750579377644235511,2021-07,0.016666666666666666
3750579377644235511,2021-08,0.01
3832944730982767714,2021-07,0.01
3832944730982767714,2021-07,0.01111111111111111
6448580780254847411,2021-07,0.13
6448580780254847411,2021-07,0.023
4853303856126909724,2021-07,0.522962962962963
7712263029835111826,2021-07,0.3
8901696535927078963,2021-07,0.06333333333333334
8901696535927078963,2021-07,0.011666666666666667
8901696535927078963,2021-07,0.028333333333333332
8901696535927078963,2021-08,0.0033333333333333335
8901696535927078963,2021-08,0.05333333333333334
8901696535927078963,2021-08,0.0033333333333333335
8901696535927078963,2021-08,0.0033333333333333335
8901696535927078963,2021-08,0.0
3095686599956852697,2021-07,0.0
3095686599956852697,2021-07,0.0
3095686599956852697,2021-07,0.0033333333333333335
3095686599956852697,2021-08,0.01
3095686599956852697,2021-08,0.006666666666666667
3095686599956852697,2021-08,0.09333333333333334
5880041582322293710,2021-07,0.01
5880041582322293710,2021-07,0.0033333333333333335
5880041582322293710,2021-07,0.03333333333333333
5880041582322293710,2021-08,0.023333333333333334
5880041582322293710,2021-08,0.056666666666666664
5880041582322293710,2021-08,0.013333333333333334
5880041582322293710,2021-08,0.04666666666666667
5880041582322293710,2021-08,0.04666666666666667
8918635099296971351,2021-07,0.03333333333333333
8918635099296971351,2021-08,0.04
7347715771145302549,2021-07,0.016666666666666666
7347715771145302549,2021-07,0.10666666666666667
7347715771145302549,2021-08,0.0033333333333333335
7347715771145302549,2021-08,0.02
8196449005061156808,2021-07,0.11333333333333333
8196449005061156808,2021-08,0.0
7910340581026492945,2021-07,0.12
7910340581026492945,2021-07,0.03166666666666667
7910340581026492945,2021-07,0.0
7910340581026492945,2021-08,0.016666666666666666
7910340581026492945,2021-08,0.0
7910340581026492945,2021-08,0.01
7910340581026492945,2021-08,0.0
7910340581026492945,2021-08,0.0033333333333333335
4588313530969303734,2021-07,0.016666666666666666
4588313530969303734,2021-07,0.02
4588313530969303734,2021-08,0.02666666666666667
4588313530969303734,2021-08,0.06
8229446069655666941,2021-07,0.03666666666666667
8229446069655666941,2021-07,0.6275555555555555
8229446069655666941,2021-07,0.17666666666666667
8229446069655666941,2021-07,0.10666666666666667
1299146298565441811,2021-07,0.03
1299146298565441811,2021-07,0.04966666666666667
1299146298565441811,2021-08,0.043333333333333335
2119292203323657032,2021-07,0.03333333333333333
2119292203323657032,2021-08,0.013333333333333334
4740535838297269949,2021-07,0.0
4740535838297269949,2021-07,0.03333333333333333
4740535838297269949,2021-08,0.04
8198518259946944874,2021-07,0.39516666666666667
4327694790333781288,2021-07,0.02666666666666667
4327694790333781288,2021-07,0.016666666666666666
4327694790333781288,2021-08,0.539074074074074
4327694790333781288,2021-08,0.0033333333333333335
4327694790333781288,2021-08,0.04
324916756972236008,2021-07,0.08666666666666667
324916756972236008,2021-08,0.03666666666666667
324916756972236008,2021-08,0.02
324916756972236008,2021-08,0.013333333333333334
324916756972236008,2021-08,0.18
1788369195969129749,2021-07,0.14
1788369195969129749,2021-08,0.0
6284433051333854194,2021-07,0.19666666666666666
6284433051333854194,2021-08,0.07
6284433051333854194,2021-08,0.0
472772897496154354,2021-07,0.006666666666666667
472772897496154354,2021-08,0.03333333333333333
472772897496154354,2021-08,0.0
472772897496154354,2021-08,0.0
5108407319813072955,2021-07,0.07
5108407319813072955,2021-07,0.023333333333333334
1253437108265925705,2021-07,0.13
1253437108265925705,2021-07,0.016666666666666666
1253437108265925705,2021-07,0.12666666666666668
1253437108265925705,2021-08,0.410050505050505
2209806355660046187,2021-07,0.07333333333333333
2209806355660046187,2021-08,0.006666666666666667
1767360303789815418,2021-07,0.006666666666666667
8080988579391900405,2021-07,0.023333333333333334
8080988579391900405,2021-07,0.03
8080988579391900405,2021-08,0.10666666666666667
8080988579391900405,2021-08,0.03
8348574220426911086,2021-07,0.14
8348574220426911086,2021-07,0.0
8348574220426911086,2021-07,0.013333333333333334
8348574220426911086,2021-08,0.016666666666666666
8348574220426911086,2021-08,0.006666666666666667
8348574220426911086,2021-08,0.05333333333333334
8348574220426911086,2021-08,0.023333333333333334
6547872039250784411,2021-07,0.5566666666666666
6547872039250784411,2021-08,0.75
1543875954928694094,2021-07,0.013333333333333334
1543875954928694094,2021-07,0.10333333333333333
8576047157867370630,2021-07,0.03666666666666667
8576047157867370630,2021-08,0.05
3357976326879346012,2021-07,0.006666666666666667
3357976326879346012,2021-08,0.006666666666666667
903093877129717133,2021-07,0.07666666666666666
903093877129717133,2021-07,0.0
903093877129717133,2021-07,0.02666666666666667
903093877129717133,2021-08,0.30349999999999994
8536980239903840341,2021-07,0.09
5875663709136533612,2021-07,0.1
6238903426443761049,2021-07,0.07
6238903426443761049,2021-07,0.03333333333333333
6238903426443761049,2021-08,0.056666666666666664
6238903426443761049,2021-08,0.03333333333333333
6238903426443761049,2021-08,0.006666666666666667
6238903426443761049,2021-08,0.0
3660744270380078352,2021-07,0.05
3660744270380078352,2021-08,0.02
2377020220794016532,2021-07,0.023333333333333334
2377020220794016532,2021-07,0.017777777777777778
2377020220794016532,2021-08,0.01
8287608084245946173,2021-07,0.15666666666666668
8287608084245946173,2021-07,0.2886666666666666
8287608084245946173,2021-08,0.02666666666666667
8287608084245946173,2021-08,0.0033333333333333335
8287608084245946173,2021-08,0.0033333333333333335
8287608084245946173,2021-08,0.03333333333333333
8287608084245946173,2021-08,0.0033333333333333335
8287608084245946173,2021-08,0.0
8287608084245946173,2021-08,0.0
8287608084245946173,2021-08,0.0
8287608084245946173,2021-08,0.0
6950439982480713649,2021-07,0.03333333333333333
6950439982480713649,2021-08,0.08666666666666667
5067621068959932809,2021-07,0.04666666666666667
5067621068959932809,2021-07,0.043333333333333335
5067621068959932809,2021-07,0.03333333333333333
5067621068959932809,2021-08,0.02
5067621068959932809,2021-08,0.006666666666666667
5067621068959932809,2021-08,0.0
5067621068959932809,2021-08,0.02
5067621068959932809,2021-08,0.0
5067621068959932809,2021-08,0.006666666666666667
5067621068959932809,2021-08,0.01
8195468623809753777,2021-07,0.03333333333333333
8195468623809753777,2021-07,0.056666666666666664
8195468623809753777,2021-07,0.03333333333333333
8195468623809753777,2021-07,0.02
8195468623809753777,2021-08,0.013333333333333334
8195468623809753777,2021-08,0.07333333333333333
8195468623809753777,2021-08,0.02666666666666667
3632378524835692731,2021-07,0.013333333333333334
3632378524835692731,2021-08,0.03
4980232475645447238,2021-07,0.05
4980232475645447238,2021-07,0.013333333333333334
3829967475074118757,2021-07,0.03
3829967475074118757,2021-07,0.016666666666666666
3829967475074118757,2021-08,0.02666666666666667
3829967475074118757,2021-08,0.4338888888888889
3829967475074118757,2021-08,0.03333333333333333
3829967475074118757,2021-08,0.02
2371917341091102894,2021-07,0.02666666666666667
2371917341091102894,2021-07,0.06666666666666667
3571198145319411787,2021-07,0.016666666666666666
8503092146854371576,2021-07,0.01
8503092146854371576,2021-08,0.02666666666666667
1036256411320325774,2021-07,0.05333333333333334
1036256411320325774,2021-08,0.05
1036256411320325774,2021-08,0.02666666666666667
1036256411320325774,2021-08,0.14
8123515208041701633,2021-07,0.01
8123515208041701633,2021-08,0.771
8123515208041701633,2021-08,0.0033333333333333335
8123515208041701633,2021-08,0.0
5958664040344043635,2021-07,0.0033333333333333335
5958664040344043635,2021-07,0.02
5958664040344043635,2021-08,0.0
8785648114090695180,2021-07,0.01
7595945751692012281,2021-07,0.006666666666666667
7595945751692012281,2021-08,0.4026428571428571
7595945751692012281,2021-08,0.0
7041489327620930099,2021-07,0.03
7041489327620930099,2021-08,0.03666666666666667
7787306805605072964,2021-07,0.06333333333333334
7787306805605072964,2021-08,0.03666666666666667
6885171468891031140,2021-07,0.02
6885171468891031140,2021-08,0.06333333333333334
6885171468891031140,2021-08,0.16
1357573192598249600,2021-07,0.01
1357573192598249600,2021-07,0.05
1357573192598249600,2021-08,0.03
1357573192598249600,2021-08,0.01
1357573192598249600,2021-08,0.023333333333333334
1357573192598249600,2021-08,0.01
1357573192598249600,2021-08,0.04
2032592272238235730,2021-07,0.02
2032592272238235730,2021-08,0.0
2032592272238235730,2021-08,0.006666666666666667
2032592272238235730,2021-08,0.0
4210463673385510745,2021-07,0.02
4210463673385510745,2021-07,0.0033333333333333335
4210463673385510745,2021-07,0.01
4210463673385510745,2021-08,0.006666666666666667
4210463673385510745,2021-08,0.013333333333333334
4210463673385510745,2021-08,0.013333333333333334
3204108603682323936,2021-07,0.013333333333333334
3204108603682323936,2021-08,0.02666666666666667
3204108603682323936,2021-08,0.02666666666666667
3204108603682323936,2021-08,0.0
9127318190908282126,2021-07,0.006666666666666667
9127318190908282126,2021-08,0.016666666666666666
9127318190908282126,2021-08,0.0033333333333333335
4817816966382229074,2021-07,0.11
4817816966382229074,2021-08,0.03333333333333333
7451017400765373278,2021-07,0.03
7451017400765373278,2021-08,0.0
7451017400765373278,2021-08,0.0033333333333333335
7451017400765373278,2021-08,0.3226666666666666
7451017400765373278,2021-08,0.0
7451017400765373278,2021-08,0.016666666666666666
4524147234488547993,2021-07,0.02666666666666667
4524147234488547993,2021-07,0.0
4524147234488547993,2021-08,0.013333333333333334
4524147234488547993,2021-08,0.006666666666666667
191536915328669008,2021-07,0.2733333333333333
3025708129948185495,2021-07,0.023333333333333334
5856610998569876318,2021-07,0.013333333333333334
5856610998569876318,2021-07,0.06333333333333334
5856610998569876318,2021-08,0.05
2467590416042313927,2021-07,0.0033333333333333335
2467590416042313927,2021-08,0.006666666666666667
6055129522348042687,2021-07,0.0033333333333333335
8548612698724688238,2021-07,0.023333333333333334
8548612698724688238,2021-08,0.6044074074074073
7395696797140470088,2021-07,0.0033333333333333335
7395696797140470088,2021-08,0.0033333333333333335
4724876423989598202,2021-07,0.01
4724876423989598202,2021-07,0.04666666666666667
4724876423989598202,2021-08,0.01
4724876423989598202,2021-08,0.06666666666666667
4724876423989598202,2021-08,0.17333333333333334
6662531979151878793,2021-07,0.016666666666666666
2380458252615213706,2021-07,0.03
2380458252615213706,2021-08,0.17666666666666667
6784879562354696650,2021-07,0.01
8535586342375301953,2021-07,0.043333333333333335
8535586342375301953,2021-07,0.013333333333333334
8535586342375301953,2021-08,0.40217947330447334
8535586342375301953,2021-08,0.02
3263212305228307743,2021-07,0.03
3263212305228307743,2021-07,0.013333333333333334
3263212305228307743,2021-07,0.0033333333333333335
3263212305228307743,2021-08,0.03
5999145415800242177,2021-07,0.006666666666666667
5999145415800242177,2021-08,0.0033333333333333335
5999145415800242177,2021-08,0.016666666666666666
6012031176108922616,2021-07,0.016666666666666666
6012031176108922616,2021-08,0.35253968253968254
3279078057358159966,2021-07,0.02666666666666667
3279078057358159966,2021-08,0.05333333333333334
3807130563335796378,2021-07,0.05
3807130563335796378,2021-08,0.11
121658372387044248,2021-07,0.02
121658372387044248,2021-08,0.05
121658372387044248,2021-08,0.09
121658372387044248,2021-08,0.05
4614484019183480654,2021-07,0.02
4614484019183480654,2021-08,0.02666666666666667
4614484019183480654,2021-08,0.03666666666666667
4614484019183480654,2021-08,0.02
5753677550753111444,2021-07,0.01
5753677550753111444,2021-07,0.01
5753677550753111444,2021-08,0.016666666666666666
5753677550753111444,2021-08,0.0033333333333333335
1683619849073499603,2021-07,0.016666666666666666
1683619849073499603,2021-08,0.013333333333333334
2530707686830644666,2021-07,0.11666666666666667
2530707686830644666,2021-07,0.0033333333333333335
2530707686830644666,2021-07,0.0
2530707686830644666,2021-08,0.1
7085295800541340563,2021-07,0.04
7085295800541340563,2021-07,0.006666666666666667
7085295800541340563,2021-08,0.32424867724867723
7085295800541340563,2021-08,0.006666666666666667
7085295800541340563,2021-08,0.0
7367321179169390502,2021-07,0.13666666666666666
5635781225931111684,2021-07,0.0
5635781225931111684,2021-07,0.0011111111111111111
5635781225931111684,2021-08,0.0
4537268360654655629,2021-07,0.07333333333333333
4537268360654655629,2021-08,0.023333333333333334
4993499380140734678,2021-07,0.023333333333333334
6394935036014530592,2021-07,0.013333333333333334
6394935036014530592,2021-07,0.03
6394935036014530592,2021-07,0.01
6394935036014530592,2021-08,0.023333333333333334
717981637594591016,2021-07,0.0
717981637594591016,2021-08,0.02
717981637594591016,2021-08,0.006666666666666667
5048392903148444335,2021-07,0.0
5048392903148444335,2021-07,0.02
5048392903148444335,2021-08,0.0
6521201759558790083,2021-07,0.07666666666666666
5162636608292907782,2021-07,0.07666666666666666
5162636608292907782,2021-08,0.06666666666666667
5162636608292907782,2021-08,0.01
5162636608292907782,2021-08,0.8
5162636608292907782,2021-08,0.11333333333333333
8909740532547211288,2021-07,0.005
8909740532547211288,2021-07,0.01
8909740532547211288,2021-08,0.0033333333333333335
8909740532547211288,2021-08,0.006666666666666667
8909740532547211288,2021-08,0.0
8909740532547211288,2021-08,0.0
411246418132008456,2021-07,0.10666666666666667
86110062990790869,2021-07,0.05
86110062990790869,2021-08,0.07333333333333333
86110062990790869,2021-08,0.02
8162017568751362437,2021-07,0.056666666666666664
314309872114206760,2021-07,0.03666666666666667
314309872114206760,2021-07,0.24666666666666667
314309872114206760,2021-08,0.06666666666666667
314309872114206760,2021-08,0.11
314309872114206760,2021-08,0.08
314309872114206760,2021-08,0.03666666666666667
3631603567749349715,2021-07,0.03
3631603567749349715,2021-08,0.04666666666666667
93982185886107798,2021-07,0.03
93982185886107798,2021-08,0.0
93982185886107798,2021-08,0.006666666666666667
8487807876567995441,2021-07,0.13333333333333333
8487807876567995441,2021-07,0.0
8487807876567995441,2021-08,0.016666666666666666
3355881107559250653,2021-07,0.03666666666666667
3355881107559250653,2021-07,0.016666666666666666
3355881107559250653,2021-07,0.02
3355881107559250653,2021-07,0.006666666666666667
3355881107559250653,2021-07,0.041666666666666664
3355881107559250653,2021-07,0.01
3355881107559250653,2021-07,0.0
3355881107559250653,2021-07,0.006666666666666667
3355881107559250653,2021-08,0.03666666666666667
3355881107559250653,2021-08,0.0033333333333333335
3355881107559250653,2021-08,0.0
3355881107559250653,2021-08,0.0
3355881107559250653,2021-08,0.0
3355881107559250653,2021-08,0.0
7492389223353246125,2021-07,0.013333333333333334
1078687383992817574,2021-07,0.01
1078687383992817574,2021-08,0.04
1078687383992817574,2021-08,0.056666666666666664
1078687383992817574,2021-08,0.08
1078687383992817574,2021-08,0.07666666666666666
1078687383992817574,2021-08,0.023333333333333334
1078687383992817574,2021-08,0.12666666666666668
5383359512938607117,2021-07,0.02666666666666667
8724731934863284019,2021-07,0.0013333333333333335
8724731934863284019,2021-07,0.01
8724731934863284019,2021-08,0.02
7269781193318890653,2021-07,0.01
7269781193318890653,2021-07,0.0033333333333333335
7269781193318890653,2021-08,0.0
4769364850030443969,2021-07,0.0033333333333333335
4769364850030443969,2021-08,0.40217947330447334
4769364850030443969,2021-08,0.0
7686361238195690925,2021-07,0.056666666666666664
7686361238195690925,2021-07,0.02
7686361238195690925,2021-07,0.03
7686361238195690925,2021-08,0.04666666666666667
7686361238195690925,2021-08,0.16
7686361238195690925,2021-08,0.04
2092588065958607289,2021-07,0.0
2092588065958607289,2021-07,0.09333333333333334
2092588065958607289,2021-07,0.10666666666666667
2092588065958607289,2021-08,0.023333333333333334
2092588065958607289,2021-08,0.0
2092588065958607289,2021-08,0.0033333333333333335
2092588065958607289,2021-08,0.35481216931216925
2092588065958607289,2021-08,0.023333333333333334
2092588065958607289,2021-08,0.0033333333333333335
2092588065958607289,2021-08,0.023333333333333334
2092588065958607289,2021-08,0.0033333333333333335
2092588065958607289,2021-08,0.02666666666666667
2092588065958607289,2021-08,0.013333333333333334
2092588065958607289,2021-08,0.02
2092588065958607289,2021-08,0.023333333333333334
5726884001073147293,2021-07,0.08333333333333333
7398738404146260251,2021-07,0.08333333333333333
7182085930008391174,2021-07,0.01
7182085930008391174,2021-08,0.05
7182085930008391174,2021-08,0.013333333333333334
1611146298923153842,2021-07,0.02
1611146298923153842,2021-07,0.006666666666666667
1611146298923153842,2021-07,0.03
1611146298923153842,2021-08,0.013333333333333334
1611146298923153842,2021-08,0.013333333333333334
1553628056929342565,2021-07,0.023333333333333334
1553628056929342565,2021-07,0.006666666666666667
1553628056929342565,2021-07,0.0033333333333333335
1553628056929342565,2021-08,0.272037037037037
1553628056929342565,2021-08,0.0033333333333333335
1553628056929342565,2021-08,0.013333333333333334
4432551314797496562,2021-07,0.45
8385636129786687263,2021-07,0.04
8385636129786687263,2021-08,0.02
1874387298050692165,2021-07,0.013333333333333334
4850722092974676955,2021-07,0.09333333333333334
4850722092974676955,2021-08,0.16333333333333333
4334472256949955221,2021-07,0.01
4334472256949955221,2021-08,0.09333333333333334
4334472256949955221,2021-08,0.02
5306165689101138983,2021-07,0.01
3140918607946425426,2021-07,0.01
3140918607946425426,2021-07,0.0033333333333333335
3140918607946425426,2021-08,0.01
3140918607946425426,2021-08,0.12
3140918607946425426,2021-08,0.10666666666666667
3140918607946425426,2021-08,0.07666666666666666
3382609338395832683,2021-07,0.03244444444444445
3382609338395832683,2021-07,0.0
3382609338395832683,2021-08,0.02
3382609338395832683,2021-08,0.006666666666666667
9108733472015251498,2021-07,0.017777777777777778
7963861799566207637,2021-07,0.02
7963861799566207637,2021-07,0.006666666666666667
7963861799566207637,2021-08,0.04
3183208564139585182,2021-07,0.6933333333333334
963687627963462983,2021-07,0.006666666666666667
963687627963462983,2021-08,0.023333333333333334
963687627963462983,2021-08,0.02666666666666667
4530631557358349711,2021-07,0.02
4530631557358349711,2021-07,0.03666666666666667
4530631557358349711,2021-08,0.006666666666666667
4530631557358349711,2021-08,0.01
4489904752023469353,2021-07,0.05333333333333334
4489904752023469353,2021-08,0.07
4489904752023469353,2021-08,0.03
8248484932270772248,2021-07,0.03577777777777778
8248484932270772248,2021-08,0.10333333333333333
2333404192508932057,2021-07,0.05333333333333334
2333404192508932057,2021-07,0.056666666666666664
2333404192508932057,2021-08,0.15
8784237149961904,2021-07,0.0044444444444444444
8784237149961904,2021-08,0.03
8784237149961904,2021-08,0.013333333333333334
8784237149961904,2021-08,0.03
7992317448197179816,2021-07,0.023333333333333334
7992317448197179816,2021-08,0.006666666666666667
7992317448197179816,2021-08,0.0
6276792736652545216,2021-07,0.02666666666666667
6276792736652545216,2021-08,0.0033333333333333335
6276792736652545216,2021-08,0.006666666666666667
6204723742351094322,2021-07,0.016666666666666666
6204723742351094322,2021-08,0.0033333333333333335
705648002974742140,2021-07,0.006666666666666667
705648002974742140,2021-08,0.016666666666666666
798425422240919854,2021-07,0.01577777777777778
798425422240919854,2021-07,0.013333333333333334
798425422240919854,2021-08,0.01
798425422240919854,2021-08,0.01
798425422240919854,2021-08,0.0033333333333333335
5432443358006556295,2021-07,0.02666666666666667
5432443358006556295,2021-08,0.016666666666666666
5432443358006556295,2021-08,0.08
4395946187332973749,2021-07,0.06
4395946187332973749,2021-08,0.023333333333333334
5752688018135006198,2021-07,0.01
5752688018135006198,2021-08,0.0033333333333333335
5752688018135006198,2021-08,0.0
6633838062940819075,2021-07,0.04
6633838062940819075,2021-07,0.016666666666666666
6633838062940819075,2021-07,0.006666666666666667
6633838062940819075,2021-08,0.013333333333333334
2598475569074240783,2021-07,0.04
7750874287225529604,2021-07,0.04
7750874287225529604,2021-08,0.0033333333333333335
7750874287225529604,2021-08,0.023333333333333334
7750874287225529604,2021-08,0.01
4635578010631860111,2021-07,0.023333333333333334
4820852183212661131,2021-07,0.02
4820852183212661131,2021-08,0.016666666666666666
5078307295214858596,2021-07,0.07333333333333333
8559143756893267192,2021-07,0.006666666666666667
3511416927745338332,2021-07,0.07
3511416927745338332,2021-08,0.013333333333333334
5607900901204647807,2021-07,0.01
7664272163315705419,2021-07,0.03666666666666667
7664272163315705419,2021-08,0.016666666666666666
2088532321693492263,2021-07,0.01
2088532321693492263,2021-08,0.4482222222222223
2088532321693492263,2021-08,0.0
6858769421191999702,2021-07,0.011666666666666667
6858769421191999702,2021-08,0.06333333333333334
6858769421191999702,2021-08,0.01
1692423451726508456,2021-07,0.12
8255085612985072878,2021-07,0.05
8255085612985072878,2021-07,0.013333333333333334
8255085612985072878,2021-08,0.04
7176848230239877915,2021-07,0.01
7176848230239877915,2021-08,0.01
7176848230239877915,2021-08,0.013333333333333334
5855956854975734380,2021-07,0.03333333333333333
5855956854975734380,2021-08,0.07
1998941557906036376,2021-07,0.015
1998941557906036376,2021-08,0.006666666666666667
7816319470107777265,2021-07,0.03333333333333333
295375823203017296,2021-07,0.02666666666666667
6828316696355015040,2021-07,0.04
6828316696355015040,2021-08,0.04
8252215766413781202,2021-07,0.13333333333333333
8252215766413781202,2021-08,0.07666666666666666
3970610368027129821,2021-07,0.006666666666666667
3970610368027129821,2021-08,0.0
7141263195360679278,2021-07,0.013333333333333334
7141263195360679278,2021-08,0.4449206349206348
7141263195360679278,2021-08,0.02
2003221759676247813,2021-07,0.045
2003221759676247813,2021-08,0.0
2735662700719640627,2021-07,0.015
4052557282157719526,2021-07,0.013333333333333334
4052557282157719526,2021-08,0.03666666666666667
4052557282157719526,2021-08,0.0
3258345688897172820,2021-07,0.013333333333333334
7462607259426026440,2021-07,0.025
7462607259426026440,2021-08,0.07
4556737702757145073,2021-07,0.0033333333333333335
4556737702757145073,2021-08,0.02666666666666667
4556737702757145073,2021-08,0.02666666666666667
6926309382371178621,2021-07,0.013333333333333334
8961924617442201922,2021-07,0.016666666666666666
8961924617442201922,2021-08,0.016666666666666666
8961924617442201922,2021-08,0.02
8961924617442201922,2021-08,0.4757460317460317
8961924617442201922,2021-08,0.0
8552039412779393821,2021-07,0.24333333333333335
8552039412779393821,2021-08,0.3168951418951419
8552039412779393821,2021-08,0.30833333333333335
622073912578471754,2021-07,0.0033333333333333335
1613152204777372951,2021-07,0.0033333333333333335
6164364689409425900,2021-07,0.055
6091519986999196884,2021-07,0.0033333333333333335
6091519986999196884,2021-08,0.0
6091519986999196884,2021-08,0.0
8374461419511631785,2021-07,0.0
8374461419511631785,2021-08,0.11
3421433989501830226,2021-07,0.02
3713742318997880410,2021-07,0.20333333333333334
3713742318997880410,2021-07,0.043333333333333335
3713742318997880410,2021-08,0.02
3713742318997880410,2021-08,0.36333333333333334
1368430815953333691,2021-07,0.01
4183921942053157552,2021-07,0.09
4183921942053157552,2021-08,0.08666666666666667
4183921942053157552,2021-08,0.05
4183921942053157552,2021-08,0.04
2900002014851776114,2021-07,0.12666666666666668
1778014915038250584,2021-07,0.09166666666666666
1778014915038250584,2021-07,0.006666666666666667
1778014915038250584,2021-08,0.01
1420529738304793615,2021-07,0.006666666666666667
7818340804682162328,2021-07,0.006666666666666667
4661684997487171886,2021-07,0.023333333333333334
4661684997487171886,2021-07,0.03
4661684997487171886,2021-08,0.05
4661684997487171886,2021-08,0.016666666666666666
4661684997487171886,2021-08,0.15
4661684997487171886,2021-08,0.01
4661684997487171886,2021-08,0.03666666666666667
851897122328714307,2021-07,0.023333333333333334
851897122328714307,2021-07,0.056666666666666664
851897122328714307,2021-08,0.006666666666666667
851897122328714307,2021-08,0.0033333333333333335
257162352336759783,2021-07,0.0033333333333333335
257162352336759783,2021-08,0.0
5371387005775513675,2021-07,0.006666666666666667
5371387005775513675,2021-08,0.0
5371387005775513675,2021-08,0.0033333333333333335
662944582644865942,2021-07,0.02
662944582644865942,2021-08,0.006666666666666667
662944582644865942,2021-08,0.013333333333333334
662944582644865942,2021-08,0.0033333333333333335
1696462947583294958,2021-07,0.06666666666666667
1696462947583294958,2021-08,0.056666666666666664
6817075905797098547,2021-07,0.02666666666666667
6817075905797098547,2021-08,0.16666666666666666
6817075905797098547,2021-08,0.06666666666666667
6817075905797098547,2021-08,0.13333333333333333
6817075905797098547,2021-08,0.05
6817075905797098547,2021-08,0.1
2201150681962815877,2021-07,0.006666666666666667
7637066986811047950,2021-07,0.006666666666666667
7637066986811047950,2021-08,0.013333333333333334
4571290108043699959,2021-07,0.0033333333333333335
4571290108043699959,2021-08,0.12
5562543665139612149,2021-07,0.06333333333333334
2814790209436551216,2021-07,0.05333333333333334
2814790209436551216,2021-08,0.01
2814790209436551216,2021-08,0.01
8646472172649019955,2021-07,0.013333333333333334
8646472172649019955,2021-08,0.02
4919908458022265747,2021-07,0.0033333333333333335
4919908458022265747,2021-08,0.006666666666666667
8049805689946244047,2021-07,0.013333333333333334
8049805689946244047,2021-08,0.016666666666666666
8049805689946244047,2021-08,0.006666666666666667
8049805689946244047,2021-08,0.04
1292049196559782171,2021-07,0.03333333333333333
1292049196559782171,2021-08,0.04
1292049196559782171,2021-08,0.01
1292049196559782171,2021-08,0.05333333333333334
1292049196559782171,2021-08,0.05333333333333334
7810985951121711480,2021-07,0.02666666666666667
7810985951121711480,2021-08,0.0033333333333333335
6098833389547425063,2021-07,0.04
6098833389547425063,2021-08,0.0033333333333333335
8376902089871279815,2021-07,0.016666666666666666
8013668117699219722,2021-07,0.3
8013668117699219722,2021-08,0.0
6471448246085839373,2021-07,0.0033333333333333335
6471448246085839373,2021-08,0.0
1308019675417057675,2021-07,0.043333333333333335
1308019675417057675,2021-07,0.08
1308019675417057675,2021-08,0.12
1235244772550233980,2021-07,0.006666666666666667
1235244772550233980,2021-08,0.023333333333333334
1235244772550233980,2021-08,0.07666666666666666
5477900120643078645,2021-07,0.01
5477900120643078645,2021-08,0.0033333333333333335
5477900120643078645,2021-08,0.0033333333333333335
5477900120643078645,2021-08,0.016666666666666666
6796564304742670823,2021-07,0.13
3538481420098344176,2021-07,0.6166666666666667
3538481420098344176,2021-08,0.35333333333333333
7444686668183702737,2021-07,0.0
7444686668183702737,2021-08,0.013333333333333334
7444686668183702737,2021-08,0.016666666666666666
3192341047315717823,2021-07,0.006666666666666667
3192341047315717823,2021-08,0.0
2179772649873197365,2021-07,0.4166666666666667
7442192566700924647,2021-07,0.16666666666666666
6134696632487351445,2021-07,0.01
6134696632487351445,2021-08,0.01
8874257794774679816,2021-07,0.03333333333333333
2382123267535341265,2021-08,0.06333333333333334
2382123267535341265,2021-08,0.06
2382123267535341265,2021-08,0.02666666666666667
2382123267535341265,2021-08,0.13
3275327267689584006,2021-08,0.03333333333333333
3275327267689584006,2021-08,0.006666666666666667
3275327267689584006,2021-08,0.11333333333333333
6216982347344525048,2021-08,0.02666666666666667
6216982347344525048,2021-08,0.0
2780030912070252968,2021-08,0.056666666666666664
8245393384938410770,2021-08,0.03
7920896580423665241,2021-08,0.023333333333333334
7920896580423665241,2021-08,0.01
7920896580423665241,2021-08,0.05
1430896989654626045,2021-08,0.11
1430896989654626045,2021-08,0.1
9099218788416728596,2021-08,0.4533333333333333
9099218788416728596,2021-08,0.19333333333333333
5795100045494475994,2021-08,0.02
5795100045494475994,2021-08,0.09
8915958534285799867,2021-08,0.07666666666666666
7403979270048469991,2021-08,0.03
7403979270048469991,2021-08,0.0033333333333333335
7590999900861381526,2021-08,0.02666666666666667
8843432852270832388,2021-08,0.023333333333333334
5029701292539093910,2021-08,0.023333333333333334
5029701292539093910,2021-08,0.04
2290083177086946553,2021-08,0.04666666666666667
2290083177086946553,2021-08,0.013333333333333334
2290083177086946553,2021-08,0.02666666666666667
1414132620714431952,2021-08,0.023333333333333334
3036967290595689189,2021-08,0.006666666666666667
2870813069335519467,2021-08,0.02666666666666667
7751080728852739823,2021-08,0.03
7751080728852739823,2021-08,0.013333333333333334
4762256864594914240,2021-08,0.02
4762256864594914240,2021-08,0.043333333333333335
3386019519917828299,2021-08,0.03333333333333333
3386019519917828299,2021-08,0.013333333333333334
6532139198609901627,2021-08,0.02666666666666667
6532139198609901627,2021-08,0.03333333333333333
8067924767167570288,2021-08,0.02666666666666667
8067924767167570288,2021-08,0.01
8067924767167570288,2021-08,0.023333333333333334
1945147145527703963,2021-08,0.01
1945147145527703963,2021-08,0.02
1945147145527703963,2021-08,0.023333333333333334
3333870869270823799,2021-08,0.3578030303030303
2250817603281429928,2021-08,0.01
2250817603281429928,2021-08,0.013333333333333334
9038299527164672091,2021-08,0.07333333333333333
8715120689636420963,2021-08,0.006666666666666667
984915269987074754,2021-08,0.0033333333333333335
984915269987074754,2021-08,0.0
984915269987074754,2021-08,0.0033333333333333335
2012477868296377155,2021-08,0.05333333333333334
2012477868296377155,2021-08,0.07
2012477868296377155,2021-08,0.11666666666666667
2012477868296377155,2021-08,0.13666666666666666
6100972975033180377,2021-08,0.05333333333333334
8511588642284189303,2021-08,0.03666666666666667
8511588642284189303,2021-08,0.03666666666666667
8511588642284189303,2021-08,0.023333333333333334
7206599058451025691,2021-08,0.08333333333333333
7206599058451025691,2021-08,0.07
4392369075438855735,2021-08,0.09
4392369075438855735,2021-08,0.01
4392369075438855735,2021-08,0.15
3447213159487287154,2021-08,0.5582863802863803
3447213159487287154,2021-08,0.4225
3447213159487287154,2021-08,0.5086060606060606
1579681122696922043,2021-08,0.013333333333333334
1579681122696922043,2021-08,0.056666666666666664
2687720147676132707,2021-08,0.0
2687720147676132707,2021-08,0.0
683445437387317282,2021-08,0.01
683445437387317282,2021-08,0.0
3903290047715748290,2021-08,0.08333333333333333
7970976988071755401,2021-08,0.013333333333333334
7970976988071755401,2021-08,0.5576666666666668
7970976988071755401,2021-08,0.016666666666666666
8083157716178259762,2021-08,0.01
8083157716178259762,2021-08,0.01
8083157716178259762,2021-08,0.013333333333333334
8343941262792249232,2021-08,0.016666666666666666
8343941262792249232,2021-08,0.05
8343941262792249232,2021-08,0.06
5225029212547588718,2021-08,0.006666666666666667
170089315547146305,2021-08,0.01
170089315547146305,2021-08,0.013333333333333334
170089315547146305,2021-08,0.35481216931216925
170089315547146305,2021-08,0.0033333333333333335
3724562776372632620,2021-08,0.12333333333333334
1000372849175668062,2021-08,0.07333333333333333
1000372849175668062,2021-08,0.0
5200455618694210402,2021-08,0.0033333333333333335
2619109825960703851,2021-08,0.02
6337915293429442229,2021-08,0.0033333333333333335
1951407691087813358,2021-08,0.0033333333333333335
1951407691087813358,2021-08,0.006666666666666667
1951407691087813358,2021-08,0.0
7471183491728700531,2021-08,0.03
7471183491728700531,2021-08,0.03666666666666667
7330131219998265639,2021-08,0.0
5465001651966355821,2021-08,0.01
5465001651966355821,2021-08,0.03
5465001651966355821,2021-08,0.0033333333333333335
5883155883105348987,2021-08,0.01
4090195792518021727,2021-08,0.03333333333333333
4090195792518021727,2021-08,0.013333333333333334
4090195792518021727,2021-08,0.01
18719614953021044,2021-08,0.09
1533755281771668509,2021-08,0.006666666666666667
837142477962609471,2021-08,0.016666666666666666
6456490958004500912,2021-08,0.0
5460280878923715699,2021-08,0.04
5460280878923715699,2021-08,0.5041349206349206
1757249986361236700,2021-08,0.0033333333333333335
6909701795322574613,2021-08,0.05
1115703227712697214,2021-08,0.06333333333333334
107343823625119033,2021-08,0.05
107343823625119033,2021-08,0.08666666666666667
107343823625119033,2021-08,0.07333333333333333
107343823625119033,2021-08,0.023333333333333334
4956614249204803652,2021-08,0.0033333333333333335
4956614249204803652,2021-08,0.05
4008627434689715639,2021-08,0.05
4008627434689715639,2021-08,0.31333333333333335
4008627434689715639,2021-08,0.20333333333333334
4008627434689715639,2021-08,0.21333333333333335
4008627434689715639,2021-08,0.16333333333333333
2772135008486239291,2021-08,0.3226666666666666
5558533999208199371,2021-08,0.006666666666666667
4130617254899676131,2021-08,0.35481216931216925
4130617254899676131,2021-08,0.006666666666666667
3543162424793477785,2021-08,0.04
3543162424793477785,2021-08,0.05
4512887927067894301,2021-08,0.4462539682539682
1044946691507317745,2021-08,0.016666666666666666
7031913170099381454,2021-08,0.016666666666666666
2407532237672094312,2021-08,0.4462539682539682
2407532237672094312,2021-08,0.04
5687511145009775604,2021-08,0.3023042328042328
696014079855281037,2021-08,0.01
1708019696828098378,2021-08,0.0033333333333333335
1708019696828098378,2021-08,0.0033333333333333335
9206030810342980458,2021-08,0.4449206349206348
9206030810342980458,2021-08,0.016666666666666666
2778852475840838977,2021-08,0.05333333333333334
1106971614386004604,2021-08,0.2589444444444445
3045840317107313913,2021-08,0.01
3045840317107313913,2021-08,0.01
6754039979151386401,2021-08,0.0033333333333333335
6754039979151386401,2021-08,0.0033333333333333335
6754039979151386401,2021-08,0.006666666666666667
8004409125524742779,2021-08,0.043333333333333335
8004409125524742779,2021-08,0.06666666666666667
8004409125524742779,2021-08,0.05333333333333334
1741049493106216406,2021-08,0.2845820105820106
4335865859049992260,2021-08,0.043333333333333335
4335865859049992260,2021-08,0.0033333333333333335
4335865859049992260,2021-08,0.006666666666666667
8623308321032624474,2021-08,0.3535079365079365
8623308321032624474,2021-08,0.03
3516294920850464913,2021-08,0.08333333333333333
1052398277967427422,2021-08,0.6621772486772486
1334091158016312155,2021-08,0.006666666666666667
6486277549325701534,2021-08,0.07666666666666666
6486277549325701534,2021-08,0.01
6486277549325701534,2021-08,0.0033333333333333335
1423952977138155129,2021-08,0.02
1423952977138155129,2021-08,0.023333333333333334
1956406515279457110,2021-08,0.39
1956406515279457110,2021-08,0.016666666666666666
1956406515279457110,2021-08,0.02
7142043104834932013,2021-08,0.016666666666666666
7142043104834932013,2021-08,0.0
2785178201607654410,2021-08,0.016666666666666666
3472934456083131714,2021-08,0.02666666666666667
3472934456083131714,2021-08,0.0033333333333333335
5487870288449327165,2021-08,0.03666666666666667
6528158819463595826,2021-08,0.02
8163895533020293251,2021-08,0.15857142857142856
8163895533020293251,2021-08,0.4025
4660230701075746534,2021-08,0.4023888888888889
4660230701075746534,2021-08,0.46345238095238095
6842075380768862290,2021-08,0.0
7911162482760986289,2021-08,0.3566666666666667
8729164666041467296,2021-08,0.016666666666666666
521351744568531135,2021-08,0.02666666666666667
1166653268490470189,2021-08,0.02
1166653268490470189,2021-08,0.03
7076661330300123587,2021-08,0.0
531805620371082364,2021-08,0.01
4165983075385227812,2021-08,0.0
4165983075385227812,2021-08,0.0033333333333333335
4165983075385227812,2021-08,0.0033333333333333335
665505091521986356,2021-08,0.0
1687017009357941608,2021-08,0.17761904761904762
2773493808492482979,2021-08,0.043333333333333335
4662079815415471798,2021-08,0.06333333333333334
5574997762710520717,2021-08,0.016666666666666666
1207306324957395736,2021-08,0.08666666666666667
3915426102465954493,2021-08,0.023333333333333334
1093053069479288753,2021-08,0.07
4569866309119931805,2021-08,0.08
4351694415353093046,2021-08,0.07333333333333333
5255460548789019114,2021-08,0.0033333333333333335
8826489829259520138,2021-08,0.03
3592461881055047578,2021-08,0.023333333333333334
6987942592445950913,2021-08,0.04
1467843186411742274,2021-08,0.02666666666666667
1467843186411742274,2021-08,0.013333333333333334
39547025441582855,2021-08,0.013333333333333334
39547025441582855,2021-08,0.0
873223039957991123,2021-08,0.10666666666666667
7671566034617837932,2021-08,0.0
7671566034617837932,2021-08,0.0
7671566034617837932,2021-08,0.0
5689766561863956319,2021-08,0.03333333333333333
7260748352873493818,2021-08,0.06666666666666667
4284129442855564250,2021-08,0.10666666666666667
1069093308328204542,2021-08,0.016666666666666666
326257359176916767,2021-08,0.0
6615694774618628402,2021-08,0.09
6615694774618628402,2021-08,0.04
7524505197759784814,2021-08,0.05333333333333334
6598561842700412652,2021-08,0.20333333333333334
6598561842700412652,2021-08,0.07333333333333333
6598561842700412652,2021-08,0.2825
6598561842700412652,2021-08,0.13666666666666666
69766362497027920,2021-08,0.03666666666666667
6865071386683133124,2021-08,0.023333333333333334
6865071386683133124,2021-08,0.013333333333333334
6020593949794792044,2021-08,0.01
1698828605814171242,2021-08,0.02666666666666667
1698828605814171242,2021-08,0.03666666666666667
8707474618041058293,2021-08,0.06666666666666667
6731795019313479942,2021-08,0.0
6941381638534728190,2021-08,0.0
5854364934896993687,2021-08,0.03
2678966409665050034,2021-08,0.03333333333333333
8706851346184249504,2021-08,0.0
988707525807573448,2021-08,0.03666666666666667
8736788139020105764,2021-08,0.043333333333333335
7061868716439556791,2021-08,0.23333333333333334
4677213860368191144,2021-08,0.006666666666666667
4677213860368191144,2021-08,0.0
8463871205935856285,2021-08,0.08666666666666667
8463871205935856285,2021-08,0.023333333333333334
7944852965555666513,2021-08,0.006666666666666667
3361278050140871809,2021-08,0.09666666666666666
5373371196946859811,2021-08,0.0
5373371196946859811,2021-08,0.03333333333333333
2386535178006664233,2021-08,0.15333333333333332
2308217045093677129,2021-08,0.013333333333333334
4831988987853936627,2021-08,0.04
8292458529987016717,2021-08,0.006666666666666667
8292458529987016717,2021-08,0.03333333333333333
2805743565496207618,2021-08,0.03333333333333333
6968106554514688300,2021-08,0.02
8994944800097997361,2021-08,0.12666666666666668
8994944800097997361,2021-08,0.08
8994944800097997361,2021-08,0.08
4874157215501489741,2021-08,0.1
6636325081217917184,2021-08,0.3933333333333333
5540361570968095722,2021-08,0.01
7848910047105468475,2021-08,0.03666666666666667
8449503736717242889,2021-08,0.22666666666666666
7708030042671632236,2021-08,0.0
7708030042671632236,2021-08,0.006666666666666667
8859064595603380512,2021-08,0.15666666666666668
5082813456193598086,2021-08,0.006666666666666667
6704528044328834201,2021-08,0.016666666666666666
2499050168966442376,2021-08,0.04
7138126049219817285,2021-08,0.043333333333333335
9142266044170177362,2021-08,0.07333333333333333
2508429106201166689,2021-08,0.03333333333333333
7719481195372677540,2021-08,0.03666666666666667
8398000036517692656,2021-08,0.01
1285245417998627607,2021-08,0.4073809523809524
1997130697107291654,2021-08,0.03666666666666667
6724017568171288443,2021-08,0.02666666666666667
5136739522477907100,2021-08,0.12
3148228961195376491,2021-08,0.15333333333333332
1827463638348028912,2021-08,0.02666666666666667
6213213514675778388,2021-08,0.03666666666666667
1396078312562623766,2021-08,0.17666666666666667
2092588065958607289,2021-08,0.02
2092588065958607289,2021-08,0.0
2092588065958607289,2021-08,0.0033333333333333335
2092588065958607289,2021-08,0.023333333333333334
2092588065958607289,2021-09,0.09666666666666666
2092588065958607289,2021-09,0.06
2092588065958607289,2021-09,0.04
2092588065958607289,2021-09,0.013333333333333334
2092588065958607289,2021-09,0.013333333333333334
2092588065958607289,2021-09,0.013333333333333334
2092588065958607289,2021-09,0.006666666666666667
8004409125524742779,2021-08,0.04
8004409125524742779,2021-09,0.01
8004409125524742779,2021-09,0.006666666666666667
8004409125524742779,2021-09,0.0033333333333333335
1308019675417057675,2021-08,0.006666666666666667
1308019675417057675,2021-08,0.28
1308019675417057675,2021-09,0.10207081807081804
1308019675417057675,2021-09,0.023333333333333334
1687017009357941608,2021-08,0.38333333333333336
5220206408301580591,2021-08,0.016666666666666666
1088268935649917461,2021-08,0.03333333333333333
1088268935649917461,2021-08,0.006666666666666667
683445437387317282,2021-08,0.1
683445437387317282,2021-08,0.01
683445437387317282,2021-09,0.01
3447213159487287154,2021-08,0.63
2499050168966442376,2021-08,0.11666666666666667
2499050168966442376,2021-09,0.2833333333333333
8529899700094903171,2021-08,0.006666666666666667
8529899700094903171,2021-08,0.023333333333333334
8529899700094903171,2021-08,0.06
8529899700094903171,2021-08,0.13333333333333333
8529899700094903171,2021-08,0.03
8529899700094903171,2021-08,0.023333333333333334
8529899700094903171,2021-08,0.0033333333333333335
8529899700094903171,2021-08,0.006666666666666667
8529899700094903171,2021-08,0.006666666666666667
8529899700094903171,2021-08,0.016666666666666666
8529899700094903171,2021-08,0.17
8529899700094903171,2021-08,0.09
8529899700094903171,2021-08,0.20666666666666667
8529899700094903171,2021-08,0.08
8529899700094903171,2021-08,0.3333333333333333
8529899700094903171,2021-08,0.23666666666666666
8529899700094903171,2021-08,0.023333333333333334
8529899700094903171,2021-08,0.28
8529899700094903171,2021-09,0.08333333333333333
8529899700094903171,2021-09,0.18333333333333332
8529899700094903171,2021-09,0.06
8529899700094903171,2021-09,0.01
8529899700094903171,2021-09,0.03
8529899700094903171,2021-09,0.03
8529899700094903171,2021-09,0.006666666666666667
8529899700094903171,2021-09,0.03333333333333333
8529899700094903171,2021-09,0.19666666666666666
8529899700094903171,2021-09,0.12333333333333334
8529899700094903171,2021-09,0.06
7221446976321358973,2021-08,0.006666666666666667
7221446976321358973,2021-09,0.006666666666666667
7221446976321358973,2021-09,0.01
6594970822995540982,2021-08,0.4066666666666667
6594970822995540982,2021-09,0.023333333333333334
1156053485989336481,2021-08,0.02
1156053485989336481,2021-08,0.0
1156053485989336481,2021-08,0.02
1156053485989336481,2021-08,0.02666666666666667
1156053485989336481,2021-08,0.016666666666666666
1156053485989336481,2021-08,0.02666666666666667
1156053485989336481,2021-08,0.04
1156053485989336481,2021-08,0.03
1156053485989336481,2021-08,0.03666666666666667
1156053485989336481,2021-08,0.02666666666666667
1156053485989336481,2021-08,0.02666666666666667
1156053485989336481,2021-08,0.12
1156053485989336481,2021-08,0.19666666666666666
1156053485989336481,2021-08,0.19666666666666666
1156053485989336481,2021-08,0.04
1156053485989336481,2021-08,0.19333333333333333
1156053485989336481,2021-08,0.016666666666666666
1156053485989336481,2021-08,0.01
1156053485989336481,2021-08,0.02
1156053485989336481,2021-08,0.016666666666666666
1156053485989336481,2021-08,0.0033333333333333335
1156053485989336481,2021-08,0.023333333333333334
1156053485989336481,2021-08,0.4166666666666667
1156053485989336481,2021-08,0.07666666666666666
1156053485989336481,2021-08,0.07666666666666666
1156053485989336481,2021-08,0.17666666666666667
1156053485989336481,2021-08,0.06666666666666667
1156053485989336481,2021-08,0.05333333333333334
1156053485989336481,2021-08,0.023333333333333334
1156053485989336481,2021-08,0.16666666666666666
1156053485989336481,2021-08,0.10666666666666667
1156053485989336481,2021-08,0.09333333333333334
1156053485989336481,2021-08,0.09666666666666666
1156053485989336481,2021-09,0.03666666666666667
1156053485989336481,2021-09,0.02
1156053485989336481,2021-09,0.06333333333333334
1156053485989336481,2021-09,0.08
1156053485989336481,2021-09,0.05
1156053485989336481,2021-09,0.06333333333333334
1156053485989336481,2021-09,0.05
1156053485989336481,2021-09,0.08
1156053485989336481,2021-09,0.03
1156053485989336481,2021-09,0.46615873015873016
1156053485989336481,2021-09,0.02666666666666667
1156053485989336481,2021-09,0.023333333333333334
1156053485989336481,2021-09,0.023333333333333334
1156053485989336481,2021-09,0.5199338624338625
1156053485989336481,2021-09,0.4122116402116403
1156053485989336481,2021-09,0.08666666666666667
1156053485989336481,2021-09,0.08333333333333333
1156053485989336481,2021-09,0.29333333333333333
1156053485989336481,2021-09,0.01
1156053485989336481,2021-09,0.07666666666666666
1156053485989336481,2021-09,0.12666666666666668
1156053485989336481,2021-09,0.12666666666666668
1156053485989336481,2021-09,0.22
1156053485989336481,2021-09,0.08666666666666667
1156053485989336481,2021-09,0.14
1156053485989336481,2021-09,0.12666666666666668
1156053485989336481,2021-09,0.08333333333333333
1156053485989336481,2021-09,0.0033333333333333335
1156053485989336481,2021-09,0.0
1156053485989336481,2021-09,0.016666666666666666
8926565682509268383,2021-08,0.06
8926565682509268383,2021-08,0.07
8926565682509268383,2021-08,0.07
8926565682509268383,2021-08,0.016666666666666666
8926565682509268383,2021-08,0.02
8926565682509268383,2021-08,0.013333333333333334
8926565682509268383,2021-08,0.13
8926565682509268383,2021-09,0.023333333333333334
8926565682509268383,2021-09,0.11
8926565682509268383,2021-09,0.0033333333333333335
8926565682509268383,2021-09,0.02
8926565682509268383,2021-09,0.006666666666666667
8926565682509268383,2021-09,0.023333333333333334
8926565682509268383,2021-09,0.02
8926565682509268383,2021-09,0.11
8926565682509268383,2021-09,0.5472777777777778
8926565682509268383,2021-09,0.07
8926565682509268383,2021-09,0.05
5517114603826429870,2021-08,0.023333333333333334
5517114603826429870,2021-08,0.12
1118514612547157551,2021-08,0.09
1118514612547157551,2021-08,0.20333333333333334
1118514612547157551,2021-09,0.19
1118514612547157551,2021-09,0.05
5108407319813072955,2021-08,0.03
5108407319813072955,2021-08,0.01
5108407319813072955,2021-08,0.016666666666666666
5108407319813072955,2021-09,0.03
5481711897502154955,2021-08,0.013333333333333334
5481711897502154955,2021-08,0.006666666666666667
5481711897502154955,2021-08,0.02666666666666667
5481711897502154955,2021-09,0.023333333333333334
5481711897502154955,2021-09,0.023333333333333334
5481711897502154955,2021-09,0.11666666666666667
5880041582322293710,2021-08,0.016666666666666666
5880041582322293710,2021-08,0.006666666666666667
5880041582322293710,2021-08,0.016666666666666666
5880041582322293710,2021-08,0.07333333333333333
5880041582322293710,2021-08,0.07333333333333333
5880041582322293710,2021-08,0.05
5880041582322293710,2021-08,0.05
5880041582322293710,2021-08,0.043333333333333335
5880041582322293710,2021-09,0.17
5880041582322293710,2021-09,0.023333333333333334
5880041582322293710,2021-09,0.08
4862285428951244424,2021-08,0.013333333333333334
4862285428951244424,2021-08,0.06666666666666667
4862285428951244424,2021-08,0.07666666666666666
4862285428951244424,2021-08,0.01
4862285428951244424,2021-09,0.01
4862285428951244424,2021-09,0.05333333333333334
4850722092974676955,2021-08,0.09666666666666666
4850722092974676955,2021-08,0.013333333333333334
4850722092974676955,2021-09,0.10333333333333333
8163895533020293251,2021-08,0.4530687830687831
8163895533020293251,2021-08,0.44444444444444436
8163895533020293251,2021-08,0.39
8163895533020293251,2021-08,0.57
8163895533020293251,2021-08,0.35
8163895533020293251,2021-08,0.29333333333333333
8163895533020293251,2021-08,0.36666666666666664
8163895533020293251,2021-09,0.33
8163895533020293251,2021-09,0.3413333333333334
8163895533020293251,2021-09,0.21
5761480994209806499,2021-08,0.03333333333333333
5761480994209806499,2021-08,0.0033333333333333335
5761480994209806499,2021-08,0.01
5761480994209806499,2021-08,0.08333333333333333
5761480994209806499,2021-08,0.043333333333333335
5761480994209806499,2021-08,0.043333333333333335
5761480994209806499,2021-08,0.016666666666666666
5761480994209806499,2021-08,0.016666666666666666
5761480994209806499,2021-08,0.0
5761480994209806499,2021-08,0.02666666666666667
5761480994209806499,2021-08,0.02
5761480994209806499,2021-08,0.023333333333333334
5761480994209806499,2021-08,0.006666666666666667
5761480994209806499,2021-08,0.013333333333333334
5761480994209806499,2021-08,0.01
5761480994209806499,2021-08,0.0033333333333333335
5761480994209806499,2021-08,0.03
5761480994209806499,2021-08,0.006666666666666667
5761480994209806499,2021-08,0.023333333333333334
5761480994209806499,2021-09,0.03666666666666667
5761480994209806499,2021-09,0.02666666666666667
5761480994209806499,2021-09,0.006666666666666667
5761480994209806499,2021-09,0.0033333333333333335
5761480994209806499,2021-09,0.6091111111111112
5761480994209806499,2021-09,0.0
5761480994209806499,2021-09,0.013333333333333334
5761480994209806499,2021-09,0.006666666666666667
5761480994209806499,2021-09,0.0033333333333333335
5761480994209806499,2021-09,0.006666666666666667
5761480994209806499,2021-09,0.02
5761480994209806499,2021-09,0.006666666666666667
5761480994209806499,2021-09,0.006666666666666667
5761480994209806499,2021-09,0.07
5761480994209806499,2021-09,0.0033333333333333335
5761480994209806499,2021-09,0.0033333333333333335
5761480994209806499,2021-09,0.0
5761480994209806499,2021-09,0.01
5761480994209806499,2021-09,0.02
5761480994209806499,2021-09,0.006666666666666667
5761480994209806499,2021-09,0.01
5761480994209806499,2021-09,0.023333333333333334
5761480994209806499,2021-09,0.023333333333333334
4935929591787890253,2021-08,0.006666666666666667
4935929591787890253,2021-08,0.043333333333333335
4935929591787890253,2021-08,0.016666666666666666
4935929591787890253,2021-09,0.02666666666666667
4935929591787890253,2021-09,0.043333333333333335
4935929591787890253,2021-09,0.023333333333333334
5522764880180045081,2021-08,0.07
5522764880180045081,2021-08,0.013333333333333334
5522764880180045081,2021-08,0.04
5522764880180045081,2021-09,0.0033333333333333335
8409181491723988567,2021-08,0.016666666666666666
8409181491723988567,2021-08,0.006666666666666667
8409181491723988567,2021-08,0.06
8409181491723988567,2021-09,0.056666666666666664
6582676833651678345,2021-08,0.006666666666666667
6582676833651678345,2021-08,0.013333333333333334
6582676833651678345,2021-08,0.03333333333333333
6582676833651678345,2021-09,0.03333333333333333
6582676833651678345,2021-09,0.013333333333333334
6582676833651678345,2021-09,0.03
6582676833651678345,2021-09,0.006666666666666667
6582676833651678345,2021-09,0.01
6582676833651678345,2021-09,0.0033333333333333335
8487807876567995441,2021-08,0.0033333333333333335
8487807876567995441,2021-08,0.14666666666666667
8487807876567995441,2021-09,0.01
8487807876567995441,2021-09,0.02
8733525963966339207,2021-08,0.01
8733525963966339207,2021-08,0.013333333333333334
8733525963966339207,2021-08,0.03333333333333333
8733525963966339207,2021-09,0.04
8733525963966339207,2021-09,0.013333333333333334
4045739494965095560,2021-08,0.01
4045739494965095560,2021-08,0.0
4045739494965095560,2021-08,0.016666666666666666
4045739494965095560,2021-08,0.22333333333333333
4045739494965095560,2021-08,0.0033333333333333335
4045739494965095560,2021-09,0.0033333333333333335
4045739494965095560,2021-09,0.013333333333333334
4045739494965095560,2021-09,0.13666666666666666
4045739494965095560,2021-09,0.1
4045739494965095560,2021-09,0.0
4045739494965095560,2021-09,0.0033333333333333335
4045739494965095560,2021-09,0.03333333333333333
4045739494965095560,2021-09,0.0033333333333333335
4045739494965095560,2021-09,0.0
4045739494965095560,2021-09,0.013333333333333334
1613152204777372951,2021-08,0.013333333333333334
1613152204777372951,2021-08,0.0
8826489829259520138,2021-08,0.0033333333333333335
8826489829259520138,2021-08,0.05
8826489829259520138,2021-08,0.06666666666666667
8826489829259520138,2021-09,0.023333333333333334
8826489829259520138,2021-09,0.05333333333333334
3382624494518753363,2021-08,0.10666666666666667
3382624494518753363,2021-09,0.013333333333333334
8564920972266217847,2021-08,0.016666666666666666
8564920972266217847,2021-09,0.0
5794903898038236832,2021-08,0.20666666666666667
5794903898038236832,2021-08,0.016666666666666666
5794903898038236832,2021-09,0.10333333333333333
3118152790263512426,2021-08,0.02
3118152790263512426,2021-08,0.05333333333333334
3118152790263512426,2021-08,0.12666666666666668
3118152790263512426,2021-08,0.01
3118152790263512426,2021-08,0.0
3118152790263512426,2021-09,0.0033333333333333335
3118152790263512426,2021-09,0.02
8348574220426911086,2021-08,0.013333333333333334
8348574220426911086,2021-08,0.023333333333333334
8348574220426911086,2021-08,0.03666666666666667
8348574220426911086,2021-09,0.04
8464809590757561185,2021-08,0.0033333333333333335
8464809590757561185,2021-08,0.03666666666666667
8464809590757561185,2021-08,0.01
8464809590757561185,2021-08,0.0
8464809590757561185,2021-08,0.02
8464809590757561185,2021-09,0.03333333333333333
7707459425750676368,2021-08,0.04666666666666667
7707459425750676368,2021-08,0.6388333333333334
7707459425750676368,2021-09,0.04
2025898153078562640,2021-08,0.006666666666666667
2025898153078562640,2021-08,0.06666666666666667
7910340581026492945,2021-08,0.02666666666666667
7910340581026492945,2021-08,0.006666666666666667
7910340581026492945,2021-08,0.0033333333333333335
7910340581026492945,2021-08,0.02666666666666667
7910340581026492945,2021-09,0.023333333333333334
7910340581026492945,2021-09,0.006666666666666667
7910340581026492945,2021-09,0.02
8505870778358741102,2021-08,0.056666666666666664
8505870778358741102,2021-08,0.04666666666666667
8505870778358741102,2021-09,0.04
8505870778358741102,2021-09,0.0033333333333333335
6145308913889808258,2021-08,0.08666666666666667
9184785003280841216,2021-08,0.01
9184785003280841216,2021-08,0.0033333333333333335
9184785003280841216,2021-08,0.0033333333333333335
9184785003280841216,2021-08,0.0033333333333333335
9184785003280841216,2021-08,0.0
9184785003280841216,2021-08,0.12333333333333334
9184785003280841216,2021-09,0.03
9184785003280841216,2021-09,0.016666666666666666
7177785309735471560,2021-08,0.0033333333333333335
7177785309735471560,2021-08,0.0
7177785309735471560,2021-08,0.013333333333333334
7177785309735471560,2021-09,0.09666666666666666
7177785309735471560,2021-09,0.06333333333333334
7177785309735471560,2021-09,0.03666666666666667
7177785309735471560,2021-09,0.043333333333333335
7177785309735471560,2021-09,0.013333333333333334
8835646476961190471,2021-08,0.0033333333333333335
8835646476961190471,2021-08,0.056666666666666664
8835646476961190471,2021-09,0.03
6061850657256270336,2021-08,0.01
6061850657256270336,2021-08,0.013333333333333334
6061850657256270336,2021-09,0.013333333333333334
6061850657256270336,2021-09,0.0033333333333333335
6061850657256270336,2021-09,0.013333333333333334
4679462479444735708,2021-08,0.08333333333333333
4679462479444735708,2021-08,0.03333333333333333
4679462479444735708,2021-08,0.03666666666666667
4679462479444735708,2021-08,0.006666666666666667
4679462479444735708,2021-08,0.0033333333333333335
4679462479444735708,2021-08,0.01
4679462479444735708,2021-08,0.02
4679462479444735708,2021-09,0.016666666666666666
4679462479444735708,2021-09,0.016666666666666666
4679462479444735708,2021-09,0.02666666666666667
4679462479444735708,2021-09,0.03
7818340804682162328,2021-08,0.0
7818340804682162328,2021-08,0.016666666666666666
7818340804682162328,2021-09,0.10207081807081804
7818340804682162328,2021-09,0.05
7818340804682162328,2021-09,0.0033333333333333335
5757271354816214865,2021-08,0.01
5757271354816214865,2021-08,0.13333333333333333
5757271354816214865,2021-09,0.04
8784237149961904,2021-08,0.006666666666666667
8784237149961904,2021-08,0.006666666666666667
8784237149961904,2021-08,0.0033333333333333335
8784237149961904,2021-08,0.006666666666666667
8784237149961904,2021-08,0.01
8784237149961904,2021-09,0.006666666666666667
8784237149961904,2021-09,0.01
4414438591613884911,2021-08,0.043333333333333335
4414438591613884911,2021-08,0.05
4414438591613884911,2021-08,0.013333333333333334
4414438591613884911,2021-09,0.006666666666666667
4414438591613884911,2021-09,0.016666666666666666
3970610368027129821,2021-08,0.0033333333333333335
3970610368027129821,2021-09,0.013333333333333334
3829967475074118757,2021-08,0.006666666666666667
3829967475074118757,2021-08,0.006666666666666667
3829967475074118757,2021-08,0.006666666666666667
3829967475074118757,2021-08,0.04666666666666667
3829967475074118757,2021-08,0.013333333333333334
3829967475074118757,2021-08,0.03
3829967475074118757,2021-09,0.01
8889055492416898333,2021-08,0.04
8889055492416898333,2021-08,0.03333333333333333
8889055492416898333,2021-09,0.0033333333333333335
8889055492416898333,2021-09,0.10207081807081804
8889055492416898333,2021-09,0.04
7436628409157313756,2021-08,0.0033333333333333335
7436628409157313756,2021-08,0.04666666666666667
7436628409157313756,2021-09,0.01
7436628409157313756,2021-09,0.023333333333333334
2191990606593345695,2021-08,0.043333333333333335
2191990606593345695,2021-08,0.06333333333333334
2191990606593345695,2021-08,0.07
3408536439470975134,2021-08,0.02
3408536439470975134,2021-08,0.07666666666666666
3408536439470975134,2021-08,0.006666666666666667
3408536439470975134,2021-08,0.02
3408536439470975134,2021-08,0.006666666666666667
3408536439470975134,2021-09,0.01
3408536439470975134,2021-09,0.07333333333333333
3408536439470975134,2021-09,0.06333333333333334
3408536439470975134,2021-09,0.016666666666666666
3408536439470975134,2021-09,0.02
3408536439470975134,2021-09,0.006666666666666667
3408536439470975134,2021-09,0.0033333333333333335
3408536439470975134,2021-09,0.006666666666666667
3408536439470975134,2021-09,0.0033333333333333335
170089315547146305,2021-08,0.01
170089315547146305,2021-08,0.02666666666666667
170089315547146305,2021-08,0.013333333333333334
170089315547146305,2021-08,0.01
170089315547146305,2021-08,0.01
170089315547146305,2021-08,0.01
170089315547146305,2021-08,0.006666666666666667
170089315547146305,2021-08,0.08666666666666667
170089315547146305,2021-09,0.02666666666666667
170089315547146305,2021-09,0.07333333333333333
3161361581909316305,2021-08,0.023333333333333334
8535586342375301953,2021-08,0.06666666666666667
8535586342375301953,2021-08,0.16
8535586342375301953,2021-08,0.15333333333333332
8535586342375301953,2021-09,0.056666666666666664
8939476669690489534,2021-08,0.09333333333333334
8939476669690489534,2021-08,0.043333333333333335
8939476669690489534,2021-08,0.013333333333333334
8939476669690489534,2021-09,0.06
7457803471605010846,2021-08,0.07333333333333333
7457803471605010846,2021-08,0.013333333333333334
7457803471605010846,2021-08,0.13666666666666666
7457803471605010846,2021-09,0.013333333333333334
3192341047315717823,2021-08,0.05
3192341047315717823,2021-08,0.016666666666666666
3263212305228307743,2021-08,0.043333333333333335
3263212305228307743,2021-08,0.13
3263212305228307743,2021-08,0.15666666666666668
3263212305228307743,2021-08,0.01
3263212305228307743,2021-08,0.0
3263212305228307743,2021-08,0.043333333333333335
3263212305228307743,2021-08,0.016666666666666666
3263212305228307743,2021-09,0.0033333333333333335
3263212305228307743,2021-09,0.04
4050525344257805036,2021-08,0.016666666666666666
1292049196559782171,2021-08,0.03333333333333333
1292049196559782171,2021-08,0.12333333333333334
1292049196559782171,2021-08,0.12333333333333334
1292049196559782171,2021-09,0.0
4956614249204803652,2021-08,0.4633333333333333
4956614249204803652,2021-08,0.0
4956614249204803652,2021-08,0.01
4956614249204803652,2021-08,0.023333333333333334
4956614249204803652,2021-09,0.013333333333333334
4956614249204803652,2021-09,0.056666666666666664
4956614249204803652,2021-09,0.04
5465001651966355821,2021-08,0.19
5465001651966355821,2021-08,0.11
5465001651966355821,2021-08,0.08
5465001651966355821,2021-09,0.02
4723919748432185874,2021-08,0.02
4723919748432185874,2021-08,0.0033333333333333335
4723919748432185874,2021-08,0.05
4723919748432185874,2021-08,0.03666666666666667
4723919748432185874,2021-09,0.043333333333333335
4723919748432185874,2021-09,0.04
4723919748432185874,2021-09,0.02
4723919748432185874,2021-09,0.006666666666666667
8173830874846355280,2021-08,0.013333333333333334
8173830874846355280,2021-08,0.013333333333333334
8173830874846355280,2021-08,0.013333333333333334
8173830874846355280,2021-08,0.0033333333333333335
8173830874846355280,2021-08,0.023333333333333334
8173830874846355280,2021-08,0.01
8173830874846355280,2021-08,0.02
8173830874846355280,2021-08,0.04
8173830874846355280,2021-08,0.03333333333333333
8173830874846355280,2021-08,0.32
8173830874846355280,2021-08,0.06333333333333334
8173830874846355280,2021-08,0.06333333333333334
8173830874846355280,2021-09,0.013333333333333334
8173830874846355280,2021-09,0.043333333333333335
8173830874846355280,2021-09,0.02
8173830874846355280,2021-09,0.03333333333333333
8173830874846355280,2021-09,0.09
8173830874846355280,2021-09,0.11333333333333333
8173830874846355280,2021-09,0.02
8173830874846355280,2021-09,0.14333333333333334
8173830874846355280,2021-09,0.2
8173830874846355280,2021-09,0.08666666666666667
4489904752023469353,2021-08,0.016666666666666666
4489904752023469353,2021-08,0.006666666666666667
4489904752023469353,2021-09,0.13
4489904752023469353,2021-09,0.14
1658487213084590146,2021-08,0.18333333333333332
2290083177086946553,2021-08,0.03666666666666667
2290083177086946553,2021-08,0.07666666666666666
2290083177086946553,2021-09,0.023333333333333334
2290083177086946553,2021-09,0.006666666666666667
1253437108265925705,2021-08,0.07333333333333333
1253437108265925705,2021-09,0.006666666666666667
5122095358293179297,2021-08,0.4633333333333333
5122095358293179297,2021-08,0.23
5122095358293179297,2021-08,0.31
5122095358293179297,2021-08,0.0033333333333333335
5122095358293179297,2021-08,0.01
7708030042671632236,2021-08,0.10333333333333333
8376902089871279815,2021-08,0.04666666666666667
8376902089871279815,2021-09,0.006666666666666667
8376902089871279815,2021-09,0.03
8343941262792249232,2021-08,0.39166666666666666
8343941262792249232,2021-08,0.006666666666666667
8343941262792249232,2021-08,0.016666666666666666
8343941262792249232,2021-09,0.043333333333333335
8343941262792249232,2021-09,0.016666666666666666
4717717003637613480,2021-08,0.02
4717717003637613480,2021-08,0.05333333333333334
4717717003637613480,2021-08,0.03666666666666667
4717717003637613480,2021-08,0.0
4717717003637613480,2021-09,0.006666666666666667
2408009918678280470,2021-08,0.006666666666666667
2408009918678280470,2021-08,0.05333333333333334
2408009918678280470,2021-09,0.0033333333333333335
2408009918678280470,2021-09,0.35
2408009918678280470,2021-09,0.006666666666666667
2408009918678280470,2021-09,0.16666666666666666
2408009918678280470,2021-09,0.016666666666666666
2408009918678280470,2021-09,0.0033333333333333335
2408009918678280470,2021-09,0.006666666666666667
2408009918678280470,2021-09,0.02
2408009918678280470,2021-09,0.02666666666666667
6276792736652545216,2021-08,0.013333333333333334
6276792736652545216,2021-09,0.006666666666666667
6276792736652545216,2021-09,0.0
6276792736652545216,2021-09,0.0
6276792736652545216,2021-09,0.0033333333333333335
3750579377644235511,2021-08,0.03333333333333333
3750579377644235511,2021-08,0.03666666666666667
69766362497027920,2021-08,0.07
69766362497027920,2021-09,0.25333333333333335
69766362497027920,2021-09,0.16333333333333333
69766362497027920,2021-09,0.006666666666666667
7325545718770538459,2021-08,0.03666666666666667
7325545718770538459,2021-08,0.043333333333333335
7325545718770538459,2021-08,0.043333333333333335
7325545718770538459,2021-08,0.01
7325545718770538459,2021-08,0.01
7325545718770538459,2021-08,0.01
7325545718770538459,2021-08,0.2866666666666667
7325545718770538459,2021-08,0.13333333333333333
7325545718770538459,2021-09,0.0033333333333333335
7325545718770538459,2021-09,0.016666666666666666
7325545718770538459,2021-09,0.04
7325545718770538459,2021-09,0.013333333333333334
7325545718770538459,2021-09,0.01
7325545718770538459,2021-09,0.013333333333333334
7325545718770538459,2021-09,0.006666666666666667
7325545718770538459,2021-09,0.013333333333333334
7325545718770538459,2021-09,0.016666666666666666
7325545718770538459,2021-09,0.0033333333333333335
7325545718770538459,2021-09,0.0033333333333333335
7325545718770538459,2021-09,0.01
3997247264680905799,2021-08,0.02666666666666667
3997247264680905799,2021-08,0.03
3997247264680905799,2021-08,0.06333333333333334
3997247264680905799,2021-08,0.04
3997247264680905799,2021-09,0.04666666666666667
3997247264680905799,2021-09,0.0
3997247264680905799,2021-09,0.0033333333333333335
7710364735942975505,2021-08,0.016666666666666666
7710364735942975505,2021-08,0.016666666666666666
7710364735942975505,2021-09,0.01
6100972975033180377,2021-08,0.0033333333333333335
6100972975033180377,2021-09,0.013333333333333334
1276604410881911401,2021-08,0.013333333333333334
1276604410881911401,2021-08,0.01
1276604410881911401,2021-08,0.016666666666666666
1276604410881911401,2021-08,0.01
1276604410881911401,2021-08,0.013333333333333334
1276604410881911401,2021-08,0.01
1276604410881911401,2021-08,0.18
1276604410881911401,2021-08,0.01
1276604410881911401,2021-08,0.01
1276604410881911401,2021-08,0.0033333333333333335
1276604410881911401,2021-08,0.01
1276604410881911401,2021-08,0.14666666666666667
1276604410881911401,2021-09,0.04666666666666667
1276604410881911401,2021-09,0.04
1276604410881911401,2021-09,0.12333333333333334
1276604410881911401,2021-09,0.07
1276604410881911401,2021-09,0.04
1276604410881911401,2021-09,0.05333333333333334
1276604410881911401,2021-09,0.13
4661684997487171886,2021-08,0.03333333333333333
4661684997487171886,2021-08,0.07666666666666666
4661684997487171886,2021-09,0.023333333333333334
4661684997487171886,2021-09,0.006666666666666667
4661684997487171886,2021-09,0.013333333333333334
4661684997487171886,2021-09,0.006666666666666667
7590999900861381526,2021-08,0.10333333333333333
7590999900861381526,2021-09,0.006666666666666667
819552547620904652,2021-08,0.023333333333333334
819552547620904652,2021-08,0.02
819552547620904652,2021-08,0.013333333333333334
819552547620904652,2021-08,0.04666666666666667
3156852928909455203,2021-08,0.02666666666666667
3156852928909455203,2021-08,0.01
3156852928909455203,2021-09,0.013333333333333334
2598475569074240783,2021-08,0.03333333333333333
6030285068945261052,2021-08,0.03
6030285068945261052,2021-08,0.01
6030285068945261052,2021-08,0.0
6030285068945261052,2021-08,0.043333333333333335
6030285068945261052,2021-09,0.013333333333333334
6030285068945261052,2021-09,0.06
6030285068945261052,2021-09,0.07333333333333333
8843432852270832388,2021-08,0.03666666666666667
8843432852270832388,2021-09,0.20333333333333334
1033361676287635885,2021-08,0.023333333333333334
1033361676287635885,2021-08,0.03
1033361676287635885,2021-08,0.08333333333333333
1033361676287635885,2021-09,0.01
1033361676287635885,2021-09,0.006666666666666667
1956406515279457110,2021-08,0.006666666666666667
1956406515279457110,2021-08,0.06333333333333334
1956406515279457110,2021-08,0.013333333333333334
1956406515279457110,2021-08,0.043333333333333335
1956406515279457110,2021-09,0.01
1956406515279457110,2021-09,0.05333333333333334
1956406515279457110,2021-09,0.09333333333333334
4795152981525833467,2021-08,0.02
4795152981525833467,2021-08,0.13666666666666666
4795152981525833467,2021-08,0.0
4795152981525833467,2021-08,0.0033333333333333335
4795152981525833467,2021-09,0.0033333333333333335
4795152981525833467,2021-09,0.01
4795152981525833467,2021-09,0.013333333333333334
314309872114206760,2021-08,0.285
314309872114206760,2021-08,0.285
314309872114206760,2021-08,0.02666666666666667
314309872114206760,2021-08,0.02666666666666667
314309872114206760,2021-09,0.01
314309872114206760,2021-09,0.056666666666666664
314309872114206760,2021-09,0.07
314309872114206760,2021-09,0.023333333333333334
314309872114206760,2021-09,0.023333333333333334
2407532237672094312,2021-08,0.05333333333333334
2407532237672094312,2021-08,0.023333333333333334
792560389712312178,2021-08,0.06333333333333334
792560389712312178,2021-08,0.013333333333333334
792560389712312178,2021-09,0.0033333333333333335
792560389712312178,2021-09,0.05333333333333334
6238903426443761049,2021-08,0.02
6238903426443761049,2021-08,0.03333333333333333
6238903426443761049,2021-08,0.016666666666666666
6238903426443761049,2021-08,0.02
6238903426443761049,2021-08,0.02
6238903426443761049,2021-09,0.2639867724867724
6238903426443761049,2021-09,0.013333333333333334
6238903426443761049,2021-09,0.013333333333333334
6238903426443761049,2021-09,0.12844444444444444
531805620371082364,2021-08,0.02
531805620371082364,2021-09,0.5066666666666667
2771214050521171719,2021-08,0.006666666666666667
2771214050521171719,2021-08,0.056666666666666664
2771214050521171719,2021-09,0.01
4995217181024687397,2021-08,0.023333333333333334
4995217181024687397,2021-08,0.0
4995217181024687397,2021-09,0.02
4995217181024687397,2021-09,0.04
4995217181024687397,2021-09,0.09666666666666666
4995217181024687397,2021-09,0.0033333333333333335
4995217181024687397,2021-09,0.0033333333333333335
8107542605807471599,2021-08,0.013333333333333334
8107542605807471599,2021-09,0.07
7908414709866823255,2021-08,0.02
7908414709866823255,2021-08,0.0033333333333333335
7908414709866823255,2021-08,0.013333333333333334
7908414709866823255,2021-08,0.19333333333333333
7908414709866823255,2021-08,0.016666666666666666
7908414709866823255,2021-08,0.006666666666666667
7908414709866823255,2021-09,0.006666666666666667
7908414709866823255,2021-09,0.013333333333333334
7908414709866823255,2021-09,0.006666666666666667
6349142675790687765,2021-08,0.013333333333333334
6349142675790687765,2021-08,0.03666666666666667
6349142675790687765,2021-08,0.016666666666666666
6349142675790687765,2021-08,0.02666666666666667
6349142675790687765,2021-08,0.51
6349142675790687765,2021-08,0.0033333333333333335
6349142675790687765,2021-08,0.013333333333333334
6349142675790687765,2021-09,0.11127525252525253
6349142675790687765,2021-09,0.056666666666666664
7911162482760986289,2021-08,0.023333333333333334
7911162482760986289,2021-09,0.05
6817075905797098547,2021-08,0.13
6817075905797098547,2021-08,0.08
6471448246085839373,2021-08,0.023333333333333334
6471448246085839373,2021-08,0.11333333333333333
6471448246085839373,2021-08,0.02
6471448246085839373,2021-09,0.056666666666666664
4863405965754103821,2021-08,0.0
4863405965754103821,2021-08,0.09666666666666666
4863405965754103821,2021-09,0.10666666666666667
4863405965754103821,2021-09,0.09333333333333334
2022367282554149730,2021-08,0.02666666666666667
2022367282554149730,2021-08,0.023333333333333334
2022367282554149730,2021-08,0.016666666666666666
2022367282554149730,2021-08,0.03
2022367282554149730,2021-08,0.2866666666666667
2022367282554149730,2021-09,0.016666666666666666
2022367282554149730,2021-09,0.01
5067621068959932809,2021-08,0.10666666666666667
5067621068959932809,2021-08,0.0
5067621068959932809,2021-08,0.016666666666666666
5067621068959932809,2021-09,0.01
5067621068959932809,2021-09,0.023333333333333334
5067621068959932809,2021-09,0.02
5067621068959932809,2021-09,0.03
5067621068959932809,2021-09,0.023333333333333334
5067621068959932809,2021-09,0.016666666666666666
8123515208041701633,2021-08,0.05333333333333334
8123515208041701633,2021-08,0.13
8123515208041701633,2021-08,0.01
5974858472822751652,2021-08,0.09
5974858472822751652,2021-09,0.13
5974858472822751652,2021-09,0.013333333333333334
6715993871935527857,2021-08,0.02666666666666667
6715993871935527857,2021-08,0.11333333333333333
1553628056929342565,2021-08,0.043333333333333335
1553628056929342565,2021-08,0.03666666666666667
1553628056929342565,2021-09,0.04666666666666667
7403979270048469991,2021-08,0.1
7403979270048469991,2021-08,0.01
7403979270048469991,2021-09,0.043333333333333335
7403979270048469991,2021-09,0.0
7403979270048469991,2021-09,0.013333333333333334
2083323809219952960,2021-08,0.06
2083323809219952960,2021-08,0.03333333333333333
2083323809219952960,2021-08,0.02
2083323809219952960,2021-08,0.016666666666666666
2083323809219952960,2021-08,0.006666666666666667
2083323809219952960,2021-08,0.013333333333333334
2083323809219952960,2021-09,0.20666666666666667
2083323809219952960,2021-09,0.03333333333333333
2083323809219952960,2021-09,0.16
2083323809219952960,2021-09,0.23
2083323809219952960,2021-09,0.23
4166581859919473627,2021-08,0.02
4166581859919473627,2021-08,0.0
4166581859919473627,2021-08,0.0033333333333333335
4166581859919473627,2021-08,0.06666666666666667
7215093571368368138,2021-08,0.043333333333333335
7215093571368368138,2021-08,0.006666666666666667
7215093571368368138,2021-08,0.023333333333333334
7215093571368368138,2021-08,0.016666666666666666
7215093571368368138,2021-09,0.02666666666666667
7215093571368368138,2021-09,0.0
7215093571368368138,2021-09,0.08333333333333333
7215093571368368138,2021-09,0.07
7957786135641291906,2021-08,0.5166666666666667
7957786135641291906,2021-08,0.19333333333333333
4008627434689715639,2021-08,0.26416666666666666
4008627434689715639,2021-08,0.1
4008627434689715639,2021-08,0.04833333333333333
4008627434689715639,2021-09,0.02
4008627434689715639,2021-09,0.05
4008627434689715639,2021-09,0.04
4008627434689715639,2021-09,0.5333333333333333
4008627434689715639,2021-09,0.01
1003144834589372198,2021-08,0.006666666666666667
1003144834589372198,2021-08,0.043333333333333335
1003144834589372198,2021-08,0.0
1003144834589372198,2021-09,0.0
1003144834589372198,2021-09,0.0033333333333333335
1003144834589372198,2021-09,0.0033333333333333335
1003144834589372198,2021-09,0.03666666666666667
226405871752897670,2021-08,0.08333333333333333
226405871752897670,2021-08,0.08333333333333333
226405871752897670,2021-08,0.01
226405871752897670,2021-08,0.016666666666666666
226405871752897670,2021-09,0.01
226405871752897670,2021-09,0.03333333333333333
8013668117699219722,2021-08,0.03
8013668117699219722,2021-08,0.013333333333333334
8013668117699219722,2021-08,0.06666666666666667
8013668117699219722,2021-09,0.0
8013668117699219722,2021-09,0.09333333333333334
2943087245123311166,2021-08,0.02666666666666667
2943087245123311166,2021-08,0.03333333333333333
2943087245123311166,2021-08,0.02
2943087245123311166,2021-09,0.0033333333333333335
2214132103234633622,2021-08,0.01
2214132103234633622,2021-09,0.07666666666666666
2214132103234633622,2021-09,0.09
2214132103234633622,2021-09,0.04
2214132103234633622,2021-09,0.06
2214132103234633622,2021-09,0.01
1953058402621337677,2021-08,0.1
1953058402621337677,2021-08,0.12666666666666668
1953058402621337677,2021-09,0.043333333333333335
6486277549325701534,2021-08,0.016666666666666666
6486277549325701534,2021-08,0.02666666666666667
6486277549325701534,2021-09,0.14333333333333334
6486277549325701534,2021-09,0.06
6486277549325701534,2021-09,0.06
6486277549325701534,2021-09,0.06333333333333334
4850936440093751199,2021-08,0.02666666666666667
4850936440093751199,2021-08,0.10666666666666667
4850936440093751199,2021-08,0.016666666666666666
4820852183212661131,2021-08,0.016666666666666666
4820852183212661131,2021-08,0.03
4820852183212661131,2021-09,0.0033333333333333335
4820852183212661131,2021-09,0.1368888888888889
4820852183212661131,2021-09,0.006666666666666667
8729164666041467296,2021-08,0.24333333333333335
8729164666041467296,2021-08,0.09333333333333334
924957821424248698,2021-08,0.006666666666666667
924957821424248698,2021-08,0.0
924957821424248698,2021-09,0.03
7787306805605072964,2021-08,0.36333333333333334
2532435113844289043,2021-08,0.05333333333333334
2532435113844289043,2021-08,0.08333333333333333
2532435113844289043,2021-08,0.03
2532435113844289043,2021-08,0.03
2532435113844289043,2021-08,0.02
2532435113844289043,2021-08,0.023333333333333334
2532435113844289043,2021-08,0.03333333333333333
2532435113844289043,2021-09,0.06666666666666667
2532435113844289043,2021-09,0.11666666666666667
2532435113844289043,2021-09,0.0033333333333333335
2532435113844289043,2021-09,0.03333333333333333
2532435113844289043,2021-09,0.08666666666666667
2532435113844289043,2021-09,0.15
2532435113844289043,2021-09,0.06666666666666667
2532435113844289043,2021-09,0.2
2532435113844289043,2021-09,0.013333333333333334
2532435113844289043,2021-09,0.01
2532435113844289043,2021-09,0.03
2532435113844289043,2021-09,0.0
3931892303497206092,2021-08,0.05
3931892303497206092,2021-08,0.0033333333333333335
3931892303497206092,2021-08,0.12
3931892303497206092,2021-09,0.03333333333333333
3931892303497206092,2021-09,0.02
324916756972236008,2021-08,0.04
324916756972236008,2021-08,0.11
324916756972236008,2021-09,0.013333333333333334
324916756972236008,2021-09,0.06
324916756972236008,2021-09,0.02666666666666667
3634047863995720708,2021-08,0.02
7442192566700924647,2021-08,0.01
5613825020130267729,2021-08,0.02
5613825020130267729,2021-08,0.023333333333333334
5613825020130267729,2021-09,0.06666666666666667
5613825020130267729,2021-09,0.0033333333333333335
6098833389547425063,2021-08,0.04666666666666667
6098833389547425063,2021-08,0.06666666666666667
6098833389547425063,2021-08,0.0
6098833389547425063,2021-09,0.006666666666666667
3660744270380078352,2021-08,0.016666666666666666
3660744270380078352,2021-08,0.006666666666666667
3660744270380078352,2021-08,0.056666666666666664
3660744270380078352,2021-08,0.043333333333333335
3660744270380078352,2021-09,0.056666666666666664
3660744270380078352,2021-09,0.0
3660744270380078352,2021-09,0.05333333333333334
3660744270380078352,2021-09,0.02666666666666667
1454789421854453615,2021-08,0.0033333333333333335
1454789421854453615,2021-08,0.02666666666666667
1454789421854453615,2021-08,0.016666666666666666
1454789421854453615,2021-09,0.08087698412698409
1454789421854453615,2021-09,0.05333333333333334
1454789421854453615,2021-09,0.10333333333333333
1454789421854453615,2021-09,0.01
1454789421854453615,2021-09,0.023333333333333334
1454789421854453615,2021-09,0.013333333333333334
2128970218770090704,2021-08,0.05333333333333334
2128970218770090704,2021-09,0.023333333333333334
2128970218770090704,2021-09,0.11666666666666667
2128970218770090704,2021-09,0.006666666666666667
2128970218770090704,2021-09,0.0033333333333333335
2128970218770090704,2021-09,0.006666666666666667
3807130563335796378,2021-08,0.10333333333333333
3807130563335796378,2021-08,0.013333333333333334
968199235777440720,2021-08,0.0033333333333333335
968199235777440720,2021-08,0.013333333333333334
968199235777440720,2021-08,0.06333333333333334
968199235777440720,2021-08,0.19333333333333333
968199235777440720,2021-08,0.14333333333333334
968199235777440720,2021-09,0.03666666666666667
968199235777440720,2021-09,0.043333333333333335
968199235777440720,2021-09,0.06666666666666667
968199235777440720,2021-09,0.01
968199235777440720,2021-09,0.14333333333333334
968199235777440720,2021-09,0.09333333333333334
968199235777440720,2021-09,0.06666666666666667
8609938720215175911,2021-08,0.04
8609938720215175911,2021-08,0.0033333333333333335
8609938720215175911,2021-08,0.0033333333333333335
8609938720215175911,2021-08,0.013333333333333334
8609938720215175911,2021-09,0.0033333333333333335
8609938720215175911,2021-09,0.043333333333333335
8609938720215175911,2021-09,0.06
988707525807573448,2021-08,0.006666666666666667
2903869860445366876,2021-08,0.08666666666666667
2903869860445366876,2021-08,0.013333333333333334
2903869860445366876,2021-08,0.0
2903869860445366876,2021-08,0.06
2903869860445366876,2021-08,0.03666666666666667
6969348581033924947,2021-08,0.0
6969348581033924947,2021-08,0.01
6969348581033924947,2021-08,0.03333333333333333
6969348581033924947,2021-08,0.02
6969348581033924947,2021-08,0.043333333333333335
6969348581033924947,2021-08,0.03666666666666667
6969348581033924947,2021-08,0.37
6969348581033924947,2021-09,0.02
6969348581033924947,2021-09,0.05333333333333334
6969348581033924947,2021-09,0.12333333333333334
6969348581033924947,2021-09,0.043333333333333335
6969348581033924947,2021-09,0.03333333333333333
3536704882799524586,2021-08,0.15333333333333332
3536704882799524586,2021-08,0.023333333333333334
3631603567749349715,2021-08,0.07666666666666666
3631603567749349715,2021-08,0.08666666666666667
5029701292539093910,2021-08,0.01
5029701292539093910,2021-08,0.056666666666666664
5029701292539093910,2021-09,0.04666666666666667
8332840690177201182,2021-08,0.05
2302464746243069589,2021-08,0.13666666666666666
2302464746243069589,2021-08,0.013333333333333334
2302464746243069589,2021-09,0.01
6964108750473070287,2021-08,0.006666666666666667
6964108750473070287,2021-08,0.043333333333333335
6964108750473070287,2021-08,0.04
6964108750473070287,2021-08,0.03
6964108750473070287,2021-08,0.02666666666666667
6964108750473070287,2021-08,0.03
6964108750473070287,2021-08,0.03
6964108750473070287,2021-08,0.06666666666666667
6964108750473070287,2021-08,0.12333333333333334
6964108750473070287,2021-08,0.04
6964108750473070287,2021-08,0.12333333333333334
6964108750473070287,2021-08,0.04
6964108750473070287,2021-08,0.08
6964108750473070287,2021-08,0.013333333333333334
6964108750473070287,2021-09,0.17
6964108750473070287,2021-09,0.11333333333333333
6964108750473070287,2021-09,0.08
6964108750473070287,2021-09,0.08
6964108750473070287,2021-09,0.09666666666666666
6964108750473070287,2021-09,0.14333333333333334
6964108750473070287,2021-09,0.05363636363636364
6964108750473070287,2021-09,0.11666666666666667
6964108750473070287,2021-09,0.02666666666666667
6964108750473070287,2021-09,0.02666666666666667
6964108750473070287,2021-09,0.12333333333333334
6964108750473070287,2021-09,0.05333333333333334
6964108750473070287,2021-09,0.03333333333333333
6964108750473070287,2021-09,0.13
6964108750473070287,2021-09,0.06
6964108750473070287,2021-09,0.09666666666666666
6964108750473070287,2021-09,0.06666666666666667
6964108750473070287,2021-09,0.04666666666666667
6964108750473070287,2021-09,0.04666666666666667
6964108750473070287,2021-09,0.04666666666666667
6964108750473070287,2021-09,0.06333333333333334
6964108750473070287,2021-09,0.11666666666666667
3960251564708868781,2021-08,0.01
3960251564708868781,2021-08,0.2733333333333333
3960251564708868781,2021-09,0.12333333333333334
3960251564708868781,2021-09,0.14333333333333334
4740535838297269949,2021-08,0.07666666666666666
4740535838297269949,2021-09,0.006666666666666667
4740535838297269949,2021-09,0.5606666666666666
4740535838297269949,2021-09,0.04666666666666667
5440313607363845188,2021-08,0.05
5440313607363845188,2021-08,0.013333333333333334
5440313607363845188,2021-09,0.06
5810778736737569699,2021-08,0.10333333333333333
5810778736737569699,2021-08,0.01
8185063234515056194,2021-08,0.1
8185063234515056194,2021-09,0.12666666666666668
8185063234515056194,2021-09,0.05333333333333334
682352428813668634,2021-08,0.08666666666666667
682352428813668634,2021-08,0.09333333333333334
682352428813668634,2021-08,0.006666666666666667
682352428813668634,2021-08,0.006666666666666667
682352428813668634,2021-08,0.02
682352428813668634,2021-09,0.0033333333333333335
682352428813668634,2021-09,0.12
682352428813668634,2021-09,0.03
682352428813668634,2021-09,0.03
682352428813668634,2021-09,0.03
682352428813668634,2021-09,0.02
682352428813668634,2021-09,0.06
696014079855281037,2021-08,0.14
696014079855281037,2021-09,0.0
696014079855281037,2021-09,0.06666666666666667
696014079855281037,2021-09,0.0033333333333333335
696014079855281037,2021-09,0.016666666666666666
6842075380768862290,2021-08,0.03333333333333333
6842075380768862290,2021-08,0.0033333333333333335
1117184216453911295,2021-08,0.023333333333333334
1117184216453911295,2021-08,0.0033333333333333335
1117184216453911295,2021-09,0.5133333333333333
3838562409581494430,2021-08,0.04666666666666667
2346482557594782345,2021-08,0.08333333333333333
2346482557594782345,2021-09,0.11
2346482557594782345,2021-09,0.02666666666666667
2346482557594782345,2021-09,0.013333333333333334
2346482557594782345,2021-09,0.01
1430896989654626045,2021-08,0.08333333333333333
1430896989654626045,2021-08,0.08333333333333333
7696655736121386405,2021-08,0.03666666666666667
2493688222671282470,2021-08,0.23
2493688222671282470,2021-08,0.023333333333333334
2493688222671282470,2021-09,0.03333333333333333
2493688222671282470,2021-09,0.03333333333333333
5082813456193598086,2021-08,0.10333333333333333
5082813456193598086,2021-08,0.0033333333333333335
5082813456193598086,2021-09,0.01
5082813456193598086,2021-09,0.02666666666666667
5082813456193598086,2021-09,0.023333333333333334
7398738404146260251,2021-08,0.15333333333333332
7398738404146260251,2021-09,0.02
7398738404146260251,2021-09,0.09
7398738404146260251,2021-09,0.013333333333333334
7398738404146260251,2021-09,0.013333333333333334
4556737702757145073,2021-08,0.016666666666666666
4556737702757145073,2021-09,0.5638121693121695
4556737702757145073,2021-09,0.02
4556737702757145073,2021-09,0.006666666666666667
4556737702757145073,2021-09,0.10333333333333333
6091519986999196884,2021-08,0.03666666666666667
6091519986999196884,2021-08,0.0033333333333333335
6091519986999196884,2021-08,0.01
8716163053080758848,2021-08,0.04
8716163053080758848,2021-08,0.05
8716163053080758848,2021-08,0.0033333333333333335
8716163053080758848,2021-08,0.0033333333333333335
8716163053080758848,2021-09,0.006666666666666667
8716163053080758848,2021-09,0.6022027417027419
8716163053080758848,2021-09,0.01
8716163053080758848,2021-09,0.0033333333333333335
8716163053080758848,2021-09,0.016666666666666666
8716163053080758848,2021-09,0.016666666666666666
4524147234488547993,2021-08,0.11
4524147234488547993,2021-08,0.01
5606267905834401873,2021-08,0.016666666666666666
5606267905834401873,2021-08,0.016666666666666666
5606267905834401873,2021-08,0.05
5606267905834401873,2021-09,0.0033333333333333335
5606267905834401873,2021-09,0.023333333333333334
5606267905834401873,2021-09,0.006666666666666667
6213213514675778388,2021-08,0.08666666666666667
1343530446996409207,2021-08,0.0
1343530446996409207,2021-08,0.01
1343530446996409207,2021-08,0.013333333333333334
1343530446996409207,2021-09,0.016666666666666666
6164364689409425900,2021-08,0.03666666666666667
3355881107559250653,2021-08,0.08666666666666667
3355881107559250653,2021-08,0.09333333333333334
3355881107559250653,2021-08,0.01
3355881107559250653,2021-08,0.02666666666666667
3355881107559250653,2021-08,0.006666666666666667
3355881107559250653,2021-08,0.07333333333333333
3355881107559250653,2021-08,0.02
3355881107559250653,2021-08,0.0
3355881107559250653,2021-08,0.013333333333333334
3355881107559250653,2021-08,0.006666666666666667
3355881107559250653,2021-09,0.0033333333333333335
3355881107559250653,2021-09,0.0033333333333333335
3355881107559250653,2021-09,0.11
3355881107559250653,2021-09,0.03333333333333333
3355881107559250653,2021-09,0.01
3355881107559250653,2021-09,0.013333333333333334
3355881107559250653,2021-09,0.023333333333333334
66220087398241662,2021-08,0.0
66220087398241662,2021-09,0.016666666666666666
66220087398241662,2021-09,0.05333333333333334
66220087398241662,2021-09,0.04666666666666667
2645324649046215594,2021-08,0.0033333333333333335
2645324649046215594,2021-08,0.02
2645324649046215594,2021-08,0.013333333333333334
2645324649046215594,2021-08,0.09333333333333334
2645324649046215594,2021-09,0.07
2645324649046215594,2021-09,0.006666666666666667
7330131219998265639,2021-08,0.12666666666666668
7330131219998265639,2021-08,0.006666666666666667
7330131219998265639,2021-09,0.3353293650793652
7330131219998265639,2021-09,0.0033333333333333335
7330131219998265639,2021-09,0.0
8080988579391900405,2021-08,0.023333333333333334
8080988579391900405,2021-09,0.23666666666666666
5999145415800242177,2021-08,0.03666666666666667
5999145415800242177,2021-08,0.016666666666666666
5999145415800242177,2021-09,0.006666666666666667
5999145415800242177,2021-09,0.006666666666666667
7395696797140470088,2021-08,0.11333333333333333
7395696797140470088,2021-08,0.0
7395696797140470088,2021-08,0.06333333333333334
7395696797140470088,2021-09,0.016666666666666666
7395696797140470088,2021-09,0.0033333333333333335
7395696797140470088,2021-09,0.013333333333333334
7395696797140470088,2021-09,0.013333333333333334
417157680860985231,2021-08,0.043333333333333335
417157680860985231,2021-08,0.01
417157680860985231,2021-09,0.0033333333333333335
417157680860985231,2021-09,0.12
417157680860985231,2021-09,0.043333333333333335
417157680860985231,2021-09,0.006666666666666667
7485107528960607346,2021-08,0.02
7485107528960607346,2021-08,0.04
7485107528960607346,2021-09,0.006666666666666667
7485107528960607346,2021-09,0.11666666666666667
7485107528960607346,2021-09,0.016666666666666666
8350724667410677464,2021-08,0.01
8350724667410677464,2021-08,0.04
8350724667410677464,2021-08,0.01
8350724667410677464,2021-08,0.013333333333333334
8350724667410677464,2021-09,0.44167652717652717
8350724667410677464,2021-09,0.08333333333333333
5078284853636449041,2021-08,0.08666666666666667
5577659616907513811,2021-08,0.013333333333333334
5577659616907513811,2021-08,0.013333333333333334
5577659616907513811,2021-08,0.11333333333333333
5577659616907513811,2021-08,0.11333333333333333
5577659616907513811,2021-09,0.006666666666666667
1299146298565441811,2021-08,0.043333333333333335
3093415403379897112,2021-08,0.043333333333333335
3093415403379897112,2021-08,0.023333333333333334
3093415403379897112,2021-08,0.0033333333333333335
3093415403379897112,2021-09,0.02666666666666667
1357573192598249600,2021-08,0.15666666666666668
1357573192598249600,2021-08,0.07
1357573192598249600,2021-09,0.02
1357573192598249600,2021-09,0.006666666666666667
1357573192598249600,2021-09,0.04666666666666667
4527499691197377217,2021-08,0.11
2673576168790933175,2021-08,0.02
3140918607946425426,2021-08,0.04
3140918607946425426,2021-08,0.06333333333333334
3140918607946425426,2021-09,0.02666666666666667
3140918607946425426,2021-09,0.09666666666666666
2983174282784691273,2021-08,0.03666666666666667
2983174282784691273,2021-08,0.0033333333333333335
2983174282784691273,2021-08,0.023333333333333334
2983174282784691273,2021-08,0.006666666666666667
2983174282784691273,2021-09,0.06333333333333334
2983174282784691273,2021-09,0.02
2983174282784691273,2021-09,0.04
7347715771145302549,2021-08,0.006666666666666667
7347715771145302549,2021-08,0.023333333333333334
7347715771145302549,2021-08,0.0033333333333333335
7347715771145302549,2021-09,0.023333333333333334
7347715771145302549,2021-09,0.2526666666666667
4831939798545673038,2021-08,0.06
5409960473983330744,2021-08,0.13
5409960473983330744,2021-09,0.4146666666666667
5409960473983330744,2021-09,0.0033333333333333335
6916556752218696485,2021-08,0.016666666666666666
6916556752218696485,2021-08,0.05333333333333334
6916556752218696485,2021-08,0.06
6916556752218696485,2021-08,0.01
6916556752218696485,2021-08,0.0033333333333333335
6916556752218696485,2021-08,0.01
6916556752218696485,2021-09,0.0
6916556752218696485,2021-09,0.0033333333333333335
6916556752218696485,2021-09,0.0033333333333333335
6916556752218696485,2021-09,0.006666666666666667
6916556752218696485,2021-09,0.006666666666666667
6916556752218696485,2021-09,0.05333333333333334
6916556752218696485,2021-09,0.13666666666666666
6916556752218696485,2021-09,0.18666666666666668
6916556752218696485,2021-09,0.04
6916556752218696485,2021-09,0.043333333333333335
6916556752218696485,2021-09,0.0033333333333333335
6916556752218696485,2021-09,0.013333333333333334
6916556752218696485,2021-09,0.023333333333333334
6916556752218696485,2021-09,0.013333333333333334
6615694774618628402,2021-08,0.04
6615694774618628402,2021-08,0.0033333333333333335
6615694774618628402,2021-08,0.02666666666666667
6615694774618628402,2021-09,0.01
7692330898726665144,2021-08,0.023333333333333334
7692330898726665144,2021-08,0.013333333333333334
7692330898726665144,2021-09,0.056666666666666664
7692330898726665144,2021-09,0.023333333333333334
7692330898726665144,2021-09,0.03666666666666667
7646606457278894341,2021-08,0.06666666666666667
7646606457278894341,2021-08,0.01
7646606457278894341,2021-09,0.08666666666666667
3382609338395832683,2021-08,0.1
3382609338395832683,2021-08,0.006666666666666667
8067924767167570288,2021-08,0.0033333333333333335
8067924767167570288,2021-09,0.06
8480109508191086169,2021-08,0.03
8480109508191086169,2021-09,0.10444444444444444
8480109508191086169,2021-09,0.0033333333333333335
2573553293518763494,2021-08,0.15
2573553293518763494,2021-08,0.01
2573553293518763494,2021-09,0.013333333333333334
2573553293518763494,2021-09,0.0033333333333333335
2573553293518763494,2021-09,0.0033333333333333335
2573553293518763494,2021-09,0.06
2573553293518763494,2021-09,0.08
2573553293518763494,2021-09,0.02
2573553293518763494,2021-09,0.0033333333333333335
2573553293518763494,2021-09,0.006666666666666667
660382477567765256,2021-08,0.06333333333333334
660382477567765256,2021-09,0.0033333333333333335
660382477567765256,2021-09,0.06333333333333334
660382477567765256,2021-09,0.0033333333333333335
660382477567765256,2021-09,0.06
8049805689946244047,2021-08,0.20333333333333334
8049805689946244047,2021-08,0.0033333333333333335
8049805689946244047,2021-09,0.0
7968118679747232249,2021-08,0.2833333333333333
7968118679747232249,2021-09,0.29333333333333333
459290606780222306,2021-08,0.0033333333333333335
459290606780222306,2021-08,0.0033333333333333335
459290606780222306,2021-08,0.016666666666666666
459290606780222306,2021-08,0.02
459290606780222306,2021-08,0.03333333333333333
459290606780222306,2021-09,0.08
459290606780222306,2021-09,0.08666666666666667
459290606780222306,2021-09,0.04666666666666667
459290606780222306,2021-09,0.03333333333333333
459290606780222306,2021-09,0.006666666666666667
459290606780222306,2021-09,0.01
6978269497652315763,2021-08,0.02
1536087798470875922,2021-08,0.42333333333333334
1536087798470875922,2021-09,0.013333333333333334
1536087798470875922,2021-09,0.01
1129657311668961746,2021-08,0.04
1129657311668961746,2021-09,0.04
1129657311668961746,2021-09,0.06333333333333334
7895753719321668294,2021-08,0.07
7895753719321668294,2021-09,0.04666666666666667
7895753719321668294,2021-09,0.056666666666666664
524026009392362402,2021-08,0.12666666666666668
524026009392362402,2021-08,0.0033333333333333335
7776069961364493674,2021-08,0.14
7776069961364493674,2021-09,0.05363636363636364
4530631557358349711,2021-08,0.03666666666666667
4530631557358349711,2021-08,0.013333333333333334
4530631557358349711,2021-09,0.0033333333333333335
1273229638516517354,2021-08,0.08333333333333333
1273229638516517354,2021-08,0.07333333333333333
1273229638516517354,2021-09,0.10333333333333333
187117706370645370,2021-08,0.0033333333333333335
187117706370645370,2021-08,0.02
187117706370645370,2021-08,0.056666666666666664
187117706370645370,2021-09,0.02
187117706370645370,2021-09,0.023333333333333334
187117706370645370,2021-09,0.016666666666666666
187117706370645370,2021-09,0.0033333333333333335
187117706370645370,2021-09,0.04
187117706370645370,2021-09,0.08
187117706370645370,2021-09,0.03333333333333333
4569866309119931805,2021-08,0.12666666666666668
4569866309119931805,2021-09,0.013333333333333334
2382123267535341265,2021-08,0.03666666666666667
2382123267535341265,2021-08,0.006666666666666667
2382123267535341265,2021-08,0.01
2382123267535341265,2021-09,0.03666666666666667
5799279645678609726,2021-08,0.02
5799279645678609726,2021-09,0.03666666666666667
5726178124659661019,2021-08,0.07333333333333333
5726178124659661019,2021-08,0.02
5726178124659661019,2021-08,0.0033333333333333335
5726178124659661019,2021-08,0.0
5726178124659661019,2021-08,0.0
5726178124659661019,2021-08,0.0033333333333333335
5726178124659661019,2021-08,0.06333333333333334
5726178124659661019,2021-08,0.07333333333333333
5726178124659661019,2021-08,0.06666666666666667
5726178124659661019,2021-08,0.013333333333333334
5726178124659661019,2021-09,0.07333333333333333
5726178124659661019,2021-09,0.043333333333333335
5726178124659661019,2021-09,0.03333333333333333
5726178124659661019,2021-09,0.0
5726178124659661019,2021-09,0.0
257162352336759783,2021-08,0.02
257162352336759783,2021-08,0.01
257162352336759783,2021-08,0.016666666666666666
7269781193318890653,2021-08,0.09333333333333334
835441927760881602,2021-08,0.06666666666666667
835441927760881602,2021-08,0.04666666666666667
835441927760881602,2021-09,0.27666666666666667
835441927760881602,2021-09,0.02666666666666667
835441927760881602,2021-09,0.023333333333333334
5714540197488862003,2021-08,0.11
5714540197488862003,2021-09,0.02666666666666667
5714540197488862003,2021-09,0.013333333333333334
7751080728852739823,2021-08,0.02
7751080728852739823,2021-08,0.0
7751080728852739823,2021-08,0.11333333333333333
7751080728852739823,2021-09,0.09666666666666666
5687511145009775604,2021-08,0.023333333333333334
5687511145009775604,2021-09,0.07333333333333333
3204108603682323936,2021-08,0.06
6053752047545474051,2021-08,0.06666666666666667
6053752047545474051,2021-08,0.023333333333333334
6053752047545474051,2021-08,0.04
6053752047545474051,2021-08,0.12666666666666668
6053752047545474051,2021-09,0.10333333333333333
6053752047545474051,2021-09,0.02
6053752047545474051,2021-09,0.11666666666666667
6053752047545474051,2021-09,0.03
6053752047545474051,2021-09,0.15
6053752047545474051,2021-09,0.0
6053752047545474051,2021-09,0.013333333333333334
6053752047545474051,2021-09,0.0033333333333333335
8292458529987016717,2021-08,0.05333333333333334
2333404192508932057,2021-08,0.006666666666666667
2333404192508932057,2021-08,0.0033333333333333335
2333404192508932057,2021-09,0.09666666666666666
2333404192508932057,2021-09,0.02666666666666667
2333404192508932057,2021-09,0.023333333333333334
2333404192508932057,2021-09,0.03333333333333333
2333404192508932057,2021-09,0.006666666666666667
9156666134024889730,2021-08,0.02
9156666134024889730,2021-08,0.006666666666666667
9156666134024889730,2021-08,0.10333333333333333
9156666134024889730,2021-08,0.07666666666666666
9156666134024889730,2021-09,0.03
9156666134024889730,2021-09,0.46615873015873016
837142477962609471,2021-08,0.17
837142477962609471,2021-08,0.06333333333333334
837142477962609471,2021-09,0.347
837142477962609471,2021-09,0.09666666666666666
6528158819463595826,2021-08,0.006666666666666667
6528158819463595826,2021-08,0.0033333333333333335
6528158819463595826,2021-09,0.0033333333333333335
4347826483121154490,2021-08,0.13666666666666666
4347826483121154490,2021-08,0.006666666666666667
4347826483121154490,2021-08,0.0
4347826483121154490,2021-08,0.0
4347826483121154490,2021-08,0.013333333333333334
4347826483121154490,2021-08,0.02666666666666667
4347826483121154490,2021-08,0.01
4347826483121154490,2021-08,0.01
4347826483121154490,2021-09,0.06666666666666667
4347826483121154490,2021-09,0.06
4347826483121154490,2021-09,0.06
4347826483121154490,2021-09,0.06
4347826483121154490,2021-09,0.06
4347826483121154490,2021-09,0.0
4347826483121154490,2021-09,0.01
4347826483121154490,2021-09,0.09666666666666666
4347826483121154490,2021-09,0.013333333333333334
4347826483121154490,2021-09,0.0
7478791630746523220,2021-08,0.01
7478791630746523220,2021-08,0.09333333333333334
7478791630746523220,2021-09,0.03
7478791630746523220,2021-09,0.16333333333333333
3045840317107313913,2021-08,0.07
3045840317107313913,2021-09,0.0033333333333333335
3045840317107313913,2021-09,0.1181841029341029
3045840317107313913,2021-09,0.0033333333333333335
2687720147676132707,2021-08,0.13666666666666666
2687720147676132707,2021-08,0.0
4980232475645447238,2021-08,0.02666666666666667
4980232475645447238,2021-08,0.21333333333333335
4980232475645447238,2021-09,0.12333333333333334
6759864637454708017,2021-08,0.03
6759864637454708017,2021-08,0.043333333333333335
6759864637454708017,2021-08,0.10666666666666667
6759864637454708017,2021-09,0.09333333333333334
6759864637454708017,2021-09,0.0033333333333333335
5162636608292907782,2021-08,0.013333333333333334
5162636608292907782,2021-08,0.09
5162636608292907782,2021-09,0.06333333333333334
5162636608292907782,2021-09,0.16666666666666666
5162636608292907782,2021-09,0.19666666666666666
8994944800097997361,2021-08,0.02
8994944800097997361,2021-08,0.17333333333333334
8994944800097997361,2021-09,0.04
8994944800097997361,2021-09,0.05333333333333334
8994944800097997361,2021-09,0.12666666666666668
8994944800097997361,2021-09,0.02666666666666667
8994944800097997361,2021-09,0.01
7665801401860589626,2021-08,0.04
7665801401860589626,2021-08,0.016666666666666666
7665801401860589626,2021-09,0.006666666666666667
49632905576538927,2021-08,0.03333333333333333
621182491555347581,2021-08,0.16333333333333333
621182491555347581,2021-08,0.016666666666666666
621182491555347581,2021-08,0.02666666666666667
621182491555347581,2021-09,0.06666666666666667
621182491555347581,2021-09,0.01
7492389223353246125,2021-08,0.5066666666666667
7492389223353246125,2021-08,0.06333333333333334
7492389223353246125,2021-09,0.03
7492389223353246125,2021-09,0.043333333333333335
7492389223353246125,2021-09,0.06666666666666667
8060154314331993193,2021-08,0.07
8060154314331993193,2021-08,0.016666666666666666
7930925883736021864,2021-08,0.08
7930925883736021864,2021-08,0.016666666666666666
7930925883736021864,2021-08,0.006666666666666667
7930925883736021864,2021-08,0.006666666666666667
7930925883736021864,2021-08,0.02
7930925883736021864,2021-09,0.023333333333333334
7930925883736021864,2021-09,0.06
7930925883736021864,2021-09,0.05333333333333334
7930925883736021864,2021-09,0.013333333333333334
4724876423989598202,2021-08,0.01
4724876423989598202,2021-08,0.04
4724876423989598202,2021-08,0.0
4724876423989598202,2021-08,0.08333333333333333
4724876423989598202,2021-09,0.06333333333333334
4724876423989598202,2021-09,0.056666666666666664
4724876423989598202,2021-09,0.01
3977861004707764824,2021-08,0.18
3977861004707764824,2021-08,0.006666666666666667
3977861004707764824,2021-08,0.01
3977861004707764824,2021-08,0.08666666666666667
3977861004707764824,2021-08,0.16333333333333333
3977861004707764824,2021-09,0.023333333333333334
3977861004707764824,2021-09,0.006666666666666667
3977861004707764824,2021-09,0.006666666666666667
3977861004707764824,2021-09,0.006666666666666667
3977861004707764824,2021-09,0.0
3977861004707764824,2021-09,0.016666666666666666
3977861004707764824,2021-09,0.043333333333333335
6448234172949059931,2021-08,0.0033333333333333335
8287608084245946173,2021-08,0.09333333333333334
8287608084245946173,2021-08,0.0033333333333333335
8287608084245946173,2021-08,0.013333333333333334
8287608084245946173,2021-09,0.006666666666666667
8287608084245946173,2021-09,0.04
8287608084245946173,2021-09,0.056666666666666664
8287608084245946173,2021-09,0.006666666666666667
8287608084245946173,2021-09,0.043333333333333335
8229446069655666941,2021-08,0.20666666666666667
8229446069655666941,2021-08,0.818888888888889
1998941557906036376,2021-08,0.006666666666666667
1998941557906036376,2021-09,0.023333333333333334
1998941557906036376,2021-09,0.0
4104959289203999917,2021-08,0.006666666666666667
1036256411320325774,2021-08,0.023333333333333334
1036256411320325774,2021-08,0.0
1036256411320325774,2021-08,0.17
1036256411320325774,2021-08,0.18333333333333332
1036256411320325774,2021-09,0.013333333333333334
1036256411320325774,2021-09,0.07333333333333333
1036256411320325774,2021-09,0.013333333333333334
1036256411320325774,2021-09,0.09666666666666666
1036256411320325774,2021-09,0.09333333333333334
3543162424793477785,2021-08,0.013333333333333334
3543162424793477785,2021-08,0.10666666666666667
3543162424793477785,2021-09,0.013333333333333334
3543162424793477785,2021-09,0.05333333333333334
5048392903148444335,2021-08,0.02666666666666667
5048392903148444335,2021-08,0.1
5048392903148444335,2021-08,0.06333333333333334
5048392903148444335,2021-09,0.03666666666666667
8646472172649019955,2021-08,0.01
8646472172649019955,2021-08,0.04666666666666667
8646472172649019955,2021-09,0.03
8646472172649019955,2021-09,0.04
2012477868296377155,2021-08,0.16666666666666666
2012477868296377155,2021-08,0.08
2929243640075785940,2021-08,0.07666666666666666
2929243640075785940,2021-08,0.0033333333333333335
2451708306555441014,2021-08,0.016666666666666666
2451708306555441014,2021-08,0.08
2451708306555441014,2021-09,0.03
2451708306555441014,2021-09,0.013333333333333334
2451708306555441014,2021-09,0.016666666666666666
2451708306555441014,2021-09,0.006666666666666667
2250817603281429928,2021-08,0.11333333333333333
2250817603281429928,2021-08,0.013333333333333334
2250817603281429928,2021-09,0.04
8271604276097280304,2021-08,0.056666666666666664
4593070249039532001,2021-08,0.0033333333333333335
4593070249039532001,2021-08,0.0
4593070249039532001,2021-09,0.0033333333333333335
5897410907783139228,2021-08,0.01
5897410907783139228,2021-08,0.06
5897410907783139228,2021-09,0.016666666666666666
5897410907783139228,2021-09,0.016666666666666666
2530707686830644666,2021-08,0.0033333333333333335
2530707686830644666,2021-09,0.08
340285351737204923,2021-08,0.02666666666666667
340285351737204923,2021-09,0.03
340285351737204923,2021-09,0.25333333333333335
340285351737204923,2021-09,0.06
340285351737204923,2021-09,0.01
340285351737204923,2021-09,0.04
7067471043900250355,2021-08,0.013333333333333334
7067471043900250355,2021-08,0.5833333333333334
7067471043900250355,2021-08,0.6466666666666666
7067471043900250355,2021-08,0.006666666666666667
7067471043900250355,2021-08,0.006666666666666667
3248432590399829766,2021-08,0.0033333333333333335
3248432590399829766,2021-08,0.013333333333333334
3248432590399829766,2021-08,0.03333333333333333
7176848230239877915,2021-08,0.016666666666666666
761746217261797478,2021-08,0.006666666666666667
761746217261797478,2021-09,0.013333333333333334
761746217261797478,2021-09,0.06333333333333334
761746217261797478,2021-09,0.0033333333333333335
7041489327620930099,2021-08,0.006666666666666667
7041489327620930099,2021-09,0.03666666666666667
5958664040344043635,2021-08,0.006666666666666667
5958664040344043635,2021-09,0.0
4327694790333781288,2021-08,0.013333333333333334
1078687383992817574,2021-08,0.03666666666666667
1078687383992817574,2021-08,0.043333333333333335
1078687383992817574,2021-08,0.056666666666666664
1078687383992817574,2021-08,0.06333333333333334
1078687383992817574,2021-09,0.016666666666666666
1078687383992817574,2021-09,0.04
1078687383992817574,2021-09,0.04
1078687383992817574,2021-09,0.01
2619109825960703851,2021-08,0.01
2619109825960703851,2021-08,0.13
2619109825960703851,2021-09,0.03
2619109825960703851,2021-09,0.03333333333333333
175003104385133396,2021-08,0.01
175003104385133396,2021-09,0.02666666666666667
2397171153213063761,2021-08,0.01
2397171153213063761,2021-08,0.023333333333333334
2397171153213063761,2021-08,0.01
2397171153213063761,2021-08,0.03333333333333333
2397171153213063761,2021-09,0.01
2397171153213063761,2021-09,0.0033333333333333335
2397171153213063761,2021-09,0.6091111111111112
2397171153213063761,2021-09,0.013333333333333334
2397171153213063761,2021-09,0.016666666666666666
5176940320835464459,2021-08,0.016666666666666666
5176940320835464459,2021-08,0.016666666666666666
5176940320835464459,2021-08,0.0
5176940320835464459,2021-08,0.0
5176940320835464459,2021-08,0.006666666666666667
5176940320835464459,2021-08,0.01
5176940320835464459,2021-08,0.08
5176940320835464459,2021-09,0.016666666666666666
5176940320835464459,2021-09,0.0033333333333333335
5176940320835464459,2021-09,0.0033333333333333335
5176940320835464459,2021-09,0.06
5176940320835464459,2021-09,0.11
5176940320835464459,2021-09,0.013333333333333334
5176940320835464459,2021-09,0.09
5176940320835464459,2021-09,0.013333333333333334
5176940320835464459,2021-09,0.016666666666666666
2768068015169423097,2021-08,0.3566666666666667
2768068015169423097,2021-08,0.0
7970976988071755401,2021-08,0.0
7970976988071755401,2021-08,0.01
7970976988071755401,2021-08,0.11333333333333333
7970976988071755401,2021-09,0.04666666666666667
7970976988071755401,2021-09,0.03
7930644815080409701,2021-08,0.02666666666666667
7930644815080409701,2021-09,0.013333333333333334
8874257794774679816,2021-08,0.08
8874257794774679816,2021-08,0.15666666666666668
8874257794774679816,2021-09,0.12
8874257794774679816,2021-09,0.11
8874257794774679816,2021-09,0.09
8874257794774679816,2021-09,0.07666666666666666
7949169060790541229,2021-08,0.01
7949169060790541229,2021-09,0.02
7949169060790541229,2021-09,0.016666666666666666
4210463673385510745,2021-08,0.0
4210463673385510745,2021-08,0.006666666666666667
4210463673385510745,2021-09,0.006666666666666667
4210463673385510745,2021-09,0.0033333333333333335
5855956854975734380,2021-08,0.0033333333333333335
5753677550753111444,2021-08,0.0
5753677550753111444,2021-08,0.22333333333333333
5753677550753111444,2021-09,0.0
8909740532547211288,2021-08,0.0033333333333333335
8909740532547211288,2021-08,0.016666666666666666
8909740532547211288,2021-09,0.02
8909740532547211288,2021-09,0.0033333333333333335
8909740532547211288,2021-09,0.0033333333333333335
345447888460137901,2021-08,0.04666666666666667
345447888460137901,2021-09,0.03333333333333333
6662531979151878793,2021-08,0.03333333333333333
6662531979151878793,2021-09,0.023333333333333334
1616952665234409442,2021-08,0.18333333333333332
1616952665234409442,2021-08,0.34
1616952665234409442,2021-08,0.11
2808145376905474927,2021-08,0.016666666666666666
2808145376905474927,2021-08,0.01
2808145376905474927,2021-09,0.06333333333333334
2808145376905474927,2021-09,0.07333333333333333
7471183491728700531,2021-08,0.0033333333333333335
7471183491728700531,2021-08,0.06666666666666667
5373371196946859811,2021-08,0.01
5373371196946859811,2021-08,0.023333333333333334
5373371196946859811,2021-08,0.02666666666666667
5373371196946859811,2021-09,0.03333333333333333
5373371196946859811,2021-09,0.02
6941381638534728190,2021-08,0.023333333333333334
6941381638534728190,2021-08,0.0033333333333333335
6941381638534728190,2021-09,0.02
8213533889694327948,2021-08,0.16666666666666666
8213533889694327948,2021-08,0.02666666666666667
8213533889694327948,2021-08,0.016666666666666666
8213533889694327948,2021-08,0.19
8213533889694327948,2021-09,0.03666666666666667
8213533889694327948,2021-09,0.016666666666666666
8213533889694327948,2021-09,0.01
6020593949794792044,2021-08,0.07333333333333333
6020593949794792044,2021-09,0.12666666666666668
3285246914299291124,2021-08,0.1
3285246914299291124,2021-09,0.02
3285246914299291124,2021-09,0.19666666666666666
3285246914299291124,2021-09,0.14333333333333334
3285246914299291124,2021-09,0.26666666666666666
3511416927745338332,2021-08,0.023333333333333334
3511416927745338332,2021-09,0.01
1997130697107291654,2021-08,0.08333333333333333
864510931144626280,2021-08,0.006666666666666667
5726884001073147293,2021-08,0.05
8559143756893267192,2021-08,0.0033333333333333335
8559143756893267192,2021-08,0.0033333333333333335
7085295800541340563,2021-08,0.013333333333333334
7085295800541340563,2021-08,0.016666666666666666
7085295800541340563,2021-08,0.13666666666666666
7085295800541340563,2021-09,0.20160714285714287
1958660709350677213,2021-08,0.03333333333333333
1958660709350677213,2021-09,0.016666666666666666
1958660709350677213,2021-09,0.013333333333333334
1958660709350677213,2021-09,0.006666666666666667
1958660709350677213,2021-09,0.14
312543480920432545,2021-08,0.0
312543480920432545,2021-08,0.006666666666666667
312543480920432545,2021-08,0.016666666666666666
312543480920432545,2021-08,0.013333333333333334
312543480920432545,2021-08,0.023333333333333334
312543480920432545,2021-09,0.09
312543480920432545,2021-09,0.01
312543480920432545,2021-09,0.04
312543480920432545,2021-09,0.04
312543480920432545,2021-09,0.04
5786895437851445408,2021-08,0.023333333333333334
6914631631926429447,2021-08,0.006666666666666667
274692171162531764,2021-08,0.02
274692171162531764,2021-08,0.04666666666666667
274692171162531764,2021-08,0.01
274692171162531764,2021-09,0.016666666666666666
274692171162531764,2021-09,0.043333333333333335
274692171162531764,2021-09,0.02
274692171162531764,2021-09,0.023333333333333334
274692171162531764,2021-09,0.006666666666666667
2088532321693492263,2021-08,0.016666666666666666
2088532321693492263,2021-08,0.12333333333333334
2088532321693492263,2021-09,0.29
2088532321693492263,2021-09,0.06666666666666667
4335865859049992260,2021-08,0.023333333333333334
4335865859049992260,2021-09,0.0
4335865859049992260,2021-09,0.013333333333333334
2209806355660046187,2021-08,0.013333333333333334
3218226066162129945,2021-08,0.0033333333333333335
3218226066162129945,2021-09,0.84
3218226066162129945,2021-09,0.8333333333333334
6985631100944640910,2021-08,0.0
5358243820364010940,2021-08,0.03
5358243820364010940,2021-08,0.03
5358243820364010940,2021-08,0.14
4588313530969303734,2021-08,0.02
4588313530969303734,2021-08,0.04666666666666667
4588313530969303734,2021-09,0.13
2033394215069562776,2021-08,0.01
2033394215069562776,2021-08,0.006666666666666667
2033394215069562776,2021-09,0.01
2033394215069562776,2021-09,0.02
662944582644865942,2021-08,0.013333333333333334
662944582644865942,2021-09,0.0
662944582644865942,2021-09,0.04666666666666667
662944582644865942,2021-09,0.0033333333333333335
662944582644865942,2021-09,0.01
662944582644865942,2021-09,0.016666666666666666
4874157215501489741,2021-08,0.24333333333333335
4874157215501489741,2021-08,0.04
4874157215501489741,2021-08,0.056666666666666664
4874157215501489741,2021-09,0.15666666666666668
2371917341091102894,2021-08,0.016666666666666666
2819054834565698513,2021-08,0.09
2819054834565698513,2021-08,0.06
2819054834565698513,2021-09,0.07
2819054834565698513,2021-09,0.11333333333333333
2819054834565698513,2021-09,0.0033333333333333335
4675067298171588603,2021-08,0.07666666666666666
4675067298171588603,2021-08,0.09333333333333334
4675067298171588603,2021-08,0.056666666666666664
3118683330911759410,2021-08,0.09333333333333334
3118683330911759410,2021-09,0.006666666666666667
5460280878923715699,2021-08,0.0
5460280878923715699,2021-08,0.0
5460280878923715699,2021-09,0.0033333333333333335
7268895973869107930,2021-08,0.013333333333333334
7268895973869107930,2021-08,0.01
7268895973869107930,2021-09,0.013333333333333334
7268895973869107930,2021-09,0.0
1141681690629134039,2021-08,0.06666666666666667
8715120689636420963,2021-08,0.0033333333333333335
940214356651040716,2021-08,0.04666666666666667
940214356651040716,2021-09,0.06
940214356651040716,2021-09,0.043333333333333335
295375823203017296,2021-08,0.006666666666666667
295375823203017296,2021-09,0.0033333333333333335
5528372913947954503,2021-08,0.006666666666666667
5528372913947954503,2021-09,0.06
9108733472015251498,2021-08,0.07333333333333333
3591324331706630867,2021-08,0.01
3591324331706630867,2021-08,0.023333333333333334
3591324331706630867,2021-09,0.01
8603678028264007695,2021-08,0.03
8603678028264007695,2021-09,0.016666666666666666
8603678028264007695,2021-09,0.18
6858769421191999702,2021-08,0.0033333333333333335
6858769421191999702,2021-08,0.016666666666666666
6858769421191999702,2021-09,0.013333333333333334
6858769421191999702,2021-09,0.023333333333333334
8596605705893456305,2021-08,0.03
8596605705893456305,2021-09,0.023333333333333334
8596605705893456305,2021-09,0.555
8596605705893456305,2021-09,0.01
8596605705893456305,2021-09,0.08
8596605705893456305,2021-09,0.0033333333333333335
8596605705893456305,2021-09,0.006666666666666667
8596605705893456305,2021-09,0.013333333333333334
5888474320320735000,2021-08,0.03333333333333333
5888474320320735000,2021-08,0.0033333333333333335
5888474320320735000,2021-09,0.006666666666666667
5888474320320735000,2021-09,0.03666666666666667
5888474320320735000,2021-09,0.013333333333333334
6795467882769787169,2021-08,0.03333333333333333
6795467882769787169,2021-08,0.023333333333333334
6795467882769787169,2021-09,0.2639867724867724
6795467882769787169,2021-09,0.01
6795467882769787169,2021-09,0.014166666666666666
6828316696355015040,2021-08,0.016666666666666666
6828316696355015040,2021-08,0.0
6828316696355015040,2021-08,0.023333333333333334
6828316696355015040,2021-09,0.10666666666666667
6828316696355015040,2021-09,0.03666666666666667
1477629972594346481,2021-08,0.01
1477629972594346481,2021-08,0.016666666666666666
1477629972594346481,2021-09,0.02
1543875954928694094,2021-08,0.06666666666666667
1543875954928694094,2021-08,0.0033333333333333335
1543875954928694094,2021-08,0.02
1543875954928694094,2021-09,0.0
5477900120643078645,2021-08,0.02
5477900120643078645,2021-08,0.013333333333333334
5477900120643078645,2021-08,0.01
5432443358006556295,2021-08,0.07
5462970244186515758,2021-08,0.0033333333333333335
5462970244186515758,2021-08,0.01
5462970244186515758,2021-09,0.15666666666666668
5462970244186515758,2021-09,0.18
5462970244186515758,2021-09,0.03666666666666667
5462970244186515758,2021-09,0.03666666666666667
5462970244186515758,2021-09,0.0
665854826624598350,2021-08,0.02666666666666667
665854826624598350,2021-08,0.01
665854826624598350,2021-08,0.0
665854826624598350,2021-08,0.043333333333333335
665854826624598350,2021-08,0.043333333333333335
665854826624598350,2021-09,0.16666666666666666
665854826624598350,2021-09,0.043333333333333335
1738460583932152602,2021-08,0.24
5864443060004179363,2021-08,0.0033333333333333335
5864443060004179363,2021-08,0.04
5864443060004179363,2021-09,0.08087698412698409
5864443060004179363,2021-09,0.15666666666666668
5864443060004179363,2021-09,0.0033333333333333335
5864443060004179363,2021-09,0.0033333333333333335
5864443060004179363,2021-09,0.01
5864443060004179363,2021-09,0.02666666666666667
2508429106201166689,2021-08,0.023333333333333334
2508429106201166689,2021-09,0.043333333333333335
2508429106201166689,2021-09,0.01
1272921915900711149,2021-08,0.0
1272921915900711149,2021-08,0.023333333333333334
1272921915900711149,2021-09,0.0
7719481195372677540,2021-08,0.03
7719481195372677540,2021-09,0.013333333333333334
7719481195372677540,2021-09,0.013333333333333334
1097345589386012260,2021-08,0.01
5166128847048245697,2021-08,0.0033333333333333335
5166128847048245697,2021-09,0.016666666666666666
5166128847048245697,2021-09,0.05333333333333334
1192891347324061812,2021-08,0.02666666666666667
1192891347324061812,2021-08,0.01
1192891347324061812,2021-08,0.0033333333333333335
1192891347324061812,2021-09,0.22666666666666666
1192891347324061812,2021-09,0.02
1192891347324061812,2021-09,0.023333333333333334
1192891347324061812,2021-09,0.03333333333333333
1192891347324061812,2021-09,0.016666666666666666
1192891347324061812,2021-09,0.0033333333333333335
1192891347324061812,2021-09,0.0
1683619849073499603,2021-08,0.01
1683619849073499603,2021-08,0.0
1683619849073499603,2021-08,0.013333333333333334
1683619849073499603,2021-08,0.056666666666666664
1683619849073499603,2021-09,0.013333333333333334
1683619849073499603,2021-09,0.006666666666666667
1683619849073499603,2021-09,0.02666666666666667
8195468623809753777,2021-08,0.04
8195468623809753777,2021-09,0.006666666666666667
5883155883105348987,2021-08,0.016666666666666666
5883155883105348987,2021-08,0.016666666666666666
5883155883105348987,2021-09,0.37333333333333335
5883155883105348987,2021-09,0.10666666666666667
5883155883105348987,2021-09,0.05333333333333334
4571290108043699959,2021-08,0.006666666666666667
4571290108043699959,2021-08,0.02
4571290108043699959,2021-09,0.006666666666666667
4571290108043699959,2021-09,0.02
4571290108043699959,2021-09,0.07
4571290108043699959,2021-09,0.043333333333333335
4571290108043699959,2021-09,0.17
4571290108043699959,2021-09,0.02
465309249432033993,2021-08,0.0
465309249432033993,2021-08,0.07
465309249432033993,2021-08,0.013333333333333334
465309249432033993,2021-08,0.006666666666666667
465309249432033993,2021-08,0.04666666666666667
465309249432033993,2021-09,0.08087698412698409
9206030810342980458,2021-08,0.016666666666666666
9206030810342980458,2021-08,0.016666666666666666
9206030810342980458,2021-08,0.09666666666666666
9206030810342980458,2021-09,0.016666666666666666
9206030810342980458,2021-09,0.01
6330043096034525408,2021-08,0.04
6330043096034525408,2021-08,0.10333333333333333
6330043096034525408,2021-08,0.19333333333333333
6330043096034525408,2021-08,0.25333333333333335
6330043096034525408,2021-09,0.14666666666666667
6330043096034525408,2021-09,0.02666666666666667
6330043096034525408,2021-09,0.45
6330043096034525408,2021-09,0.02666666666666667
6330043096034525408,2021-09,0.02666666666666667
6330043096034525408,2021-09,0.14
3724562776372632620,2021-08,0.08666666666666667
3724562776372632620,2021-09,0.29
7142043104834932013,2021-08,0.016666666666666666
7142043104834932013,2021-09,0.14
6681781879793693802,2021-08,0.0
7535160686416710323,2021-08,0.02
7535160686416710323,2021-08,0.02
7535160686416710323,2021-08,0.08333333333333333
7535160686416710323,2021-09,0.0033333333333333335
7770458886439606839,2021-08,0.016666666666666666
7770458886439606839,2021-08,0.0033333333333333335
7770458886439606839,2021-08,0.09333333333333334
7770458886439606839,2021-09,0.023333333333333334
7770458886439606839,2021-09,0.2639867724867724
7770458886439606839,2021-09,0.04666666666666667
7770458886439606839,2021-09,0.18666666666666668
7770458886439606839,2021-09,0.06
7770458886439606839,2021-09,0.04
5304536516981778801,2021-08,0.013333333333333334
5304536516981778801,2021-08,0.006666666666666667
5304536516981778801,2021-08,0.0
5304536516981778801,2021-08,0.016666666666666666
5304536516981778801,2021-09,0.006666666666666667
5304536516981778801,2021-09,0.03666666666666667
5304536516981778801,2021-09,0.016666666666666666
5304536516981778801,2021-09,0.09
3279078057358159966,2021-08,0.03333333333333333
3279078057358159966,2021-08,0.006666666666666667
3279078057358159966,2021-09,0.02
6337915293429442229,2021-08,0.016666666666666666
7992317448197179816,2021-08,0.016666666666666666
7992317448197179816,2021-08,0.08666666666666667
7992317448197179816,2021-09,0.01
710593997981520423,2021-08,0.0
5611787644735474299,2021-08,0.03
5611787644735474299,2021-08,0.0
5611787644735474299,2021-08,0.09
5611787644735474299,2021-08,0.02
5611787644735474299,2021-08,0.016666666666666666
5611787644735474299,2021-08,0.006666666666666667
5611787644735474299,2021-09,0.02
5611787644735474299,2021-09,0.04666666666666667
5611787644735474299,2021-09,0.07333333333333333
5611787644735474299,2021-09,0.006666666666666667
5611787644735474299,2021-09,0.0033333333333333335
5611787644735474299,2021-09,0.006666666666666667
5611787644735474299,2021-09,0.03333333333333333
5611787644735474299,2021-09,0.01
5611787644735474299,2021-09,0.013333333333333334
3822753345985951756,2021-08,0.0
3822753345985951756,2021-08,0.02666666666666667
3822753345985951756,2021-08,0.006666666666666667
3822753345985951756,2021-09,0.016666666666666666
1028630885537616736,2021-08,0.0
6217788509719675691,2021-08,0.0
6217788509719675691,2021-09,0.02
6217788509719675691,2021-09,0.715
6217788509719675691,2021-09,0.06666666666666667
6217788509719675691,2021-09,0.06666666666666667
6217788509719675691,2021-09,0.0033333333333333335
1827463638348028912,2021-08,0.0
3095686599956852697,2021-08,0.0033333333333333335
3095686599956852697,2021-08,0.016666666666666666
2951563549197799278,2021-08,0.0
7944852965555666513,2021-08,0.0
7944852965555666513,2021-09,0.006666666666666667
7963861799566207637,2021-08,0.016666666666666666
7963861799566207637,2021-08,0.05333333333333334
7963861799566207637,2021-09,0.023333333333333334
7963861799566207637,2021-09,0.0033333333333333335
7963861799566207637,2021-09,0.03
2735662700719640627,2021-08,0.006666666666666667
6271697692808086495,2021-08,0.016666666666666666
6271697692808086495,2021-09,0.016666666666666666
6271697692808086495,2021-09,0.006666666666666667
6885171468891031140,2021-08,0.0
6885171468891031140,2021-08,0.0
6885171468891031140,2021-09,0.04666666666666667
6885171468891031140,2021-09,0.0033333333333333335
6754039979151386401,2021-08,0.02666666666666667
8609211777002937758,2021-08,0.0033333333333333335
8609211777002937758,2021-08,0.006666666666666667
8609211777002937758,2021-09,0.09
1044946691507317745,2021-08,0.0
1044946691507317745,2021-08,0.0
1044946691507317745,2021-09,0.07333333333333333
1044946691507317745,2021-09,0.08333333333333333
1044946691507317745,2021-09,0.016666666666666666
107343823625119033,2021-08,0.006666666666666667
107343823625119033,2021-09,0.08087698412698409
9052787288251876909,2021-08,0.0
9052787288251876909,2021-09,0.006666666666666667
8090492548102964782,2021-08,0.15333333333333332
8090492548102964782,2021-09,0.3764126984126984
8196449005061156808,2021-08,0.0033333333333333335
8196449005061156808,2021-09,0.0033333333333333335
5635781225931111684,2021-08,0.0
5635781225931111684,2021-09,0.01
5635781225931111684,2021-09,0.006666666666666667
5635781225931111684,2021-09,0.0033333333333333335
5635781225931111684,2021-09,0.05333333333333334
4071158585850879204,2021-08,0.01
4071158585850879204,2021-09,0.02666666666666667
4071158585850879204,2021-09,0.006666666666666667
4071158585850879204,2021-09,0.04666666666666667
1617695035450525647,2021-08,0.0
1617695035450525647,2021-09,0.013333333333333334
1617695035450525647,2021-09,0.08333333333333333
1617695035450525647,2021-09,0.0033333333333333335
1617695035450525647,2021-09,0.16
1617695035450525647,2021-09,0.0033333333333333335
1617695035450525647,2021-09,0.006666666666666667
1617695035450525647,2021-09,0.0033333333333333335
5986344948775572227,2021-08,0.20666666666666667
1977574645216036803,2021-08,0.01
1977574645216036803,2021-09,0.013333333333333334
8918635099296971351,2021-08,0.056666666666666664
2310272650667756227,2021-08,0.58
5303720405946805990,2021-08,0.15
5303720405946805990,2021-08,0.03666666666666667
5303720405946805990,2021-08,0.016666666666666666
5303720405946805990,2021-08,0.05333333333333334
5303720405946805990,2021-08,0.016666666666666666
5303720405946805990,2021-09,0.03333333333333333
2763141362035716801,2021-08,0.0
2763141362035716801,2021-09,0.03333333333333333
2763141362035716801,2021-09,0.016666666666666666
3036967290595689189,2021-08,0.0
3036967290595689189,2021-08,0.056666666666666664
3036967290595689189,2021-09,0.0033333333333333335
1115703227712697214,2021-08,0.006666666666666667
1115703227712697214,2021-08,0.01
1115703227712697214,2021-09,0.0033333333333333335
1115703227712697214,2021-09,0.05333333333333334
1115703227712697214,2021-09,0.023333333333333334
7141263195360679278,2021-08,0.0033333333333333335
7141263195360679278,2021-08,0.0033333333333333335
7141263195360679278,2021-08,0.03666666666666667
6462952350255736003,2021-08,0.0
6462952350255736003,2021-08,0.016666666666666666
6462952350255736003,2021-08,0.013333333333333334
6462952350255736003,2021-09,0.09333333333333334
472772897496154354,2021-08,0.023333333333333334
472772897496154354,2021-08,0.02
472772897496154354,2021-09,0.006666666666666667
472772897496154354,2021-09,0.006666666666666667
8248484932270772248,2021-08,0.02
8895896724713458749,2021-08,0.13
8895896724713458749,2021-08,0.2966666666666667
8895896724713458749,2021-08,0.06333333333333334
8895896724713458749,2021-08,0.11666666666666667
8895896724713458749,2021-08,0.03333333333333333
8895896724713458749,2021-09,0.03333333333333333
8895896724713458749,2021-09,0.07333333333333333
8895896724713458749,2021-09,0.03333333333333333
5732713959930509093,2021-08,0.0033333333333333335
4365965554261111250,2021-08,0.09666666666666666
4365965554261111250,2021-09,0.09666666666666666
4365965554261111250,2021-09,0.023333333333333334
5430917218683822543,2021-08,0.006666666666666667
5430917218683822543,2021-08,0.013333333333333334
5430917218683822543,2021-09,0.03666666666666667
5430917218683822543,2021-09,0.01
717981637594591016,2021-08,0.0
717981637594591016,2021-09,0.01
511305041047444825,2021-08,0.0033333333333333335
511305041047444825,2021-09,0.4621950456950457
511305041047444825,2021-09,0.03333333333333333
511305041047444825,2021-09,0.043333333333333335
2208316821038817776,2021-08,0.006666666666666667
2201150681962815877,2021-08,0.023333333333333334
2201150681962815877,2021-08,0.0033333333333333335
2201150681962815877,2021-09,0.02666666666666667
2201150681962815877,2021-09,0.01
3480297543931395935,2021-08,0.01
3480297543931395935,2021-08,0.013333333333333334
8915958534285799867,2021-08,0.043333333333333335
652740132671309295,2021-08,0.24666666666666667
652740132671309295,2021-09,0.12666666666666668
7595945751692012281,2021-08,0.006666666666666667
7595945751692012281,2021-08,0.016666666666666666
7595945751692012281,2021-09,0.006666666666666667
7468724002190465812,2021-08,0.0
3281617395243454427,2021-08,0.06666666666666667
1551531256789550891,2021-08,0.013333333333333334
1551531256789550891,2021-09,0.07666666666666666
8570963260597299378,2021-08,0.01
8570963260597299378,2021-09,0.01
8570963260597299378,2021-09,0.056666666666666664
8570963260597299378,2021-09,0.0033333333333333335
8570963260597299378,2021-09,0.016666666666666666
8570963260597299378,2021-09,0.0033333333333333335
8570963260597299378,2021-09,0.0
7613717984547031729,2021-08,0.013333333333333334
7613717984547031729,2021-08,0.0033333333333333335
7613717984547031729,2021-09,0.03666666666666667
7613717984547031729,2021-09,0.0033333333333333335
7613717984547031729,2021-09,0.0033333333333333335
7613717984547031729,2021-09,0.0033333333333333335
7613717984547031729,2021-09,0.006666666666666667
3258345688897172820,2021-08,0.15333333333333332
3258345688897172820,2021-09,0.3353293650793652
3258345688897172820,2021-09,0.03
3258345688897172820,2021-09,0.06666666666666667
843896882208504179,2021-08,0.3180555555555556
7870373680211625064,2021-08,0.06666666666666667
410843023337872279,2021-08,0.6441666666666667
410843023337872279,2021-09,0.01
410843023337872279,2021-09,0.006666666666666667
5225029212547588718,2021-08,0.01
5225029212547588718,2021-08,0.2633333333333333
5225029212547588718,2021-09,0.013333333333333334
5225029212547588718,2021-09,0.13976190476190478
5225029212547588718,2021-09,0.05333333333333334
5225029212547588718,2021-09,0.05333333333333334
5225029212547588718,2021-09,0.01
5225029212547588718,2021-09,0.0033333333333333335
7686361238195690925,2021-08,0.01
7686361238195690925,2021-09,0.449424593924594
873223039957991123,2021-08,0.15333333333333332
873223039957991123,2021-09,0.043333333333333335
3027683745465216663,2021-08,0.18333333333333332
2003221759676247813,2021-08,0.013333333333333334
2322847438374159400,2021-08,0.023333333333333334
2322847438374159400,2021-09,0.023333333333333334
1696462947583294958,2021-08,0.02666666666666667
1696462947583294958,2021-09,0.08087698412698409
6987942592445950913,2021-08,0.006666666666666667
6987942592445950913,2021-08,0.006666666666666667
6987942592445950913,2021-09,0.03333333333333333
6987942592445950913,2021-09,0.016666666666666666
8854680481766219396,2021-08,0.023333333333333334
8854680481766219396,2021-08,0.04
8854680481766219396,2021-08,0.016666666666666666
8854680481766219396,2021-09,0.08
2870813069335519467,2021-08,0.043333333333333335
2870813069335519467,2021-09,0.13666666666666666
1000372849175668062,2021-08,0.6458333333333334
1000372849175668062,2021-08,0.09
7031913170099381454,2021-08,0.013333333333333334
7031913170099381454,2021-09,0.14666666666666667
1106971614386004604,2021-08,0.006666666666666667
3472934456083131714,2021-08,0.05
3472934456083131714,2021-08,0.023333333333333334
3472934456083131714,2021-09,0.013333333333333334
2032592272238235730,2021-08,0.02666666666666667
2032592272238235730,2021-09,0.08333333333333333
7637066986811047950,2021-08,0.05
7637066986811047950,2021-09,0.03
2347028805684088098,2021-08,0.15666666666666668
2347028805684088098,2021-08,0.03
2347028805684088098,2021-09,0.16833333333333333
2347028805684088098,2021-09,0.006666666666666667
2347028805684088098,2021-09,0.02666666666666667
2347028805684088098,2021-09,0.11333333333333333
2347028805684088098,2021-09,0.013333333333333334
2347028805684088098,2021-09,0.09333333333333334
2347028805684088098,2021-09,0.013333333333333334
2634859679238614382,2021-08,0.006666666666666667
2634859679238614382,2021-09,0.006666666666666667
2634859679238614382,2021-09,0.013333333333333334
2634859679238614382,2021-09,0.05333333333333334
2634859679238614382,2021-09,0.016666666666666666
2634859679238614382,2021-09,0.02
1661240395903230676,2021-08,0.013333333333333334
1661240395903230676,2021-09,0.023333333333333334
1661240395903230676,2021-09,0.10333333333333333
8748106677402909629,2021-08,0.17333333333333334
4495596792165551705,2021-08,0.01
6242636379248496392,2021-08,0.0033333333333333335
6242636379248496392,2021-08,0.06
6242636379248496392,2021-08,0.03
6242636379248496392,2021-09,0.03333333333333333
6242636379248496392,2021-09,0.016666666666666666
2535803443850893368,2021-08,0.006666666666666667
7529137091657891207,2021-08,0.02
5136739522477907100,2021-08,0.013333333333333334
5136739522477907100,2021-08,0.03333333333333333
5136739522477907100,2021-09,0.02
5274777191770957761,2021-08,0.2866666666666667
5274777191770957761,2021-09,0.778888888888889
5274777191770957761,2021-09,0.34
5091704914816802802,2021-08,0.05
8919892162361650175,2021-08,0.006666666666666667
8919892162361650175,2021-09,0.02666666666666667
8919892162361650175,2021-09,0.0033333333333333335
6547872039250784411,2021-08,0.3233333333333333
4465150716052427320,2021-08,0.0
4465150716052427320,2021-09,0.6902777777777778
4465150716052427320,2021-09,0.09
4465150716052427320,2021-09,0.01
4465150716052427320,2021-09,0.006666666666666667
4465150716052427320,2021-09,0.01
4465150716052427320,2021-09,0.013333333333333334
4465150716052427320,2021-09,0.023333333333333334
4183921942053157552,2021-08,0.023333333333333334
4183921942053157552,2021-09,0.023333333333333334
4183921942053157552,2021-09,0.24
963687627963462983,2021-08,0.0033333333333333335
2778852475840838977,2021-08,0.14666666666666667
8041261093764417881,2021-08,0.006666666666666667
3538481420098344176,2021-08,0.42300000000000004
8174633018998080168,2021-08,0.05
39547025441582855,2021-08,0.0033333333333333335
39547025441582855,2021-09,0.02
8901696535927078963,2021-08,0.0
8901696535927078963,2021-09,0.013333333333333334
8901696535927078963,2021-09,0.0033333333333333335
8901696535927078963,2021-09,0.06
8901696535927078963,2021-09,0.09666666666666666
8901696535927078963,2021-09,0.01
6367769402148499693,2021-08,0.08666666666666667
6367769402148499693,2021-09,0.26
8503092146854371576,2021-08,0.02
8503092146854371576,2021-09,0.016666666666666666
8512214463586144353,2021-08,0.0033333333333333335
8512214463586144353,2021-09,0.013333333333333334
8512214463586144353,2021-09,0.013333333333333334
8512214463586144353,2021-09,0.03
9175443729335908760,2021-08,0.12
3632378524835692731,2021-08,0.06666666666666667
4018182555897034052,2021-08,0.02666666666666667
4018182555897034052,2021-08,0.023333333333333334
4018182555897034052,2021-09,0.006666666666666667
4018182555897034052,2021-09,0.5597222222222222
6394935036014530592,2021-08,0.02666666666666667
6394935036014530592,2021-09,0.0033333333333333335
5078307295214858596,2021-08,0.09666666666666666
903093877129717133,2021-08,0.023333333333333334
903093877129717133,2021-08,0.10333333333333333
903093877129717133,2021-08,0.13333333333333333
903093877129717133,2021-08,0.016666666666666666
903093877129717133,2021-09,0.12
903093877129717133,2021-09,0.02666666666666667
903093877129717133,2021-09,0.01
903093877129717133,2021-09,0.023333333333333334
5042877476420217533,2021-08,0.15
5042877476420217533,2021-08,0.15333333333333332
5042877476420217533,2021-09,0.02666666666666667
2006188298374001315,2021-08,0.11333333333333333
2006188298374001315,2021-09,0.12333333333333334
2006188298374001315,2021-09,0.0033333333333333335
6926309382371178621,2021-08,0.16666666666666666
5689766561863956319,2021-08,0.12
5689766561863956319,2021-08,0.12333333333333334
5689766561863956319,2021-09,0.02666666666666667
5689766561863956319,2021-09,0.0033333333333333335
2773493808492482979,2021-08,0.19
2773493808492482979,2021-09,0.06333333333333334
6731795019313479942,2021-08,0.11333333333333333
7451017400765373278,2021-08,0.16666666666666666
7451017400765373278,2021-09,0.0033333333333333335
3357976326879346012,2021-08,0.03666666666666667
3357976326879346012,2021-09,0.07666666666666666
3357976326879346012,2021-09,0.01
6722781660631652440,2021-08,0.06666666666666667
6056959220685085102,2021-08,0.01
3281818438120834833,2021-08,0.11666666666666667
3281818438120834833,2021-09,0.0033333333333333335
6055278873962623670,2021-08,0.07
6055278873962623670,2021-08,0.03
8374461419511631785,2021-08,0.17666666666666667
8374461419511631785,2021-09,0.12333333333333334
8374461419511631785,2021-09,0.14
5301988619224057921,2021-08,0.01
5301988619224057921,2021-09,0.02666666666666667
5301988619224057921,2021-09,0.03333333333333333
5301988619224057921,2021-09,0.4946666666666667
5301988619224057921,2021-09,0.3214949468173153
5301988619224057921,2021-09,0.023333333333333334
5301988619224057921,2021-09,0.023333333333333334
1235244772550233980,2021-08,0.08333333333333333
1235244772550233980,2021-08,0.16
1235244772550233980,2021-09,0.013333333333333334
1235244772550233980,2021-09,0.0033333333333333335
2780030912070252968,2021-08,0.17
4090195792518021727,2021-08,0.02
1778014915038250584,2021-08,0.0
1778014915038250584,2021-09,0.0033333333333333335
2658946240987854807,2021-08,0.13333333333333333
2658946240987854807,2021-08,0.09333333333333334
2658946240987854807,2021-09,0.0
2658946240987854807,2021-09,0.02
4566920105008626302,2021-08,0.12666666666666668
7628167057144760589,2021-08,0.01
7628167057144760589,2021-09,0.0033333333333333335
7628167057144760589,2021-09,0.006666666666666667
5893903674205161232,2021-08,0.013333333333333334
4769364850030443969,2021-08,0.01
3682570285558758138,2021-08,0.03666666666666667
6950439982480713649,2021-08,0.08
6950439982480713649,2021-09,0.03666666666666667
6950439982480713649,2021-09,0.06666666666666667
6784879562354696650,2021-08,0.043333333333333335
6784879562354696650,2021-09,0.03666666666666667
6784879562354696650,2021-09,0.0033333333333333335
6784879562354696650,2021-09,0.02
8464769152264029983,2021-08,0.01
5735794880899687600,2021-08,0.03
5735794880899687600,2021-09,0.023333333333333334
5735794880899687600,2021-09,0.023333333333333334
6545052034269841737,2021-08,0.02
6545052034269841737,2021-09,0.0
6545052034269841737,2021-09,0.0
6545052034269841737,2021-09,0.13674470899470895
4762256864594914240,2021-08,0.10666666666666667
4762256864594914240,2021-09,0.023333333333333334
4762256864594914240,2021-09,0.0033333333333333335
4762256864594914240,2021-09,0.22666666666666666
6865071386683133124,2021-08,0.03333333333333333
7105441534376526569,2021-08,0.08333333333333333
1574054842704135993,2021-08,0.02
2335982750277990437,2021-08,0.043333333333333335
2335982750277990437,2021-09,0.06
5511113649464808344,2021-08,0.04
8400764778654490278,2021-08,0.11
8400764778654490278,2021-09,0.02
8400764778654490278,2021-09,0.1759102934102934
8400764778654490278,2021-09,0.03666666666666667
6546850858912852316,2021-08,0.53
6546850858912852316,2021-08,0.20666666666666667
6546850858912852316,2021-09,0.016666666666666666
2432667449154431819,2021-08,0.313
2432667449154431819,2021-09,0.37666666666666665
1368430815953333691,2021-08,0.14
4717593620120611957,2021-08,0.06
4717593620120611957,2021-09,0.02
15070048310374146,2021-08,0.11666666666666667
15070048310374146,2021-08,0.11666666666666667
15070048310374146,2021-09,0.25
3668905663669864663,2021-08,0.013333333333333334
3668905663669864663,2021-09,0.0033333333333333335
180672270337706285,2021-08,0.22333333333333333
4532469127306079736,2021-08,0.09
4532469127306079736,2021-09,0.06333333333333334
4532469127306079736,2021-09,0.01
4532469127306079736,2021-09,0.023333333333333334
9060693308980292489,2021-08,0.0033333333333333335
9127318190908282126,2021-08,0.02
4296149971687628223,2021-08,0.03333333333333333
4342146186255136598,2021-08,0.02
4342146186255136598,2021-09,0.03666666666666667
4342146186255136598,2021-09,0.0
3095408468798675621,2021-08,0.01
3095408468798675621,2021-09,0.03
3095408468798675621,2021-09,0.016666666666666666
8083157716178259762,2021-09,0.0033333333333333335
3713742318997880410,2021-09,0.023333333333333334
3713742318997880410,2021-09,0.20333333333333334
1044568737046072781,2021-09,0.03
1044568737046072781,2021-09,0.01
798425422240919854,2021-09,0.0
798425422240919854,2021-09,0.0033333333333333335
798425422240919854,2021-09,0.03666666666666667
5369576709077493659,2021-09,0.0033333333333333335
5369576709077493659,2021-09,0.12333333333333334
5369576709077493659,2021-09,0.023333333333333334
984915269987074754,2021-09,0.013333333333333334
984915269987074754,2021-09,0.02
984915269987074754,2021-09,0.2639867724867724
984915269987074754,2021-09,0.03333333333333333
984915269987074754,2021-09,0.006666666666666667
2678966409665050034,2021-09,0.02666666666666667
2678966409665050034,2021-09,0.05333333333333334
2678966409665050034,2021-09,0.01
2678966409665050034,2021-09,0.29333333333333333
4898797487317475277,2021-09,0.0033333333333333335
4898797487317475277,2021-09,0.0033333333333333335
6547707428090179960,2021-09,0.01
6547707428090179960,2021-09,0.03
6547707428090179960,2021-09,0.01
8859064595603380512,2021-09,0.09
1234611356650812259,2021-09,0.02666666666666667
4334472256949955221,2021-09,0.06666666666666667
4334472256949955221,2021-09,0.02
2900002014851776114,2021-09,0.13833333333333334
6368582840625614207,2021-09,0.06
4993499380140734678,2021-09,0.013333333333333334
4993499380140734678,2021-09,0.07333333333333333
4993499380140734678,2021-09,0.006666666666666667
4993499380140734678,2021-09,0.02666666666666667
18719614953021044,2021-09,0.14333333333333334
3228830386980584958,2021-09,0.0
3228830386980584958,2021-09,0.013333333333333334
5263285038415073073,2021-09,0.016666666666666666
5263285038415073073,2021-09,0.0033333333333333335
5263285038415073073,2021-09,0.006666666666666667
3137879241768961145,2021-09,0.01
3137879241768961145,2021-09,0.06666666666666667
4714214581184951490,2021-09,0.02
4714214581184951490,2021-09,0.006666666666666667
4714214581184951490,2021-09,0.006666666666666667
4781265535199914934,2021-09,0.016666666666666666
4781265535199914934,2021-09,0.33
4781265535199914934,2021-09,0.31888888888888883
4919908458022265747,2021-09,0.013333333333333334
4919908458022265747,2021-09,0.0033333333333333335
6198047969028248384,2021-09,0.01
6198047969028248384,2021-09,0.02666666666666667
5860276371789140450,2021-09,0.023333333333333334
5791518044186095039,2021-09,0.006666666666666667
5791518044186095039,2021-09,0.04666666666666667
4061297388883391410,2021-09,0.05333333333333334
2814790209436551216,2021-09,0.02
2814790209436551216,2021-09,0.03
2106875407768047316,2021-09,0.0033333333333333335
1192810733461560329,2021-09,0.04
1192810733461560329,2021-09,0.04
1192810733461560329,2021-09,0.04
1192810733461560329,2021-09,0.08
1192810733461560329,2021-09,0.056666666666666664
1192810733461560329,2021-09,0.03666666666666667
5540361570968095722,2021-09,0.01
8548612698724688238,2021-09,0.0033333333333333335
2455576782104041698,2021-09,0.013333333333333334
2455576782104041698,2021-09,0.016666666666666666
3421433989501830226,2021-09,0.01
3421433989501830226,2021-09,0.0033333333333333335
2233850024349336054,2021-09,0.08
1088521227159442264,2021-09,0.32
1088521227159442264,2021-09,0.07666666666666666
1088521227159442264,2021-09,0.01
1088521227159442264,2021-09,0.0033333333333333335
1088521227159442264,2021-09,0.0033333333333333335
1088521227159442264,2021-09,0.03333333333333333
1002362614649347438,2021-09,0.03333333333333333
1002362614649347438,2021-09,0.05333333333333334
6284433051333854194,2021-09,0.043333333333333335
8828303152301461681,2021-09,0.01
8828303152301461681,2021-09,0.0033333333333333335
6927178425683104769,2021-09,0.0033333333333333335
6927178425683104769,2021-09,0.0
6927178425683104769,2021-09,0.006666666666666667
7182085930008391174,2021-09,0.0033333333333333335
7182085930008391174,2021-09,0.0033333333333333335
7182085930008391174,2021-09,0.0033333333333333335
8398000036517692656,2021-09,0.01
4972567100282306577,2021-09,0.016666666666666666
4972567100282306577,2021-09,0.16666666666666666
4972567100282306577,2021-09,0.03666666666666667
8750634267020436314,2021-09,0.3455277777777777
3275327267689584006,2021-09,0.03333333333333333
3275327267689584006,2021-09,0.27041005291005293
255928150711119413,2021-09,0.25577777777777777
4995679129936981612,2021-09,0.056666666666666664
4995679129936981612,2021-09,0.12666666666666668
7664272163315705419,2021-09,0.023333333333333334
7664272163315705419,2021-09,0.0033333333333333335
1611146298923153842,2021-09,0.18666666666666668
1611146298923153842,2021-09,0.02666666666666667
8961924617442201922,2021-09,0.04666666666666667
8961924617442201922,2021-09,0.68
8961924617442201922,2021-09,0.006666666666666667
7671566034617837932,2021-09,0.0033333333333333335
7671566034617837932,2021-09,0.0
6643358471662528195,2021-09,0.05333333333333334
1698828605814171242,2021-09,0.023333333333333334
1698828605814171242,2021-09,0.023333333333333334
1182975716201409626,2021-09,0.02666666666666667
1182975716201409626,2021-09,0.02666666666666667
1182975716201409626,2021-09,0.02
6871485876456523363,2021-09,0.09166666666666666
2549266739079962864,2021-09,0.38333333333333336
4537982850248578883,2021-09,0.04666666666666667
4537982850248578883,2021-09,0.01
4537982850248578883,2021-09,0.0033333333333333335
4537982850248578883,2021-09,0.023333333333333334
5694881483989656694,2021-09,0.06333333333333334
1788369195969129749,2021-09,0.02
1788369195969129749,2021-09,0.02
4235078665660987689,2021-09,0.10333333333333333
4235078665660987689,2021-09,0.02
86110062990790869,2021-09,0.2202222222222222
86110062990790869,2021-09,0.043333333333333335
86110062990790869,2021-09,0.043333333333333335
2805743565496207618,2021-09,0.35366666666666663
2805743565496207618,2021-09,0.023333333333333334
4395946187332973749,2021-09,0.09
7920896580423665241,2021-09,0.043333333333333335
7920896580423665241,2021-09,0.08087698412698409
7920896580423665241,2021-09,0.03
5271591321704178730,2021-09,0.2639867724867724
5271591321704178730,2021-09,0.0033333333333333335
8680213253228719510,2021-09,0.377
3832944730982767714,2021-09,0.23
7231408738455755015,2021-09,0.2469041514041515
7231408738455755015,2021-09,0.0033333333333333335
4537268360654655629,2021-09,0.4033333333333333
3888528635045328222,2021-09,0.05333333333333334
3888528635045328222,2021-09,0.01
8552039412779393821,2021-09,0.3233333333333333
3970572142453508637,2021-09,0.08087698412698409
7367321179169390502,2021-09,0.18393650793650787
2380458252615213706,2021-09,0.06333333333333334
2380458252615213706,2021-09,0.01
2380458252615213706,2021-09,0.023333333333333334
5055200744384119654,2021-09,0.3203333333333333
4858887739802767402,2021-09,0.09444444444444444
2772135008486239291,2021-09,0.10207081807081804
6617479989097680138,2021-09,0.6492777777777777
6617479989097680138,2021-09,0.023333333333333334
1668564607105585557,2021-09,0.39
345033315379741874,2021-09,0.043333333333333335
1423952977138155129,2021-09,0.07666666666666666
1423952977138155129,2021-09,0.013333333333333334
1637960623843047520,2021-09,0.5513068320568321
1637960623843047520,2021-09,0.0
1637960623843047520,2021-09,0.03
7444686668183702737,2021-09,0.03333333333333333
7444686668183702737,2021-09,0.01
7444686668183702737,2021-09,0.05333333333333334
510795635145114083,2021-09,0.023333333333333334
510795635145114083,2021-09,0.01
510795635145114083,2021-09,0.0
510795635145114083,2021-09,0.013333333333333334
904857901361577913,2021-09,0.06666666666666667
7692335720341018458,2021-09,0.03666666666666667
1507697130807703164,2021-09,0.043333333333333335
1507697130807703164,2021-09,0.013333333333333334
1507697130807703164,2021-09,0.0033333333333333335
8706851346184249504,2021-09,0.04666666666666667
9099218788416728596,2021-09,0.8043888888888889
3605652314611460806,2021-09,0.03666666666666667
5058298901476893676,2021-09,0.05
3555655653190753786,2021-09,0.02666666666666667
4392369075438855735,2021-09,0.01
4392369075438855735,2021-09,0.03666666666666667
8255085612985072878,2021-09,0.06333333333333334
8255085612985072878,2021-09,0.17
8255085612985072878,2021-09,0.11666666666666667
8255085612985072878,2021-09,0.11666666666666667
8255085612985072878,2021-09,0.08666666666666667
1741049493106216406,2021-09,0.043333333333333335
5562543665139612149,2021-09,0.19666666666666666
5562543665139612149,2021-09,0.006666666666666667
7200509200540839533,2021-09,0.03666666666666667
5503391736465275980,2021-09,0.016666666666666666
4662079815415471798,2021-09,0.02666666666666667
5931905128207886847,2021-09,0.03333333333333333
5795100045494475994,2021-09,0.03333333333333333
5503073374822479037,2021-09,0.03666666666666667
5503073374822479037,2021-09,0.12
5503073374822479037,2021-09,0.0
7750874287225529604,2021-09,0.0033333333333333335
93982185886107798,2021-09,0.006666666666666667
93982185886107798,2021-09,0.01
968400235888951633,2021-09,0.013333333333333334
7816319470107777265,2021-09,0.013333333333333334
7816319470107777265,2021-09,0.09666666666666666
3283662016127058429,2021-09,0.0033333333333333335
7815839878620843192,2021-09,0.03333333333333333
8385636129786687263,2021-09,0.03333333333333333
9016049685460415544,2021-09,0.30511111111111117
1334091158016312155,2021-09,0.03666666666666667
4165983075385227812,2021-09,0.04
4165983075385227812,2021-09,0.07
4817816966382229074,2021-09,0.056666666666666664
4817816966382229074,2021-09,0.04
4817816966382229074,2021-09,0.056666666666666664
7120090169052575663,2021-09,0.04
7120090169052575663,2021-09,0.0
7120090169052575663,2021-09,0.0
5162621729453966204,2021-09,0.013333333333333334
1059336566956767188,2021-09,0.15333333333333332
4284129442855564250,2021-09,0.25333333333333335
5376084855227654309,2021-09,0.016666666666666666
5376084855227654309,2021-09,0.01
7171835894416689226,2021-09,0.13333333333333333
234898976850399181,2021-09,0.0033333333333333335
5448628641564935127,2021-09,0.0033333333333333335
4043546053926060305,2021-09,0.058958333333333335
4541506527938763361,2021-09,0.0033333333333333335
4541506527938763361,2021-09,0.016666666666666666
1874387298050692165,2021-09,0.02
2119292203323657032,2021-09,0.25333333333333335
2119292203323657032,2021-09,0.05
8724731934863284019,2021-09,0.006666666666666667
8724731934863284019,2021-09,0.006666666666666667
7246466789138290692,2021-09,0.03
3812760626052898456,2021-09,0.0033333333333333335
5198904647759787695,2021-09,0.03666666666666667
8511588642284189303,2021-09,0.05
7462607259426026440,2021-09,0.0033333333333333335
3022528659032597047,2021-09,0.12
3022528659032597047,2021-09,0.0
4228701400180066884,2021-09,0.5317460317460317
3915426102465954493,2021-09,0.01
1040994770557588198,2021-09,0.4038095238095238
8313765100460016738,2021-09,0.016666666666666666
6134696632487351445,2021-09,0.013333333333333334
6134696632487351445,2021-09,0.0033333333333333335
7215053254854713098,2021-09,0.0033333333333333335
4614484019183480654,2021-09,0.01
3183208564139585182,2021-09,0.3835238095238096
6532139198609901627,2021-09,0.01
5706551050445880395,2021-09,0.38333333333333336
493667100055938118,2021-09,0.4390793650793651
4351694415353093046,2021-09,0.34
5993765508162121762,2021-09,0.016666666666666666
3698481516392183789,2021-09,0.0033333333333333335
665505091521986356,2021-09,0.006666666666666667
4559400286159883576,2021-09,0.04666666666666667
7236776406341522879,2021-09,0.013333333333333334
1414132620714431952,2021-09,0.03666666666666667
5255460548789019114,2021-09,0.0
4095739077267179172,2021-09,0.13666666666666666
2988042199057874759,2021-09,0.14333333333333334
1462395707491634845,2021-09,0.05
6721448955097663572,2021-09,0.01
6721448955097663572,2021-09,0.013333333333333334
4052557282157719526,2021-09,0.023333333333333334
8684964138237894839,2021-09,0.016666666666666666
4189705495607963592,2021-09,0.05
3592461881055047578,2021-09,0.02
2307201111381758912,2021-09,0.006666666666666667
5547032541615425352,2021-09,0.043333333333333335
7779268298304613772,2021-09,0.013333333333333334
5574997762710520717,2021-09,0.0033333333333333335
7754936094607992857,2021-09,0.2733333333333333
8829286411654484379,2021-09,0.013333333333333334
6012031176108922616,2021-09,0.0033333333333333335
8245393384938410770,2021-09,0.0
4660230701075746534,2021-09,0.5125
6352592240901579272,2021-09,0.056666666666666664
7060969657673447359,2021-09,0.22333333333333333
4512887927067894301,2021-09,0.06
1467843186411742274,2021-09,0.01
4937566934664053767,2021-09,0.13666666666666666
3386019519917828299,2021-09,0.03333333333333333
4187591029730357479,2021-09,0.17333333333333334
6999154286942764669,2021-09,0.53
6999154286942764669,2021-09,0.51
7662578945735335954,2021-09,0.3888888888888889
2493305884832539159,2021-09,0.01
3592639146446725280,2021-09,0.0
5758033363847724111,2021-09,0.0033333333333333335
5558533999208199371,2021-09,0.013333333333333334
4950871361132426979,2021-09,0.03666666666666667
1717812527056208209,2021-09,0.07
1396078312562623766,2021-09,0.01
1951407691087813358,2021-09,0.05
8536031856585966123,2021-09,0.03666666666666667
2444743522510084109,2021-09,0.01
4641659186059167709,2021-09,0.006666666666666667
4850722092974676955,2021-09,0.0033333333333333335
4850722092974676955,2021-09,0.023333333333333334
4850722092974676955,2021-09,0.05333333333333334
4850722092974676955,2021-10,0.03666666666666667
4850722092974676955,2021-10,0.006666666666666667
8409181491723988567,2021-09,0.15666666666666668
8409181491723988567,2021-09,0.04666666666666667
8409181491723988567,2021-10,0.04472222222222222
8409181491723988567,2021-10,0.043333333333333335
1329553496073467331,2021-09,0.03666666666666667
1329553496073467331,2021-10,0.0033333333333333335
6615694774618628402,2021-09,0.02666666666666667
6615694774618628402,2021-09,0.013333333333333334
6615694774618628402,2021-09,0.12333333333333334
6615694774618628402,2021-09,0.11333333333333333
8829286411654484379,2021-09,0.08
6964108750473070287,2021-09,0.04
6964108750473070287,2021-09,0.023333333333333334
6964108750473070287,2021-09,0.14666666666666667
6964108750473070287,2021-09,0.03666666666666667
6964108750473070287,2021-09,0.023333333333333334
6964108750473070287,2021-09,0.0033333333333333335
6964108750473070287,2021-09,0.006666666666666667
6964108750473070287,2021-09,0.006666666666666667
6964108750473070287,2021-09,0.01
6964108750473070287,2021-09,0.0033333333333333335
6964108750473070287,2021-09,0.0
6964108750473070287,2021-09,0.04
6964108750473070287,2021-09,0.15
6964108750473070287,2021-09,0.23
6964108750473070287,2021-09,0.10333333333333333
6964108750473070287,2021-09,0.27666666666666667
6964108750473070287,2021-09,0.08
6964108750473070287,2021-09,0.24333333333333335
6964108750473070287,2021-09,0.2733333333333333
6964108750473070287,2021-10,0.03
6964108750473070287,2021-10,0.043333333333333335
6964108750473070287,2021-10,0.03333333333333333
6964108750473070287,2021-10,0.01
6964108750473070287,2021-10,0.023333333333333334
6964108750473070287,2021-10,0.013333333333333334
6964108750473070287,2021-10,0.17666666666666667
6964108750473070287,2021-10,0.25
6964108750473070287,2021-10,0.043333333333333335
6964108750473070287,2021-10,0.02666666666666667
6964108750473070287,2021-10,0.013333333333333334
6964108750473070287,2021-10,0.016666666666666666
6964108750473070287,2021-10,0.25666666666666665
6964108750473070287,2021-10,0.03666666666666667
6964108750473070287,2021-10,0.05
6964108750473070287,2021-10,0.05
6964108750473070287,2021-10,0.03333333333333333
6964108750473070287,2021-10,0.03333333333333333
6964108750473070287,2021-10,0.043333333333333335
6964108750473070287,2021-10,0.06666666666666667
6964108750473070287,2021-10,0.06666666666666667
6964108750473070287,2021-10,0.08666666666666667
6964108750473070287,2021-10,0.03666666666666667
6964108750473070287,2021-10,0.21333333333333335
6964108750473070287,2021-10,0.16666666666666666
6964108750473070287,2021-10,0.16666666666666666
6964108750473070287,2021-10,0.16666666666666666
3960251564708868781,2021-09,0.02
3960251564708868781,2021-09,0.13666666666666666
3960251564708868781,2021-09,0.23333333333333334
3960251564708868781,2021-10,0.03266666666666667
1000372849175668062,2021-09,0.013333333333333334
1000372849175668062,2021-10,0.013333333333333334
1000372849175668062,2021-10,0.01
1308019675417057675,2021-09,0.08666666666666667
1308019675417057675,2021-09,0.01
1308019675417057675,2021-10,0.006666666666666667
1308019675417057675,2021-10,0.006666666666666667
1308019675417057675,2021-10,0.006666666666666667
4714214581184951490,2021-09,0.04666666666666667
4714214581184951490,2021-09,0.013333333333333334
4714214581184951490,2021-09,0.006666666666666667
4714214581184951490,2021-10,0.01
2634859679238614382,2021-09,0.013333333333333334
2634859679238614382,2021-09,0.016666666666666666
2634859679238614382,2021-09,0.04666666666666667
2634859679238614382,2021-09,0.04666666666666667
2634859679238614382,2021-09,0.013333333333333334
2634859679238614382,2021-10,0.02
2634859679238614382,2021-10,0.06666666666666667
459290606780222306,2021-09,0.01
459290606780222306,2021-09,0.01
459290606780222306,2021-09,0.016666666666666666
459290606780222306,2021-09,0.03
459290606780222306,2021-09,0.02
459290606780222306,2021-09,0.016666666666666666
459290606780222306,2021-09,0.0033333333333333335
459290606780222306,2021-09,0.03
459290606780222306,2021-09,0.01
459290606780222306,2021-10,0.02666666666666667
459290606780222306,2021-10,0.0
459290606780222306,2021-10,0.0033333333333333335
459290606780222306,2021-10,0.0
459290606780222306,2021-10,0.03
459290606780222306,2021-10,0.03
7708030042671632236,2021-09,0.03
7708030042671632236,2021-09,0.006666666666666667
6145308913889808258,2021-09,0.04666666666666667
6145308913889808258,2021-09,0.17333333333333334
3137879241768961145,2021-09,0.07333333333333333
3137879241768961145,2021-09,0.03666666666666667
3137879241768961145,2021-10,0.03333333333333333
8919892162361650175,2021-09,0.10666666666666667
8919892162361650175,2021-09,0.02
8919892162361650175,2021-10,0.11333333333333333
8919892162361650175,2021-10,0.043333333333333335
8919892162361650175,2021-10,0.03666666666666667
8919892162361650175,2021-10,0.0033333333333333335
7141263195360679278,2021-09,0.016666666666666666
7141263195360679278,2021-09,0.02666666666666667
7141263195360679278,2021-09,0.016666666666666666
7141263195360679278,2021-09,0.016666666666666666
7141263195360679278,2021-10,0.07333333333333333
7141263195360679278,2021-10,0.02666666666666667
3285246914299291124,2021-09,0.09666666666666666
3285246914299291124,2021-09,0.08
3285246914299291124,2021-09,0.05
3285246914299291124,2021-09,0.02
3285246914299291124,2021-09,0.023333333333333334
3285246914299291124,2021-10,0.023333333333333334
3285246914299291124,2021-10,0.03333333333333333
7910340581026492945,2021-09,0.016666666666666666
7910340581026492945,2021-10,0.023333333333333334
7910340581026492945,2021-10,0.01
7910340581026492945,2021-10,0.0
7268895973869107930,2021-09,0.09666666666666666
7268895973869107930,2021-09,0.09
7268895973869107930,2021-09,0.06
7268895973869107930,2021-09,0.05333333333333334
7268895973869107930,2021-09,0.02666666666666667
7268895973869107930,2021-10,0.0
7268895973869107930,2021-10,0.01
7268895973869107930,2021-10,0.0033333333333333335
274692171162531764,2021-09,0.13333333333333333
274692171162531764,2021-09,0.06666666666666667
274692171162531764,2021-09,0.08666666666666667
274692171162531764,2021-09,0.006666666666666667
274692171162531764,2021-09,0.03
274692171162531764,2021-10,0.04
274692171162531764,2021-10,0.18333333333333332
274692171162531764,2021-10,0.11333333333333333
274692171162531764,2021-10,0.0033333333333333335
274692171162531764,2021-10,0.08333333333333333
7686361238195690925,2021-09,0.02666666666666667
7686361238195690925,2021-10,0.0
7686361238195690925,2021-10,0.571013495763496
7686361238195690925,2021-10,0.056666666666666664
7686361238195690925,2021-10,0.016666666666666666
5888474320320735000,2021-09,0.10666666666666667
5888474320320735000,2021-09,0.056666666666666664
5888474320320735000,2021-09,0.02666666666666667
5888474320320735000,2021-09,0.03666666666666667
5888474320320735000,2021-10,0.1
5888474320320735000,2021-10,0.13333333333333333
5888474320320735000,2021-10,0.04
4045739494965095560,2021-09,0.016666666666666666
4045739494965095560,2021-09,0.09666666666666666
4045739494965095560,2021-09,0.02666666666666667
4045739494965095560,2021-09,0.09666666666666666
4045739494965095560,2021-09,0.02
4045739494965095560,2021-09,0.01
4045739494965095560,2021-09,0.016666666666666666
4045739494965095560,2021-09,0.0
4045739494965095560,2021-09,0.08
4045739494965095560,2021-09,0.08
4045739494965095560,2021-09,0.0033333333333333335
4045739494965095560,2021-09,0.006666666666666667
4045739494965095560,2021-09,0.006666666666666667
4045739494965095560,2021-09,0.013333333333333334
4045739494965095560,2021-10,0.016666666666666666
4045739494965095560,2021-10,0.01
4045739494965095560,2021-10,0.01
4045739494965095560,2021-10,0.01
4045739494965095560,2021-10,0.016666666666666666
4045739494965095560,2021-10,0.0
4045739494965095560,2021-10,0.0
4045739494965095560,2021-10,0.01
8926565682509268383,2021-09,0.06
8926565682509268383,2021-09,0.06333333333333334
8926565682509268383,2021-09,0.02
8926565682509268383,2021-09,0.013333333333333334
8926565682509268383,2021-09,0.013333333333333334
8926565682509268383,2021-10,0.0
8926565682509268383,2021-10,0.006666666666666667
8926565682509268383,2021-10,0.01
8926565682509268383,2021-10,0.03333333333333333
8926565682509268383,2021-10,0.056666666666666664
8926565682509268383,2021-10,0.06333333333333334
8926565682509268383,2021-10,0.016666666666666666
8926565682509268383,2021-10,0.0
6858769421191999702,2021-09,0.016666666666666666
6858769421191999702,2021-09,0.14
6858769421191999702,2021-09,0.02666666666666667
6858769421191999702,2021-09,0.0
6858769421191999702,2021-09,0.04
3382624494518753363,2021-09,0.016666666666666666
3382624494518753363,2021-09,0.16333333333333333
3382624494518753363,2021-09,0.0
3382624494518753363,2021-09,0.01
3382624494518753363,2021-09,0.006666666666666667
8213533889694327948,2021-09,0.0
8213533889694327948,2021-09,0.0
8213533889694327948,2021-09,0.01
8213533889694327948,2021-09,0.006666666666666667
8213533889694327948,2021-10,0.2700555555555555
8213533889694327948,2021-10,0.0033333333333333335
1551531256789550891,2021-09,0.043333333333333335
1551531256789550891,2021-09,0.01
1551531256789550891,2021-09,0.01
1551531256789550891,2021-09,0.0
1551531256789550891,2021-10,0.01
8939476669690489534,2021-09,0.05333333333333334
8939476669690489534,2021-09,0.06
8939476669690489534,2021-09,0.06666666666666667
8939476669690489534,2021-10,0.28
5611787644735474299,2021-09,0.07333333333333333
5611787644735474299,2021-09,0.013333333333333334
5611787644735474299,2021-09,0.043333333333333335
5611787644735474299,2021-09,0.006666666666666667
5611787644735474299,2021-10,0.01
5611787644735474299,2021-10,0.0
1956406515279457110,2021-09,0.02
1956406515279457110,2021-09,0.11
1956406515279457110,2021-10,0.03333333333333333
1956406515279457110,2021-10,0.02666666666666667
984915269987074754,2021-09,0.07666666666666666
984915269987074754,2021-09,0.0
984915269987074754,2021-09,0.03333333333333333
984915269987074754,2021-10,0.02
984915269987074754,2021-10,0.016666666666666666
984915269987074754,2021-10,0.02666666666666667
984915269987074754,2021-10,0.01
968199235777440720,2021-09,0.04
968199235777440720,2021-09,0.04666666666666667
968199235777440720,2021-09,0.006666666666666667
968199235777440720,2021-09,0.0033333333333333335
968199235777440720,2021-09,0.016666666666666666
968199235777440720,2021-09,0.06333333333333334
968199235777440720,2021-09,0.006666666666666667
968199235777440720,2021-10,0.02666666666666667
968199235777440720,2021-10,0.05
968199235777440720,2021-10,0.016666666666666666
968199235777440720,2021-10,0.02666666666666667
8173830874846355280,2021-09,0.0
8173830874846355280,2021-09,0.0
8173830874846355280,2021-09,0.02
8173830874846355280,2021-09,0.06666666666666667
8173830874846355280,2021-09,0.5766666666666667
8173830874846355280,2021-09,0.013333333333333334
8173830874846355280,2021-09,0.016666666666666666
8173830874846355280,2021-09,0.013333333333333334
8173830874846355280,2021-09,0.02
8173830874846355280,2021-09,0.03
8173830874846355280,2021-10,0.05
8173830874846355280,2021-10,0.043333333333333335
8173830874846355280,2021-10,0.02
8173830874846355280,2021-10,0.0
8173830874846355280,2021-10,0.01
8173830874846355280,2021-10,0.0
8173830874846355280,2021-10,0.0
8173830874846355280,2021-10,0.03333333333333333
8173830874846355280,2021-10,0.4866666666666667
8173830874846355280,2021-10,0.01
8173830874846355280,2021-10,0.006666666666666667
8173830874846355280,2021-10,0.03666666666666667
8173830874846355280,2021-10,0.0
8173830874846355280,2021-10,0.01
3634047863995720708,2021-09,0.03
3634047863995720708,2021-09,0.043333333333333335
3634047863995720708,2021-09,0.043333333333333335
3634047863995720708,2021-10,0.006666666666666667
3634047863995720708,2021-10,0.0033333333333333335
3634047863995720708,2021-10,0.023333333333333334
3634047863995720708,2021-10,0.016666666666666666
1253437108265925705,2021-09,0.013333333333333334
1253437108265925705,2021-09,0.01
1253437108265925705,2021-09,0.02
1253437108265925705,2021-09,0.006666666666666667
5373371196946859811,2021-09,0.06666666666666667
5373371196946859811,2021-09,0.06666666666666667
5373371196946859811,2021-10,0.0
5373371196946859811,2021-10,0.01
5373371196946859811,2021-10,0.03
5373371196946859811,2021-10,0.03333333333333333
2493688222671282470,2021-09,0.01
2493688222671282470,2021-09,0.0033333333333333335
2493688222671282470,2021-10,0.02
5481711897502154955,2021-09,0.01
5481711897502154955,2021-09,0.12
5481711897502154955,2021-09,0.006666666666666667
5481711897502154955,2021-09,0.05333333333333334
5481711897502154955,2021-10,0.03666666666666667
3095686599956852697,2021-09,0.02666666666666667
3095686599956852697,2021-09,0.006666666666666667
3095686599956852697,2021-09,0.006666666666666667
3095686599956852697,2021-09,0.03666666666666667
3095686599956852697,2021-09,0.013333333333333334
3095686599956852697,2021-09,0.02
3095686599956852697,2021-10,0.013333333333333334
3095686599956852697,2021-10,0.02666666666666667
3095686599956852697,2021-10,0.04666666666666667
6471448246085839373,2021-09,0.07666666666666666
6471448246085839373,2021-09,0.17
6471448246085839373,2021-09,0.023333333333333334
6471448246085839373,2021-10,0.0033333333333333335
4018182555897034052,2021-09,0.01
4018182555897034052,2021-09,0.02
4018182555897034052,2021-09,0.016666666666666666
4018182555897034052,2021-09,0.0
4018182555897034052,2021-10,0.016666666666666666
4018182555897034052,2021-10,0.02
4018182555897034052,2021-10,0.023333333333333334
4018182555897034052,2021-10,0.0
4018182555897034052,2021-10,0.0
4863405965754103821,2021-09,0.18
4863405965754103821,2021-09,0.18333333333333332
4863405965754103821,2021-09,0.03333333333333333
4863405965754103821,2021-10,0.0
4863405965754103821,2021-10,0.05333333333333334
4863405965754103821,2021-10,0.0
6617479989097680138,2021-09,0.0033333333333333335
6617479989097680138,2021-09,0.02
6617479989097680138,2021-10,0.4509444444444444
3140918607946425426,2021-09,0.0
3140918607946425426,2021-09,0.016666666666666666
3140918607946425426,2021-09,0.013333333333333334
3140918607946425426,2021-09,0.006666666666666667
5880041582322293710,2021-09,0.03
5880041582322293710,2021-09,0.09333333333333334
5880041582322293710,2021-09,0.013333333333333334
5880041582322293710,2021-09,0.02
5880041582322293710,2021-09,0.016666666666666666
5880041582322293710,2021-09,0.006666666666666667
5880041582322293710,2021-10,0.04666666666666667
5880041582322293710,2021-10,0.13333333333333333
9184785003280841216,2021-09,0.02666666666666667
9184785003280841216,2021-09,0.02
9184785003280841216,2021-09,0.02666666666666667
9184785003280841216,2021-09,0.006666666666666667
9184785003280841216,2021-09,0.02666666666666667
9184785003280841216,2021-09,0.04
9184785003280841216,2021-10,0.006666666666666667
9184785003280841216,2021-10,0.02
3281617395243454427,2021-09,0.08333333333333333
3281617395243454427,2021-09,0.02666666666666667
6053752047545474051,2021-09,0.09
6053752047545474051,2021-09,0.06666666666666667
6053752047545474051,2021-09,0.11
6053752047545474051,2021-09,0.006666666666666667
6053752047545474051,2021-09,0.06333333333333334
6053752047545474051,2021-10,0.01
6053752047545474051,2021-10,0.02
6053752047545474051,2021-10,0.04
6053752047545474051,2021-10,0.01
6053752047545474051,2021-10,0.02666666666666667
6053752047545474051,2021-10,0.0
6053752047545474051,2021-10,0.0033333333333333335
6053752047545474051,2021-10,0.0
6053752047545474051,2021-10,0.006666666666666667
6053752047545474051,2021-10,0.0
6053752047545474051,2021-10,0.0
5714540197488862003,2021-09,0.03333333333333333
5714540197488862003,2021-09,0.006666666666666667
5714540197488862003,2021-10,0.0
7751080728852739823,2021-09,0.01
7751080728852739823,2021-09,0.02666666666666667
7751080728852739823,2021-10,0.0
7751080728852739823,2021-10,0.006666666666666667
7751080728852739823,2021-10,0.013333333333333334
7751080728852739823,2021-10,0.0033333333333333335
7751080728852739823,2021-10,0.0033333333333333335
7751080728852739823,2021-10,0.0033333333333333335
7751080728852739823,2021-10,0.013333333333333334
7751080728852739823,2021-10,0.013333333333333334
1788369195969129749,2021-09,0.01
1788369195969129749,2021-09,0.056666666666666664
1788369195969129749,2021-10,0.0033333333333333335
1708019696828098378,2021-09,0.12333333333333334
1708019696828098378,2021-09,0.03333333333333333
1708019696828098378,2021-09,0.04
1708019696828098378,2021-09,0.006666666666666667
1708019696828098378,2021-09,0.01
1708019696828098378,2021-10,0.2820655186198665
1708019696828098378,2021-10,0.10333333333333333
1708019696828098378,2021-10,0.0033333333333333335
819552547620904652,2021-09,0.5988888888888889
819552547620904652,2021-09,0.03
819552547620904652,2021-10,0.07914718614718615
819552547620904652,2021-10,0.043333333333333335
819552547620904652,2021-10,0.09
819552547620904652,2021-10,0.023333333333333334
1192810733461560329,2021-09,0.016666666666666666
1192810733461560329,2021-09,0.0033333333333333335
5430917218683822543,2021-09,0.04
5430917218683822543,2021-09,0.10666666666666667
5430917218683822543,2021-10,0.0033333333333333335
2451708306555441014,2021-09,0.02666666666666667
2451708306555441014,2021-09,0.016666666666666666
2451708306555441014,2021-09,0.006666666666666667
2451708306555441014,2021-09,0.03
2451708306555441014,2021-10,0.006666666666666667
5487870288449327165,2021-09,0.05
8529899700094903171,2021-09,0.02666666666666667
8529899700094903171,2021-09,0.01
8529899700094903171,2021-09,0.006666666666666667
8529899700094903171,2021-09,0.02666666666666667
8529899700094903171,2021-09,0.03666666666666667
8529899700094903171,2021-09,0.08666666666666667
8529899700094903171,2021-09,0.023333333333333334
8529899700094903171,2021-09,0.023333333333333334
8529899700094903171,2021-09,0.006666666666666667
8529899700094903171,2021-09,0.023333333333333334
8529899700094903171,2021-09,0.01
8529899700094903171,2021-09,0.01
8529899700094903171,2021-09,0.01
8529899700094903171,2021-09,0.02
8529899700094903171,2021-09,0.04666666666666667
8529899700094903171,2021-10,0.07333333333333333
8529899700094903171,2021-10,0.03
8529899700094903171,2021-10,0.0
8529899700094903171,2021-10,0.016666666666666666
8529899700094903171,2021-10,0.016666666666666666
8529899700094903171,2021-10,0.006666666666666667
8529899700094903171,2021-10,0.0
8529899700094903171,2021-10,0.01
8529899700094903171,2021-10,0.02666666666666667
8529899700094903171,2021-10,0.023333333333333334
660382477567765256,2021-09,0.05333333333333334
660382477567765256,2021-09,0.016666666666666666
660382477567765256,2021-09,0.0
660382477567765256,2021-10,0.0033333333333333335
660382477567765256,2021-10,0.013333333333333334
7325545718770538459,2021-09,0.03
7325545718770538459,2021-09,0.06333333333333334
7325545718770538459,2021-09,0.06666666666666667
7325545718770538459,2021-09,0.02
7325545718770538459,2021-09,0.03333333333333333
7325545718770538459,2021-09,0.006666666666666667
7325545718770538459,2021-09,0.0033333333333333335
7325545718770538459,2021-09,0.006666666666666667
7325545718770538459,2021-09,0.016666666666666666
7325545718770538459,2021-10,0.013333333333333334
7325545718770538459,2021-10,0.02
7325545718770538459,2021-10,0.04666666666666667
7325545718770538459,2021-10,0.0033333333333333335
7325545718770538459,2021-10,0.0
7325545718770538459,2021-10,0.01
7325545718770538459,2021-10,0.0
7992317448197179816,2021-09,0.02
7992317448197179816,2021-10,0.11333333333333333
7992317448197179816,2021-10,0.01
7992317448197179816,2021-10,0.05
1533755281771668509,2021-09,0.043333333333333335
1533755281771668509,2021-09,0.023333333333333334
1533755281771668509,2021-10,0.0
4495596792165551705,2021-09,0.02
4495596792165551705,2021-10,0.08666666666666667
2407532237672094312,2021-09,0.07
2407532237672094312,2021-09,0.01
2407532237672094312,2021-09,0.006666666666666667
2407532237672094312,2021-09,0.0
2407532237672094312,2021-10,0.0
2407532237672094312,2021-10,0.0
2407532237672094312,2021-10,0.23388888888888887
2407532237672094312,2021-10,0.0033333333333333335
4850936440093751199,2021-09,0.05333333333333334
4850936440093751199,2021-09,0.016666666666666666
4850936440093751199,2021-09,0.043333333333333335
4850936440093751199,2021-09,0.0033333333333333335
4850936440093751199,2021-09,0.0
4850936440093751199,2021-09,0.03333333333333333
4850936440093751199,2021-10,0.057916666666666665
4850936440093751199,2021-10,0.0
4850936440093751199,2021-10,0.0
4850936440093751199,2021-10,0.006666666666666667
7770458886439606839,2021-09,0.04
7770458886439606839,2021-09,0.03
7770458886439606839,2021-09,0.03666666666666667
7770458886439606839,2021-09,0.03666666666666667
7770458886439606839,2021-09,0.023333333333333334
7770458886439606839,2021-09,0.09
7770458886439606839,2021-10,0.05333333333333334
7770458886439606839,2021-10,0.0033333333333333335
2346482557594782345,2021-09,0.02
2346482557594782345,2021-09,0.02666666666666667
2346482557594782345,2021-09,0.013333333333333334
2346482557594782345,2021-09,0.02
2346482557594782345,2021-09,0.03666666666666667
2346482557594782345,2021-09,0.006666666666666667
2346482557594782345,2021-10,0.02
2346482557594782345,2021-10,0.02666666666666667
2346482557594782345,2021-10,0.056666666666666664
2346482557594782345,2021-10,0.013333333333333334
2346482557594782345,2021-10,0.006666666666666667
2346482557594782345,2021-10,0.0
2346482557594782345,2021-10,0.0033333333333333335
3454481508285917519,2021-09,0.016666666666666666
3454481508285917519,2021-09,0.04666666666666667
3454481508285917519,2021-09,0.016666666666666666
5162636608292907782,2021-09,0.12333333333333334
5162636608292907782,2021-09,0.01
5162636608292907782,2021-09,0.14333333333333334
5162636608292907782,2021-09,0.16111111111111112
5162636608292907782,2021-10,0.03333333333333333
5162636608292907782,2021-10,0.20333333333333334
6916556752218696485,2021-09,0.04666666666666667
6916556752218696485,2021-09,0.016666666666666666
6916556752218696485,2021-09,0.07333333333333333
6916556752218696485,2021-09,0.01
6916556752218696485,2021-09,0.03
6916556752218696485,2021-10,0.0
6916556752218696485,2021-10,0.0
6916556752218696485,2021-10,0.0033333333333333335
6916556752218696485,2021-10,0.03333333333333333
6916556752218696485,2021-10,0.0
6916556752218696485,2021-10,0.01
8552039412779393821,2021-09,0.09
8350724667410677464,2021-09,0.0033333333333333335
8350724667410677464,2021-09,0.04
8350724667410677464,2021-09,0.07333333333333333
8350724667410677464,2021-09,0.016666666666666666
8350724667410677464,2021-10,0.2820655186198665
5613825020130267729,2021-09,0.03666666666666667
5613825020130267729,2021-09,0.0
5613825020130267729,2021-10,0.016666666666666666
5613825020130267729,2021-10,0.0033333333333333335
5613825020130267729,2021-10,0.0
1477629972594346481,2021-09,0.03
1477629972594346481,2021-09,0.006666666666666667
1477629972594346481,2021-10,0.0033333333333333335
1543875954928694094,2021-09,0.10333333333333333
1543875954928694094,2021-09,0.006666666666666667
1543875954928694094,2021-09,0.0033333333333333335
1543875954928694094,2021-10,0.016666666666666666
1543875954928694094,2021-10,0.0
4392369075438855735,2021-09,0.08666666666666667
4392369075438855735,2021-10,0.03333333333333333
4392369075438855735,2021-10,0.02
8784237149961904,2021-09,0.023333333333333334
8784237149961904,2021-10,0.0033333333333333335
8784237149961904,2021-10,0.006666666666666667
5761480994209806499,2021-09,0.07333333333333333
5761480994209806499,2021-09,0.016666666666666666
5761480994209806499,2021-09,0.0
5761480994209806499,2021-09,0.0
5761480994209806499,2021-09,0.01
5761480994209806499,2021-09,0.01
5761480994209806499,2021-09,0.0033333333333333335
5761480994209806499,2021-09,0.006666666666666667
5761480994209806499,2021-09,0.01
5761480994209806499,2021-09,0.006666666666666667
5761480994209806499,2021-09,0.0033333333333333335
5761480994209806499,2021-09,0.0033333333333333335
5761480994209806499,2021-09,0.0033333333333333335
5761480994209806499,2021-09,0.006666666666666667
5761480994209806499,2021-09,0.013333333333333334
5761480994209806499,2021-09,0.0
5761480994209806499,2021-09,0.05
5761480994209806499,2021-09,0.03666666666666667
5761480994209806499,2021-10,0.0
5761480994209806499,2021-10,0.0033333333333333335
5761480994209806499,2021-10,0.21666666666666667
5761480994209806499,2021-10,0.01
5761480994209806499,2021-10,0.01
5761480994209806499,2021-10,0.0033333333333333335
5761480994209806499,2021-10,0.05
5761480994209806499,2021-10,0.04
5761480994209806499,2021-10,0.013333333333333334
5761480994209806499,2021-10,0.023333333333333334
5761480994209806499,2021-10,0.03
5761480994209806499,2021-10,0.0
5761480994209806499,2021-10,0.0
5761480994209806499,2021-10,0.0033333333333333335
5761480994209806499,2021-10,0.0
5761480994209806499,2021-10,0.0033333333333333335
5761480994209806499,2021-10,0.023333333333333334
5761480994209806499,2021-10,0.006666666666666667
5761480994209806499,2021-10,0.056666666666666664
5761480994209806499,2021-10,0.01
6582676833651678345,2021-09,0.05
6582676833651678345,2021-09,0.07666666666666666
6582676833651678345,2021-09,0.0033333333333333335
6582676833651678345,2021-09,0.02666666666666667
6582676833651678345,2021-09,0.023333333333333334
6582676833651678345,2021-09,0.023333333333333334
6582676833651678345,2021-10,0.02
6582676833651678345,2021-10,0.17983342583342615
6582676833651678345,2021-10,0.0
6582676833651678345,2021-10,0.0033333333333333335
6582676833651678345,2021-10,0.0
7403979270048469991,2021-09,0.01
7403979270048469991,2021-09,0.006666666666666667
696014079855281037,2021-09,0.016666666666666666
696014079855281037,2021-09,0.14
696014079855281037,2021-09,0.01
696014079855281037,2021-10,0.02
696014079855281037,2021-10,0.02666666666666667
696014079855281037,2021-10,0.023333333333333334
696014079855281037,2021-10,0.01
696014079855281037,2021-10,0.006666666666666667
1156053485989336481,2021-09,0.07666666666666666
1156053485989336481,2021-09,0.19
1156053485989336481,2021-09,0.20666666666666667
1156053485989336481,2021-09,0.29333333333333333
1156053485989336481,2021-09,0.29
1156053485989336481,2021-09,0.29
1156053485989336481,2021-09,0.36
1156053485989336481,2021-09,0.17333333333333334
1156053485989336481,2021-09,0.11
1156053485989336481,2021-09,0.18666666666666668
1156053485989336481,2021-09,0.18666666666666668
1156053485989336481,2021-09,0.17333333333333334
1156053485989336481,2021-09,0.18666666666666668
1156053485989336481,2021-09,0.18
1156053485989336481,2021-09,0.04
1156053485989336481,2021-09,0.04
1156053485989336481,2021-09,0.04
1156053485989336481,2021-09,0.03
1156053485989336481,2021-09,0.04
1156053485989336481,2021-09,0.03
1156053485989336481,2021-09,0.04
1156053485989336481,2021-09,0.056666666666666664
1156053485989336481,2021-09,0.03666666666666667
1156053485989336481,2021-09,0.013333333333333334
1156053485989336481,2021-09,0.01
1156053485989336481,2021-09,0.006666666666666667
1156053485989336481,2021-09,0.006666666666666667
1156053485989336481,2021-09,0.04
1156053485989336481,2021-09,0.05
1156053485989336481,2021-09,0.14
1156053485989336481,2021-09,0.02
1156053485989336481,2021-09,0.016666666666666666
1156053485989336481,2021-09,0.05333333333333334
1156053485989336481,2021-09,0.11
1156053485989336481,2021-09,0.07
1156053485989336481,2021-09,0.09333333333333334
1156053485989336481,2021-09,0.08333333333333333
1156053485989336481,2021-09,0.08
1156053485989336481,2021-09,0.03333333333333333
1156053485989336481,2021-10,0.06666666666666667
1156053485989336481,2021-10,0.043333333333333335
1156053485989336481,2021-10,0.016666666666666666
1156053485989336481,2021-10,0.02
1156053485989336481,2021-10,0.01
1156053485989336481,2021-10,0.002
1156053485989336481,2021-10,0.01
1156053485989336481,2021-10,0.09666666666666666
1156053485989336481,2021-10,0.08666666666666667
1156053485989336481,2021-10,0.4582301587301587
1156053485989336481,2021-10,0.38936904761904767
1156053485989336481,2021-10,0.21333333333333335
1156053485989336481,2021-10,0.21333333333333335
1156053485989336481,2021-10,0.42333333333333334
1156053485989336481,2021-10,0.006666666666666667
1156053485989336481,2021-10,0.0033333333333333335
1156053485989336481,2021-10,0.02666666666666667
1156053485989336481,2021-10,0.023333333333333334
1156053485989336481,2021-10,0.023333333333333334
1156053485989336481,2021-10,0.016666666666666666
1156053485989336481,2021-10,0.02666666666666667
1156053485989336481,2021-10,0.006666666666666667
1156053485989336481,2021-10,0.013333333333333334
1156053485989336481,2021-10,0.04666666666666667
1156053485989336481,2021-10,0.03
1156053485989336481,2021-10,0.02
1156053485989336481,2021-10,0.04666666666666667
1156053485989336481,2021-10,0.05
1156053485989336481,2021-10,0.05333333333333334
7613717984547031729,2021-09,0.043333333333333335
7613717984547031729,2021-09,0.006666666666666667
7613717984547031729,2021-10,0.0
7613717984547031729,2021-10,0.006666666666666667
5082813456193598086,2021-09,0.03
5082813456193598086,2021-10,0.0033333333333333335
5082813456193598086,2021-10,0.0
4235078665660987689,2021-09,0.03333333333333333
4235078665660987689,2021-09,0.016666666666666666
4235078665660987689,2021-09,0.11666666666666667
4235078665660987689,2021-09,0.0033333333333333335
4235078665660987689,2021-10,0.013333333333333334
4235078665660987689,2021-10,0.02666666666666667
4235078665660987689,2021-10,0.016666666666666666
5462970244186515758,2021-09,0.04
5462970244186515758,2021-09,0.02
5462970244186515758,2021-09,0.056666666666666664
5462970244186515758,2021-09,0.023333333333333334
5462970244186515758,2021-09,0.0033333333333333335
5462970244186515758,2021-10,0.01
5462970244186515758,2021-10,0.006666666666666667
5462970244186515758,2021-10,0.17319444444444446
5462970244186515758,2021-10,0.16666666666666666
5462970244186515758,2021-10,0.0
5462970244186515758,2021-10,0.0
5462970244186515758,2021-10,0.006666666666666667
1343530446996409207,2021-09,0.006666666666666667
1343530446996409207,2021-09,0.016666666666666666
1343530446996409207,2021-09,0.02
1343530446996409207,2021-10,0.1
1044568737046072781,2021-09,0.01
1044568737046072781,2021-09,0.013333333333333334
1044568737046072781,2021-09,0.056666666666666664
1044568737046072781,2021-10,0.0
7707459425750676368,2021-09,0.10333333333333333
7707459425750676368,2021-09,0.6541666666666667
7707459425750676368,2021-09,0.016666666666666666
7707459425750676368,2021-10,0.0
7707459425750676368,2021-10,0.02
761746217261797478,2021-09,0.07666666666666666
761746217261797478,2021-09,0.0
761746217261797478,2021-10,0.03
761746217261797478,2021-10,0.0
1366416810235233769,2021-09,0.023333333333333334
1366416810235233769,2021-09,0.006666666666666667
1366416810235233769,2021-10,0.0
4980232475645447238,2021-09,0.006666666666666667
4980232475645447238,2021-10,0.07333333333333333
2870813069335519467,2021-09,0.0033333333333333335
7269781193318890653,2021-09,0.0033333333333333335
7269781193318890653,2021-10,0.15333333333333332
7269781193318890653,2021-10,0.0
7269781193318890653,2021-10,0.0
9099218788416728596,2021-09,0.3433333333333333
9099218788416728596,2021-10,0.28
2532435113844289043,2021-09,0.1
2532435113844289043,2021-09,0.01
2532435113844289043,2021-09,0.12
2532435113844289043,2021-09,0.016666666666666666
2532435113844289043,2021-09,0.043333333333333335
2532435113844289043,2021-09,0.006666666666666667
2532435113844289043,2021-09,0.0033333333333333335
2532435113844289043,2021-09,0.0033333333333333335
2532435113844289043,2021-10,0.04
2532435113844289043,2021-10,0.0
2532435113844289043,2021-10,0.0
2532435113844289043,2021-10,0.013333333333333334
2532435113844289043,2021-10,0.056666666666666664
2532435113844289043,2021-10,0.006666666666666667
2532435113844289043,2021-10,0.006666666666666667
7815839878620843192,2021-09,0.02
7815839878620843192,2021-10,0.08666666666666667
3592461881055047578,2021-09,0.06666666666666667
3592461881055047578,2021-10,0.03333333333333333
107343823625119033,2021-09,0.01
107343823625119033,2021-09,0.01
107343823625119033,2021-09,0.01
107343823625119033,2021-09,0.01
107343823625119033,2021-10,0.016666666666666666
4762256864594914240,2021-09,0.01
4762256864594914240,2021-09,0.03333333333333333
4762256864594914240,2021-10,0.571013495763496
2083323809219952960,2021-09,0.13333333333333333
2083323809219952960,2021-09,0.03333333333333333
2083323809219952960,2021-09,0.006666666666666667
2083323809219952960,2021-09,0.056666666666666664
2083323809219952960,2021-09,0.10333333333333333
2083323809219952960,2021-09,0.06
2083323809219952960,2021-09,0.07
2083323809219952960,2021-09,0.07
2083323809219952960,2021-09,0.013333333333333334
2083323809219952960,2021-09,0.20666666666666667
2083323809219952960,2021-09,0.22666666666666666
2083323809219952960,2021-10,0.03333333333333333
2083323809219952960,2021-10,0.0033333333333333335
2083323809219952960,2021-10,0.05
2083323809219952960,2021-10,0.05333333333333334
2083323809219952960,2021-10,0.016666666666666666
2083323809219952960,2021-10,0.016666666666666666
2083323809219952960,2021-10,0.02
2083323809219952960,2021-10,0.02
2083323809219952960,2021-10,0.016666666666666666
8901696535927078963,2021-09,0.016666666666666666
8901696535927078963,2021-09,0.03
8901696535927078963,2021-09,0.0
8901696535927078963,2021-10,0.0033333333333333335
8901696535927078963,2021-10,0.056666666666666664
8901696535927078963,2021-10,0.0
8901696535927078963,2021-10,0.0
8901696535927078963,2021-10,0.0
5176940320835464459,2021-09,0.01
5176940320835464459,2021-09,0.016666666666666666
5176940320835464459,2021-09,0.07
5176940320835464459,2021-09,0.0033333333333333335
5176940320835464459,2021-09,0.043333333333333335
5176940320835464459,2021-09,0.02
5176940320835464459,2021-09,0.05
5176940320835464459,2021-09,0.19666666666666666
5176940320835464459,2021-09,0.04
5176940320835464459,2021-09,0.006666666666666667
5176940320835464459,2021-09,0.023333333333333334
5176940320835464459,2021-10,0.0
5176940320835464459,2021-10,0.006666666666666667
5176940320835464459,2021-10,0.02
5176940320835464459,2021-10,0.0033333333333333335
5176940320835464459,2021-10,0.02
5176940320835464459,2021-10,0.0
5176940320835464459,2021-10,0.0033333333333333335
5176940320835464459,2021-10,0.04666666666666667
5176940320835464459,2021-10,0.006666666666666667
5176940320835464459,2021-10,0.0033333333333333335
5176940320835464459,2021-10,0.0
3977861004707764824,2021-09,0.06666666666666667
3977861004707764824,2021-09,0.01
3977861004707764824,2021-09,0.03666666666666667
3977861004707764824,2021-09,0.02
3977861004707764824,2021-09,0.01
3977861004707764824,2021-09,0.02666666666666667
3977861004707764824,2021-09,0.01
3977861004707764824,2021-09,0.0
3977861004707764824,2021-09,0.0
3977861004707764824,2021-10,0.0
3977861004707764824,2021-10,0.01
3977861004707764824,2021-10,0.013333333333333334
3977861004707764824,2021-10,0.0
3977861004707764824,2021-10,0.0
3977861004707764824,2021-10,0.0
3977861004707764824,2021-10,0.0033333333333333335
4995679129936981612,2021-09,0.0033333333333333335
4995679129936981612,2021-09,0.0033333333333333335
4995679129936981612,2021-09,0.013333333333333334
5057726374207815794,2021-09,0.06666666666666667
6842075380768862290,2021-09,0.07333333333333333
6842075380768862290,2021-10,0.023333333333333334
6842075380768862290,2021-10,0.023333333333333334
2508429106201166689,2021-09,0.006666666666666667
2508429106201166689,2021-09,0.03666666666666667
2508429106201166689,2021-10,0.043333333333333335
2508429106201166689,2021-10,0.0
5136739522477907100,2021-09,0.06
5136739522477907100,2021-09,0.15666666666666668
2530707686830644666,2021-09,0.006666666666666667
2530707686830644666,2021-09,0.0033333333333333335
2530707686830644666,2021-10,0.18666666666666668
1553628056929342565,2021-09,0.016666666666666666
7930925883736021864,2021-09,0.02666666666666667
7930925883736021864,2021-09,0.03666666666666667
7930925883736021864,2021-09,0.016666666666666666
7930925883736021864,2021-09,0.0033333333333333335
7930925883736021864,2021-09,0.02
7930925883736021864,2021-09,0.02
7930925883736021864,2021-09,0.006666666666666667
7930925883736021864,2021-09,0.11333333333333333
7930925883736021864,2021-09,0.15
7930925883736021864,2021-09,0.0033333333333333335
7930925883736021864,2021-09,0.006666666666666667
7930925883736021864,2021-09,0.04
7930925883736021864,2021-10,0.0
7930925883736021864,2021-10,0.0
7930925883736021864,2021-10,0.006666666666666667
7930925883736021864,2021-10,0.01
7930925883736021864,2021-10,0.0033333333333333335
7930925883736021864,2021-10,0.006666666666666667
7930925883736021864,2021-10,0.0
7458891296671174680,2021-09,0.013333333333333334
7458891296671174680,2021-10,0.006666666666666667
4327694790333781288,2021-09,0.04
4327694790333781288,2021-10,0.04
4327694790333781288,2021-10,0.02666666666666667
4327694790333781288,2021-10,0.006666666666666667
5108407319813072955,2021-09,0.09666666666666666
5108407319813072955,2021-09,0.006666666666666667
5108407319813072955,2021-10,0.02
180672270337706285,2021-09,0.43
180672270337706285,2021-09,0.31666666666666665
180672270337706285,2021-10,0.3291428571428571
180672270337706285,2021-10,0.21333333333333335
180672270337706285,2021-10,0.31247619047619046
8576047157867370630,2021-09,0.02
8576047157867370630,2021-09,0.03333333333333333
8576047157867370630,2021-10,0.0033333333333333335
8576047157867370630,2021-10,0.05333333333333334
8576047157867370630,2021-10,0.0
6941381638534728190,2021-09,0.02
6941381638534728190,2021-09,0.0033333333333333335
6941381638534728190,2021-10,0.006666666666666667
314309872114206760,2021-09,0.09
314309872114206760,2021-09,0.02
314309872114206760,2021-09,0.05
314309872114206760,2021-09,0.06666666666666667
314309872114206760,2021-09,0.02
314309872114206760,2021-09,0.06666666666666667
314309872114206760,2021-09,0.06666666666666667
314309872114206760,2021-09,0.02666666666666667
2771214050521171719,2021-09,0.023333333333333334
2771214050521171719,2021-09,0.6093333333333334
2771214050521171719,2021-09,0.04666666666666667
2771214050521171719,2021-09,0.55
2771214050521171719,2021-10,0.0033333333333333335
2814790209436551216,2021-09,0.016666666666666666
2814790209436551216,2021-09,0.04
2814790209436551216,2021-10,0.01
7776069961364493674,2021-09,0.02
7776069961364493674,2021-09,0.01
7776069961364493674,2021-10,0.03333333333333333
7776069961364493674,2021-10,0.013333333333333334
7776069961364493674,2021-10,0.02
7776069961364493674,2021-10,0.03333333333333333
3355881107559250653,2021-09,0.006666666666666667
3355881107559250653,2021-09,0.07
3355881107559250653,2021-09,0.006666666666666667
3355881107559250653,2021-10,0.0
3355881107559250653,2021-10,0.0033333333333333335
3355881107559250653,2021-10,0.013333333333333334
3355881107559250653,2021-10,0.03
3355881107559250653,2021-10,0.03
3355881107559250653,2021-10,0.01
3355881107559250653,2021-10,0.0
3355881107559250653,2021-10,0.016666666666666666
3355881107559250653,2021-10,0.0
3355881107559250653,2021-10,0.006666666666666667
3355881107559250653,2021-10,0.01
3355881107559250653,2021-10,0.0033333333333333335
3355881107559250653,2021-10,0.0
3931892303497206092,2021-09,0.0033333333333333335
3931892303497206092,2021-09,0.12333333333333334
3931892303497206092,2021-10,0.043333333333333335
2943087245123311166,2021-09,0.0033333333333333335
2943087245123311166,2021-09,0.023333333333333334
2943087245123311166,2021-09,0.01
2943087245123311166,2021-09,0.023333333333333334
2943087245123311166,2021-10,0.0
7720458526816091748,2021-09,0.11666666666666667
7720458526816091748,2021-09,0.0033333333333333335
7720458526816091748,2021-09,0.03
7720458526816091748,2021-10,0.13666666666666666
324916756972236008,2021-09,0.016666666666666666
324916756972236008,2021-09,0.0033333333333333335
324916756972236008,2021-09,0.013333333333333334
324916756972236008,2021-09,0.006666666666666667
4679462479444735708,2021-09,0.07
4679462479444735708,2021-09,0.03
4679462479444735708,2021-09,0.013333333333333334
4679462479444735708,2021-10,0.03666666666666667
4679462479444735708,2021-10,0.006666666666666667
4679462479444735708,2021-10,0.0
4679462479444735708,2021-10,0.01
7347715771145302549,2021-09,0.0
7347715771145302549,2021-09,0.15666666666666668
7347715771145302549,2021-09,0.03333333333333333
7347715771145302549,2021-09,0.023333333333333334
7347715771145302549,2021-10,0.023333333333333334
7347715771145302549,2021-10,0.4317222222222223
7347715771145302549,2021-10,0.023333333333333334
7347715771145302549,2021-10,0.07666666666666666
7347715771145302549,2021-10,0.023333333333333334
8603678028264007695,2021-09,0.16666666666666666
8603678028264007695,2021-09,0.0
8603678028264007695,2021-10,0.013333333333333334
8603678028264007695,2021-10,0.0
8603678028264007695,2021-10,0.01
4817816966382229074,2021-09,0.03
4817816966382229074,2021-10,0.05
5067621068959932809,2021-09,0.006666666666666667
5067621068959932809,2021-09,0.03333333333333333
5067621068959932809,2021-10,0.0
4530631557358349711,2021-09,0.02666666666666667
4530631557358349711,2021-09,0.05333333333333334
4530631557358349711,2021-10,0.016666666666666666
4530631557358349711,2021-10,0.0
8503092146854371576,2021-09,0.02
8503092146854371576,2021-10,0.04
6545052034269841737,2021-09,0.06
6545052034269841737,2021-09,0.03
6545052034269841737,2021-09,0.02
6545052034269841737,2021-09,0.01
6545052034269841737,2021-10,0.03666666666666667
6545052034269841737,2021-10,0.15
6545052034269841737,2021-10,0.0033333333333333335
6545052034269841737,2021-10,0.006666666666666667
6546850858912852316,2021-09,0.006666666666666667
6546850858912852316,2021-09,0.016666666666666666
6546850858912852316,2021-09,0.03
6546850858912852316,2021-09,0.03
2929243640075785940,2021-09,0.03
2929243640075785940,2021-09,0.02666666666666667
2929243640075785940,2021-09,0.03666666666666667
2929243640075785940,2021-09,0.07
2929243640075785940,2021-09,0.01
2929243640075785940,2021-10,0.0
2929243640075785940,2021-10,0.0033333333333333335
903093877129717133,2021-09,0.07
903093877129717133,2021-09,0.03333333333333333
903093877129717133,2021-09,0.03666666666666667
903093877129717133,2021-09,0.07666666666666666
903093877129717133,2021-09,0.0
903093877129717133,2021-10,0.013333333333333334
903093877129717133,2021-10,0.09333333333333334
903093877129717133,2021-10,0.0
903093877129717133,2021-10,0.006666666666666667
903093877129717133,2021-10,0.013333333333333334
903093877129717133,2021-10,0.006666666666666667
8826489829259520138,2021-09,0.016666666666666666
8826489829259520138,2021-09,0.0033333333333333335
511305041047444825,2021-09,0.056666666666666664
511305041047444825,2021-10,0.02
511305041047444825,2021-10,0.013333333333333334
511305041047444825,2021-10,0.0
3118152790263512426,2021-09,0.016666666666666666
3118152790263512426,2021-09,0.04666666666666667
3118152790263512426,2021-10,0.0
4740535838297269949,2021-09,0.0033333333333333335
4740535838297269949,2021-09,0.006666666666666667
4740535838297269949,2021-09,0.0033333333333333335
4740535838297269949,2021-10,0.006666666666666667
4740535838297269949,2021-10,0.0
4740535838297269949,2021-10,0.016666666666666666
340285351737204923,2021-09,0.013333333333333334
340285351737204923,2021-09,0.06333333333333334
340285351737204923,2021-09,0.0033333333333333335
340285351737204923,2021-10,0.16
5166128847048245697,2021-09,0.013333333333333334
5166128847048245697,2021-10,0.043333333333333335
792560389712312178,2021-09,0.013333333333333334
792560389712312178,2021-09,0.16333333333333333
792560389712312178,2021-09,0.01
792560389712312178,2021-09,0.0
792560389712312178,2021-10,0.006666666666666667
792560389712312178,2021-10,0.06
4465150716052427320,2021-09,0.03
4465150716052427320,2021-09,0.02
4465150716052427320,2021-09,0.0
4465150716052427320,2021-10,0.006666666666666667
4465150716052427320,2021-10,0.016666666666666666
5432443358006556295,2021-09,0.08666666666666667
5432443358006556295,2021-10,0.04666666666666667
5432443358006556295,2021-10,0.0033333333333333335
5883155883105348987,2021-09,0.006666666666666667
5883155883105348987,2021-09,0.023333333333333334
5883155883105348987,2021-09,0.016666666666666666
5883155883105348987,2021-09,0.02666666666666667
5883155883105348987,2021-09,0.0033333333333333335
5883155883105348987,2021-10,0.016666666666666666
5883155883105348987,2021-10,0.04
5883155883105348987,2021-10,0.07666666666666666
5883155883105348987,2021-10,0.10333333333333333
5883155883105348987,2021-10,0.043333333333333335
5883155883105348987,2021-10,0.0
5883155883105348987,2021-10,0.07333333333333333
5883155883105348987,2021-10,0.006666666666666667
5883155883105348987,2021-10,0.0
5883155883105348987,2021-10,0.05
4995217181024687397,2021-09,0.01
4995217181024687397,2021-09,0.09
4995217181024687397,2021-09,0.013333333333333334
4995217181024687397,2021-10,0.006666666666666667
4995217181024687397,2021-10,0.0
4995217181024687397,2021-10,0.0
8874257794774679816,2021-09,0.09
8874257794774679816,2021-09,0.06333333333333334
8874257794774679816,2021-09,0.13
8874257794774679816,2021-09,0.16
8874257794774679816,2021-09,0.16
8874257794774679816,2021-09,0.11
8874257794774679816,2021-10,0.08
8874257794774679816,2021-10,0.05333333333333334
8874257794774679816,2021-10,0.02
8874257794774679816,2021-10,0.006666666666666667
8195468623809753777,2021-09,0.03
8195468623809753777,2021-09,0.006666666666666667
8195468623809753777,2021-09,0.03666666666666667
8195468623809753777,2021-10,0.0033333333333333335
8195468623809753777,2021-10,0.02
8195468623809753777,2021-10,0.02666666666666667
7535160686416710323,2021-09,0.08
7535160686416710323,2021-09,0.03
7535160686416710323,2021-09,0.07666666666666666
7535160686416710323,2021-10,0.043333333333333335
7535160686416710323,2021-10,0.05
652740132671309295,2021-09,0.13666666666666666
652740132671309295,2021-10,0.016666666666666666
8305404138704642088,2021-09,0.21666666666666667
2006188298374001315,2021-09,0.04
2006188298374001315,2021-09,0.023333333333333334
2006188298374001315,2021-10,0.03
2006188298374001315,2021-10,0.0033333333333333335
6020593949794792044,2021-09,0.03333333333333333
6020593949794792044,2021-09,0.016666666666666666
6020593949794792044,2021-09,0.02
6020593949794792044,2021-09,0.016666666666666666
6020593949794792044,2021-09,0.03
6020593949794792044,2021-10,0.03333333333333333
6020593949794792044,2021-10,0.016666666666666666
6020593949794792044,2021-10,0.056666666666666664
2678966409665050034,2021-09,0.02
2678966409665050034,2021-10,0.7133333333333334
2678966409665050034,2021-10,0.6476111111111111
2678966409665050034,2021-10,0.023333333333333334
2678966409665050034,2021-10,0.0
1276604410881911401,2021-09,0.043333333333333335
1276604410881911401,2021-09,0.10333333333333333
1276604410881911401,2021-09,0.06666666666666667
1276604410881911401,2021-09,0.07
1276604410881911401,2021-09,0.10666666666666667
1276604410881911401,2021-09,0.11666666666666667
1276604410881911401,2021-10,0.05333333333333334
1276604410881911401,2021-10,0.03
1276604410881911401,2021-10,0.06
1276604410881911401,2021-10,0.05
5409960473983330744,2021-09,0.16
5409960473983330744,2021-09,0.006666666666666667
5409960473983330744,2021-10,0.013333333333333334
5409960473983330744,2021-10,0.01
5409960473983330744,2021-10,0.006666666666666667
5409960473983330744,2021-10,0.006666666666666667
8889055492416898333,2021-09,0.08
8889055492416898333,2021-09,0.03666666666666667
8889055492416898333,2021-10,0.01
8889055492416898333,2021-10,0.006666666666666667
8889055492416898333,2021-10,0.0033333333333333335
8724731934863284019,2021-09,0.03
8724731934863284019,2021-09,0.06333333333333334
8724731934863284019,2021-10,0.013333333333333334
3022528659032597047,2021-09,0.06
3022528659032597047,2021-10,0.0033333333333333335
3022528659032597047,2021-10,0.1575
3022528659032597047,2021-10,0.013333333333333334
3022528659032597047,2021-10,0.01
7120090169052575663,2021-09,0.05
7120090169052575663,2021-09,0.05
7120090169052575663,2021-10,0.0
7120090169052575663,2021-10,0.0033333333333333335
963687627963462983,2021-09,0.056666666666666664
963687627963462983,2021-09,0.0033333333333333335
963687627963462983,2021-09,0.10333333333333333
963687627963462983,2021-09,0.0033333333333333335
963687627963462983,2021-10,0.0033333333333333335
963687627963462983,2021-10,0.04
963687627963462983,2021-10,0.0033333333333333335
4003696935579172837,2021-09,0.5366666666666666
472772897496154354,2021-09,0.0033333333333333335
472772897496154354,2021-09,0.19
472772897496154354,2021-10,0.0
5304536516981778801,2021-09,0.01
5304536516981778801,2021-09,0.043333333333333335
5304536516981778801,2021-09,0.08
5304536516981778801,2021-10,0.05333333333333334
5304536516981778801,2021-10,0.0033333333333333335
5304536516981778801,2021-10,0.0033333333333333335
4972567100282306577,2021-09,0.013333333333333334
4972567100282306577,2021-09,0.056666666666666664
4972567100282306577,2021-09,0.03333333333333333
4972567100282306577,2021-10,0.016666666666666666
4972567100282306577,2021-10,0.0
4972567100282306577,2021-10,0.0
4972567100282306577,2021-10,0.013333333333333334
5301988619224057921,2021-09,0.016666666666666666
5301988619224057921,2021-09,0.016666666666666666
5301988619224057921,2021-09,0.0
5301988619224057921,2021-09,0.0033333333333333335
5301988619224057921,2021-09,0.0
5301988619224057921,2021-09,0.0033333333333333335
5301988619224057921,2021-09,0.006666666666666667
5301988619224057921,2021-09,0.02
5301988619224057921,2021-10,0.23388888888888887
5301988619224057921,2021-10,0.0033333333333333335
5301988619224057921,2021-10,0.006666666666666667
5301988619224057921,2021-10,0.006666666666666667
5301988619224057921,2021-10,0.01
6927178425683104769,2021-09,0.0
6927178425683104769,2021-09,0.02
6927178425683104769,2021-09,0.02666666666666667
6927178425683104769,2021-10,0.0
6927178425683104769,2021-10,0.0
6927178425683104769,2021-10,0.023333333333333334
3997247264680905799,2021-09,0.006666666666666667
3997247264680905799,2021-09,0.0033333333333333335
3997247264680905799,2021-09,0.006666666666666667
3997247264680905799,2021-09,0.02666666666666667
3997247264680905799,2021-10,0.0
3997247264680905799,2021-10,0.02666666666666667
3997247264680905799,2021-10,0.023333333333333334
3997247264680905799,2021-10,0.0
3997247264680905799,2021-10,0.0
5274777191770957761,2021-09,0.31833333333333336
5274777191770957761,2021-09,0.4
5274777191770957761,2021-09,0.23666666666666666
5274777191770957761,2021-09,0.23666666666666666
5274777191770957761,2021-09,0.4866666666666667
5274777191770957761,2021-09,0.3466666666666667
5274777191770957761,2021-09,0.25
5274777191770957761,2021-10,0.5866666666666667
5460280878923715699,2021-09,0.006666666666666667
5460280878923715699,2021-09,0.0
5460280878923715699,2021-10,0.1883333333333333
7970976988071755401,2021-09,0.03666666666666667
7970976988071755401,2021-09,0.04666666666666667
7970976988071755401,2021-10,0.02666666666666667
7970976988071755401,2021-10,0.023333333333333334
2983174282784691273,2021-09,0.06333333333333334
2983174282784691273,2021-09,0.016666666666666666
2983174282784691273,2021-10,0.0
2983174282784691273,2021-10,0.05
2983174282784691273,2021-10,0.05333333333333334
2983174282784691273,2021-10,0.016666666666666666
2983174282784691273,2021-10,0.01
2983174282784691273,2021-10,0.0
2983174282784691273,2021-10,0.0
2983174282784691273,2021-10,0.0
2983174282784691273,2021-10,0.0033333333333333335
5726178124659661019,2021-09,0.11
5726178124659661019,2021-09,0.0033333333333333335
5726178124659661019,2021-09,0.0
5726178124659661019,2021-09,0.11666666666666667
5726178124659661019,2021-09,0.0033333333333333335
5726178124659661019,2021-09,0.0
5726178124659661019,2021-09,0.0
5726178124659661019,2021-10,0.0
5726178124659661019,2021-10,0.03666666666666667
5726178124659661019,2021-10,0.0
5726178124659661019,2021-10,0.01
7908414709866823255,2021-09,0.03333333333333333
7908414709866823255,2021-09,0.04
7908414709866823255,2021-09,0.07333333333333333
7908414709866823255,2021-10,0.0033333333333333335
7908414709866823255,2021-10,0.023333333333333334
7908414709866823255,2021-10,0.043333333333333335
7908414709866823255,2021-10,0.0
7908414709866823255,2021-10,0.01
7908414709866823255,2021-10,0.0033333333333333335
7908414709866823255,2021-10,0.0
8271604276097280304,2021-09,0.02
8271604276097280304,2021-09,0.03
9206030810342980458,2021-09,0.05333333333333334
9206030810342980458,2021-09,0.04666666666666667
2302464746243069589,2021-09,0.0
2302464746243069589,2021-10,0.006666666666666667
2022367282554149730,2021-09,0.02666666666666667
2022367282554149730,2021-09,0.02666666666666667
2022367282554149730,2021-09,0.0
2022367282554149730,2021-09,0.016666666666666666
2022367282554149730,2021-09,0.02
2022367282554149730,2021-10,0.056666666666666664
2022367282554149730,2021-10,0.056666666666666664
2022367282554149730,2021-10,0.016666666666666666
2022367282554149730,2021-10,0.01
2022367282554149730,2021-10,0.0033333333333333335
2022367282554149730,2021-10,0.0033333333333333335
2333404192508932057,2021-09,0.07333333333333333
2333404192508932057,2021-09,0.04
2333404192508932057,2021-09,0.006666666666666667
2333404192508932057,2021-09,0.006666666666666667
2333404192508932057,2021-10,0.03666666666666667
2333404192508932057,2021-10,0.5833333333333334
2333404192508932057,2021-10,0.01
2333404192508932057,2021-10,0.0
2333404192508932057,2021-10,0.0
2333404192508932057,2021-10,0.023333333333333334
2333404192508932057,2021-10,0.0
2333404192508932057,2021-10,0.0033333333333333335
2333404192508932057,2021-10,0.03666666666666667
1234611356650812259,2021-09,0.22
326257359176916767,2021-09,0.02
326257359176916767,2021-09,0.023333333333333334
326257359176916767,2021-09,0.006666666666666667
6164364689409425900,2021-09,0.09
6164364689409425900,2021-09,0.013333333333333334
5263285038415073073,2021-09,0.006666666666666667
5263285038415073073,2021-09,0.02666666666666667
2380458252615213706,2021-09,0.0033333333333333335
2380458252615213706,2021-10,0.06333333333333334
2380458252615213706,2021-10,0.02666666666666667
5854364934896993687,2021-09,0.02
5854364934896993687,2021-09,0.26
6284433051333854194,2021-09,0.0033333333333333335
6284433051333854194,2021-09,0.016666666666666666
6284433051333854194,2021-09,0.006666666666666667
6284433051333854194,2021-10,0.0
6284433051333854194,2021-10,0.0
7590999900861381526,2021-09,0.03
7590999900861381526,2021-09,0.016666666666666666
7590999900861381526,2021-10,0.006666666666666667
9127318190908282126,2021-09,0.013333333333333334
9127318190908282126,2021-10,0.0
9127318190908282126,2021-10,0.10333333333333333
6055278873962623670,2021-09,0.02
8511588642284189303,2021-09,0.03
8511588642284189303,2021-09,0.04666666666666667
8511588642284189303,2021-10,0.14666666666666667
7742008298942700792,2021-09,0.3233333333333333
7742008298942700792,2021-10,0.44333333333333336
3095408468798675621,2021-09,0.056666666666666664
3095408468798675621,2021-09,0.05
3095408468798675621,2021-09,0.04
3095408468798675621,2021-09,0.0033333333333333335
3095408468798675621,2021-10,0.0
3095408468798675621,2021-10,0.0
7231408738455755015,2021-09,0.0033333333333333335
7231408738455755015,2021-10,0.023333333333333334
7231408738455755015,2021-10,0.4098383190883192
8909740532547211288,2021-09,0.0033333333333333335
8909740532547211288,2021-09,0.09333333333333334
8909740532547211288,2021-09,0.03
8909740532547211288,2021-09,0.013333333333333334
8909740532547211288,2021-09,0.0
8909740532547211288,2021-09,0.02
8909740532547211288,2021-09,0.01
8909740532547211288,2021-10,0.0
8909740532547211288,2021-10,0.006666666666666667
8909740532547211288,2021-10,0.01
8909740532547211288,2021-10,0.006666666666666667
2573553293518763494,2021-09,0.07333333333333333
2573553293518763494,2021-10,0.0
2573553293518763494,2021-10,0.006666666666666667
6969348581033924947,2021-09,0.02666666666666667
6969348581033924947,2021-09,0.01
6969348581033924947,2021-09,0.08333333333333333
6969348581033924947,2021-09,0.013333333333333334
6969348581033924947,2021-09,0.006666666666666667
6969348581033924947,2021-09,0.0033333333333333335
6969348581033924947,2021-09,0.03
6969348581033924947,2021-10,0.04
6969348581033924947,2021-10,0.06333333333333334
6969348581033924947,2021-10,0.023333333333333334
6969348581033924947,2021-10,0.016666666666666666
6969348581033924947,2021-10,0.043333333333333335
6969348581033924947,2021-10,0.006666666666666667
6969348581033924947,2021-10,0.013333333333333334
7963861799566207637,2021-09,0.0
7963861799566207637,2021-09,0.006666666666666667
7963861799566207637,2021-10,0.006666666666666667
3263212305228307743,2021-09,0.03333333333333333
3263212305228307743,2021-10,0.006666666666666667
6662531979151878793,2021-09,0.056666666666666664
6662531979151878793,2021-09,0.006666666666666667
6662531979151878793,2021-09,0.0033333333333333335
6754039979151386401,2021-09,0.0033333333333333335
6754039979151386401,2021-09,0.02
6754039979151386401,2021-10,0.006666666666666667
5689766561863956319,2021-09,0.023333333333333334
5689766561863956319,2021-09,0.023333333333333334
6061850657256270336,2021-09,0.02
6061850657256270336,2021-09,0.03333333333333333
6061850657256270336,2021-10,0.006666666666666667
6061850657256270336,2021-10,0.0033333333333333335
6061850657256270336,2021-10,0.023333333333333334
6061850657256270336,2021-10,0.0033333333333333335
8374461419511631785,2021-09,0.13666666666666666
8374461419511631785,2021-09,0.16
2119292203323657032,2021-09,0.03
2119292203323657032,2021-09,0.06
2119292203323657032,2021-09,0.016666666666666666
2119292203323657032,2021-10,0.013333333333333334
2119292203323657032,2021-10,0.01
7787306805605072964,2021-09,0.02
7787306805605072964,2021-09,0.04666666666666667
7787306805605072964,2021-10,0.016666666666666666
5864443060004179363,2021-09,0.056666666666666664
5864443060004179363,2021-09,0.02
5864443060004179363,2021-09,0.016666666666666666
5864443060004179363,2021-09,0.01
5864443060004179363,2021-09,0.02
5864443060004179363,2021-10,0.01
5864443060004179363,2021-10,0.17983342583342615
5864443060004179363,2021-10,0.0
5864443060004179363,2021-10,0.0033333333333333335
5864443060004179363,2021-10,0.006666666666666667
3480297543931395935,2021-09,0.056666666666666664
3480297543931395935,2021-09,0.06333333333333334
3480297543931395935,2021-09,0.06333333333333334
3480297543931395935,2021-10,0.07333333333333333
3480297543931395935,2021-10,0.06666666666666667
3480297543931395935,2021-10,0.02666666666666667
8623308321032624474,2021-09,0.22
8623308321032624474,2021-10,0.0033333333333333335
4432551314797496562,2021-09,0.32666666666666666
2658946240987854807,2021-09,0.03666666666666667
2658946240987854807,2021-10,0.1575
312543480920432545,2021-09,0.04
312543480920432545,2021-09,0.0
312543480920432545,2021-09,0.016666666666666666
312543480920432545,2021-10,0.016666666666666666
312543480920432545,2021-10,0.02666666666666667
312543480920432545,2021-10,0.0033333333333333335
7182085930008391174,2021-09,0.01
7182085930008391174,2021-10,0.01
7870373680211625064,2021-09,0.02
7870373680211625064,2021-09,0.013333333333333334
7870373680211625064,2021-10,0.03666666666666667
7870373680211625064,2021-10,0.016666666666666666
7870373680211625064,2021-10,0.006666666666666667
7870373680211625064,2021-10,0.016666666666666666
8785648114090695180,2021-09,0.02666666666666667
8785648114090695180,2021-09,0.006666666666666667
6448580780254847411,2021-09,0.0033333333333333335
6448580780254847411,2021-09,0.01
2951563549197799278,2021-09,0.013333333333333334
2951563549197799278,2021-09,0.05333333333333334
2951563549197799278,2021-10,0.02
2951563549197799278,2021-10,0.0
2951563549197799278,2021-10,0.0033333333333333335
4061297388883391410,2021-09,0.03666666666666667
4061297388883391410,2021-09,0.02666666666666667
4061297388883391410,2021-10,0.2805
4061297388883391410,2021-10,0.016666666666666666
4061297388883391410,2021-10,0.13333333333333333
968400235888951633,2021-09,0.03
968400235888951633,2021-09,0.016666666666666666
968400235888951633,2021-10,0.16666666666666666
968400235888951633,2021-10,0.17
968400235888951633,2021-10,0.07666666666666666
968400235888951633,2021-10,0.013333333333333334
968400235888951633,2021-10,0.02666666666666667
6865071386683133124,2021-09,0.01
6865071386683133124,2021-09,0.11333333333333333
9101617110967101591,2021-09,0.016666666666666666
8041261093764417881,2021-09,0.06
8041261093764417881,2021-09,0.016666666666666666
8041261093764417881,2021-10,0.04666666666666667
8041261093764417881,2021-10,0.02666666666666667
8041261093764417881,2021-10,0.0
8041261093764417881,2021-10,0.01
5694881483989656694,2021-09,0.016666666666666666
6759864637454708017,2021-09,0.02
6759864637454708017,2021-09,0.013333333333333334
6759864637454708017,2021-09,0.02666666666666667
6759864637454708017,2021-09,0.05
6759864637454708017,2021-09,0.03333333333333333
6759864637454708017,2021-10,0.04
6759864637454708017,2021-10,0.023333333333333334
6759864637454708017,2021-10,0.006666666666666667
6759864637454708017,2021-10,0.016666666666666666
6759864637454708017,2021-10,0.006666666666666667
417157680860985231,2021-09,0.013333333333333334
417157680860985231,2021-09,0.6541666666666667
417157680860985231,2021-09,0.02666666666666667
417157680860985231,2021-09,0.023333333333333334
417157680860985231,2021-10,0.013333333333333334
417157680860985231,2021-10,0.01
4661684997487171886,2021-09,0.02
4661684997487171886,2021-09,0.01
4661684997487171886,2021-10,0.0
4661684997487171886,2021-10,0.0033333333333333335
3415156360538677905,2021-09,0.0033333333333333335
1097345589386012260,2021-09,0.016666666666666666
1097345589386012260,2021-10,0.006666666666666667
1613152204777372951,2021-09,0.02
5048392903148444335,2021-09,0.016666666666666666
5048392903148444335,2021-10,0.0
5558533999208199371,2021-09,0.013333333333333334
7215093571368368138,2021-09,0.4066666666666667
7215093571368368138,2021-09,0.04666666666666667
7215093571368368138,2021-10,0.03666666666666667
7215093571368368138,2021-10,0.01
7215093571368368138,2021-10,0.04666666666666667
7215093571368368138,2021-10,0.006666666666666667
1415340753324392369,2021-09,0.023333333333333334
1299146298565441811,2021-09,0.013333333333333334
1299146298565441811,2021-10,0.17983342583342615
3605652314611460806,2021-09,0.01
3605652314611460806,2021-10,0.0
3605652314611460806,2021-10,0.0
2233850024349336054,2021-09,0.12333333333333334
835441927760881602,2021-09,0.006666666666666667
835441927760881602,2021-09,0.0
835441927760881602,2021-10,0.10666666666666667
835441927760881602,2021-10,0.12333333333333334
4296149971687628223,2021-09,0.056666666666666664
4296149971687628223,2021-09,0.016666666666666666
4296149971687628223,2021-10,0.0033333333333333335
8609211777002937758,2021-09,0.013333333333333334
8609211777002937758,2021-09,0.043333333333333335
8609211777002937758,2021-09,0.01
8609211777002937758,2021-09,0.18
8609211777002937758,2021-10,0.0033333333333333335
4593070249039532001,2021-09,0.01
4593070249039532001,2021-10,0.0033333333333333335
4593070249039532001,2021-10,0.0
4593070249039532001,2021-10,0.0
4724876423989598202,2021-09,0.16666666666666666
4724876423989598202,2021-09,0.04
4724876423989598202,2021-10,0.030555555555555558
4724876423989598202,2021-10,0.03
4724876423989598202,2021-10,0.006666666666666667
4724876423989598202,2021-10,0.01
4724876423989598202,2021-10,0.02
4724876423989598202,2021-10,0.0033333333333333335
5999145415800242177,2021-09,0.02666666666666667
5999145415800242177,2021-10,0.01
5999145415800242177,2021-10,0.03572222222222223
5999145415800242177,2021-10,0.01
1292049196559782171,2021-09,0.03
1292049196559782171,2021-09,0.05333333333333334
1292049196559782171,2021-09,0.0033333333333333335
1292049196559782171,2021-10,0.013333333333333334
1292049196559782171,2021-10,0.006666666666666667
1192891347324061812,2021-09,0.02666666666666667
1192891347324061812,2021-09,0.006666666666666667
1192891347324061812,2021-09,0.0033333333333333335
1192891347324061812,2021-10,0.02
1192891347324061812,2021-10,0.006666666666666667
4165983075385227812,2021-09,0.03333333333333333
6056959220685085102,2021-09,0.03333333333333333
6056959220685085102,2021-10,0.7233333333333334
6056959220685085102,2021-10,0.0
6056959220685085102,2021-10,0.0033333333333333335
6056959220685085102,2021-10,0.0033333333333333335
8348574220426911086,2021-09,0.01
8348574220426911086,2021-09,0.006666666666666667
8348574220426911086,2021-09,0.01
8348574220426911086,2021-10,0.0033333333333333335
8348574220426911086,2021-10,0.013333333333333334
4347826483121154490,2021-09,0.07
4347826483121154490,2021-09,0.01
4347826483121154490,2021-09,0.0
4347826483121154490,2021-09,0.016666666666666666
4347826483121154490,2021-10,0.0033333333333333335
4347826483121154490,2021-10,0.013333333333333334
4347826483121154490,2021-10,0.02
4347826483121154490,2021-10,0.0
3382609338395832683,2021-09,0.0033333333333333335
3382609338395832683,2021-09,0.0
2397171153213063761,2021-09,0.016666666666666666
2397171153213063761,2021-09,0.14
2397171153213063761,2021-09,0.023333333333333334
2397171153213063761,2021-09,0.013333333333333334
2397171153213063761,2021-09,0.04666666666666667
2397171153213063761,2021-09,0.006666666666666667
2397171153213063761,2021-09,0.03666666666666667
2397171153213063761,2021-09,0.02
2397171153213063761,2021-10,0.0
2397171153213063761,2021-10,0.016666666666666666
2397171153213063761,2021-10,0.016666666666666666
2397171153213063761,2021-10,0.016666666666666666
2397171153213063761,2021-10,0.013333333333333334
2397171153213063761,2021-10,0.0
2397171153213063761,2021-10,0.0
2397171153213063761,2021-10,0.016666666666666666
2397171153213063761,2021-10,0.02666666666666667
2408009918678280470,2021-09,0.02
2408009918678280470,2021-09,0.04
2408009918678280470,2021-09,0.006666666666666667
2408009918678280470,2021-09,0.03666666666666667
2408009918678280470,2021-09,0.023333333333333334
2408009918678280470,2021-09,0.0
2408009918678280470,2021-10,0.0
2408009918678280470,2021-10,0.0
2408009918678280470,2021-10,0.01
2408009918678280470,2021-10,0.0033333333333333335
2408009918678280470,2021-10,0.013333333333333334
2408009918678280470,2021-10,0.013333333333333334
2408009918678280470,2021-10,0.0033333333333333335
2408009918678280470,2021-10,0.0033333333333333335
1958660709350677213,2021-09,0.06
1958660709350677213,2021-10,0.19666666666666666
5860276371789140450,2021-09,0.0033333333333333335
5860276371789140450,2021-10,0.016666666666666666
2201150681962815877,2021-09,0.01
2201150681962815877,2021-09,0.0
7142043104834932013,2021-09,0.0033333333333333335
7142043104834932013,2021-09,0.03
7142043104834932013,2021-10,0.01
7142043104834932013,2021-10,0.02
6134696632487351445,2021-09,0.0033333333333333335
6134696632487351445,2021-09,0.03333333333333333
4660230701075746534,2021-09,0.4
8536031856585966123,2021-09,0.006666666666666667
8536031856585966123,2021-09,0.043333333333333335
2214132103234633622,2021-09,0.02
2214132103234633622,2021-09,0.0
2214132103234633622,2021-09,0.023333333333333334
2214132103234633622,2021-10,0.0033333333333333335
2214132103234633622,2021-10,0.043333333333333335
2214132103234633622,2021-10,0.04
2214132103234633622,2021-10,0.03333333333333333
2214132103234633622,2021-10,0.01
1118514612547157551,2021-09,0.05
1118514612547157551,2021-09,0.006666666666666667
1118514612547157551,2021-09,0.01
1118514612547157551,2021-09,0.023333333333333334
1118514612547157551,2021-09,0.01
1118514612547157551,2021-10,0.36426587301587315
1118514612547157551,2021-10,0.0
4524147234488547993,2021-09,0.0
4524147234488547993,2021-09,0.016666666666666666
4524147234488547993,2021-10,0.09333333333333334
4524147234488547993,2021-10,0.01
8961924617442201922,2021-09,0.01
8961924617442201922,2021-10,0.023333333333333334
8961924617442201922,2021-10,0.006666666666666667
8961924617442201922,2021-10,0.013333333333333334
3093415403379897112,2021-09,0.013333333333333334
3093415403379897112,2021-09,0.043333333333333335
3093415403379897112,2021-10,0.023333333333333334
3093415403379897112,2021-10,0.05333333333333334
170089315547146305,2021-09,0.02
170089315547146305,2021-09,0.03
170089315547146305,2021-09,0.023333333333333334
170089315547146305,2021-09,0.0033333333333333335
170089315547146305,2021-10,0.0
170089315547146305,2021-10,0.0033333333333333335
170089315547146305,2021-10,0.023333333333333334
170089315547146305,2021-10,0.02
7177785309735471560,2021-09,0.006666666666666667
7177785309735471560,2021-09,0.0
7177785309735471560,2021-09,0.06333333333333334
7177785309735471560,2021-09,0.02
7177785309735471560,2021-10,0.0
7177785309735471560,2021-10,0.006666666666666667
7177785309735471560,2021-10,0.0
7177785309735471560,2021-10,0.0
7177785309735471560,2021-10,0.01
6238903426443761049,2021-09,0.0033333333333333335
6238903426443761049,2021-09,0.0
6238903426443761049,2021-09,0.08666666666666667
6238903426443761049,2021-09,0.03666666666666667
6238903426443761049,2021-10,0.0
6238903426443761049,2021-10,0.0
5503073374822479037,2021-09,0.006666666666666667
5503073374822479037,2021-09,0.13
8287608084245946173,2021-09,0.02
8287608084245946173,2021-09,0.006666666666666667
8287608084245946173,2021-10,0.02666666666666667
8287608084245946173,2021-10,0.006666666666666667
8287608084245946173,2021-10,0.03333333333333333
8287608084245946173,2021-10,0.0
8287608084245946173,2021-10,0.0
8287608084245946173,2021-10,0.0
2128970218770090704,2021-09,0.0
2128970218770090704,2021-09,0.01
2128970218770090704,2021-09,0.006666666666666667
2128970218770090704,2021-09,0.01
2128970218770090704,2021-09,0.0033333333333333335
2128970218770090704,2021-09,0.03666666666666667
2128970218770090704,2021-10,0.03333333333333333
2128970218770090704,2021-10,0.0
2128970218770090704,2021-10,0.02
2128970218770090704,2021-10,0.01
3281818438120834833,2021-09,0.0
6926309382371178621,2021-09,0.03
6091519986999196884,2021-09,0.0
864510931144626280,2021-09,0.0
864510931144626280,2021-09,0.07333333333333333
864510931144626280,2021-09,0.03
864510931144626280,2021-09,0.0
864510931144626280,2021-09,0.023333333333333334
7436628409157313756,2021-09,0.006666666666666667
7949169060790541229,2021-09,0.0033333333333333335
7949169060790541229,2021-10,0.016666666666666666
7949169060790541229,2021-10,0.04
7949169060790541229,2021-10,0.10060457135457132
3258345688897172820,2021-09,0.0
3258345688897172820,2021-09,0.013333333333333334
3258345688897172820,2021-10,0.043333333333333335
3258345688897172820,2021-10,0.006666666666666667
8464769152264029983,2021-09,0.016666666666666666
8716163053080758848,2021-09,0.01
8716163053080758848,2021-09,0.056666666666666664
8716163053080758848,2021-09,0.01
8716163053080758848,2021-09,0.013333333333333334
8716163053080758848,2021-09,0.0033333333333333335
8716163053080758848,2021-09,0.0
8716163053080758848,2021-10,0.0
8716163053080758848,2021-10,0.006666666666666667
8716163053080758848,2021-10,0.04
8716163053080758848,2021-10,0.013333333333333334
8716163053080758848,2021-10,0.0
8716163053080758848,2021-10,0.0033333333333333335
8716163053080758848,2021-10,0.01
187117706370645370,2021-09,0.12
187117706370645370,2021-10,0.02666666666666667
187117706370645370,2021-10,0.013333333333333334
187117706370645370,2021-10,0.0033333333333333335
3888528635045328222,2021-09,0.016666666666666666
3888528635045328222,2021-10,0.2700555555555555
3888528635045328222,2021-10,0.006666666666666667
5371387005775513675,2021-09,0.0
5371387005775513675,2021-10,0.0
5371387005775513675,2021-10,0.0
257162352336759783,2021-09,0.0
257162352336759783,2021-09,0.05
257162352336759783,2021-09,0.0033333333333333335
257162352336759783,2021-10,0.013333333333333334
234898976850399181,2021-09,0.0
234898976850399181,2021-10,0.17983342583342615
234898976850399181,2021-10,0.0
4993499380140734678,2021-09,0.0
4993499380140734678,2021-10,0.24111111111111114
5042877476420217533,2021-09,0.02666666666666667
5042877476420217533,2021-09,0.02666666666666667
5042877476420217533,2021-09,0.02
5042877476420217533,2021-10,0.06
5042877476420217533,2021-10,0.016666666666666666
5042877476420217533,2021-10,0.02
4956614249204803652,2021-09,0.016666666666666666
4956614249204803652,2021-10,0.0
7750874287225529604,2021-09,0.06333333333333334
7750874287225529604,2021-09,0.03666666666666667
7750874287225529604,2021-10,0.08
3807130563335796378,2021-09,0.03333333333333333
3807130563335796378,2021-10,0.10142857142857144
2123312420728961012,2021-09,0.05333333333333334
2123312420728961012,2021-10,0.0033333333333333335
1182975716201409626,2021-09,0.006666666666666667
1182975716201409626,2021-09,0.0033333333333333335
1182975716201409626,2021-10,0.02
1182975716201409626,2021-10,0.0
7664272163315705419,2021-09,0.013333333333333334
7664272163315705419,2021-10,0.0
4614484019183480654,2021-09,0.0
3228830386980584958,2021-09,0.0
3228830386980584958,2021-09,0.006666666666666667
3228830386980584958,2021-10,0.0033333333333333335
3228830386980584958,2021-10,0.0
2735662700719640627,2021-09,0.006666666666666667
2250817603281429928,2021-09,0.01
2250817603281429928,2021-10,0.0033333333333333335
2250817603281429928,2021-10,0.02
2250817603281429928,2021-10,0.0
2250817603281429928,2021-10,0.0033333333333333335
6276792736652545216,2021-09,0.0033333333333333335
6276792736652545216,2021-10,0.0
6276792736652545216,2021-10,0.03333333333333333
6276792736652545216,2021-10,0.07333333333333333
6276792736652545216,2021-10,0.023333333333333334
4588313530969303734,2021-09,0.02
4588313530969303734,2021-10,0.03333333333333333
4588313530969303734,2021-10,0.03
4571290108043699959,2021-09,0.03333333333333333
4571290108043699959,2021-09,0.006666666666666667
6098833389547425063,2021-09,0.013333333333333334
6098833389547425063,2021-10,0.2700555555555555
6098833389547425063,2021-10,0.0033333333333333335
2687720147676132707,2021-09,0.0
2687720147676132707,2021-09,0.006666666666666667
2687720147676132707,2021-10,0.013333333333333334
622073912578471754,2021-09,0.04666666666666667
622073912578471754,2021-09,0.17
622073912578471754,2021-10,0.016666666666666666
2278650548373578523,2021-09,0.006666666666666667
2278650548373578523,2021-09,0.21666666666666667
2278650548373578523,2021-10,0.02666666666666667
1117184216453911295,2021-09,0.043333333333333335
1117184216453911295,2021-10,0.27
1117184216453911295,2021-10,0.4672113997113998
5993765508162121762,2021-09,0.02666666666666667
5993765508162121762,2021-09,0.05
5993765508162121762,2021-10,0.0033333333333333335
8252215766413781202,2021-09,0.14
8252215766413781202,2021-10,0.10333333333333333
5255460548789019114,2021-09,0.03
5635781225931111684,2021-09,0.01
5635781225931111684,2021-09,0.02
5635781225931111684,2021-10,0.0033333333333333335
1088521227159442264,2021-09,0.03
1088521227159442264,2021-09,0.0033333333333333335
1088521227159442264,2021-09,0.006666666666666667
1088521227159442264,2021-10,0.05
1088521227159442264,2021-10,0.02
524026009392362402,2021-09,0.6541666666666667
524026009392362402,2021-09,0.02
524026009392362402,2021-10,0.013333333333333334
8646472172649019955,2021-09,0.02
8646472172649019955,2021-09,0.05
8646472172649019955,2021-10,0.3868888888888886
8646472172649019955,2021-10,0.023333333333333334
8646472172649019955,2021-10,0.07333333333333333
8646472172649019955,2021-10,0.01
5271591321704178730,2021-09,0.056666666666666664
5271591321704178730,2021-10,0.013333333333333334
5511113649464808344,2021-09,0.03
5511113649464808344,2021-10,0.057222222222222216
5511113649464808344,2021-10,0.0033333333333333335
5511113649464808344,2021-10,0.0033333333333333335
1536087798470875922,2021-09,0.21333333333333335
1536087798470875922,2021-09,0.19666666666666666
1536087798470875922,2021-09,0.013333333333333334
1536087798470875922,2021-10,0.023333333333333334
1536087798470875922,2021-10,0.016666666666666666
7911162482760986289,2021-09,0.08
7911162482760986289,2021-10,0.043333333333333335
2808145376905474927,2021-09,0.08333333333333333
2808145376905474927,2021-09,0.05
2808145376905474927,2021-10,0.016666666666666666
2808145376905474927,2021-10,0.006666666666666667
4335865859049992260,2021-09,0.21
4335865859049992260,2021-09,0.043333333333333335
4334472256949955221,2021-09,0.01
4334472256949955221,2021-09,0.013333333333333334
86110062990790869,2021-09,0.03
86110062990790869,2021-10,0.07
86110062990790869,2021-10,0.01
8828303152301461681,2021-09,0.11333333333333333
8828303152301461681,2021-09,0.006666666666666667
8828303152301461681,2021-09,0.006666666666666667
8828303152301461681,2021-10,0.01
8609938720215175911,2021-09,0.17666666666666667
8609938720215175911,2021-09,0.08666666666666667
8609938720215175911,2021-10,0.023333333333333334
8609938720215175911,2021-10,0.023333333333333334
2780030912070252968,2021-09,0.03
2780030912070252968,2021-10,0.0
683445437387317282,2021-09,0.01
683445437387317282,2021-09,0.016666666666666666
683445437387317282,2021-10,0.01
683445437387317282,2021-10,0.016666666666666666
683445437387317282,2021-10,0.056666666666666664
683445437387317282,2021-10,0.06333333333333334
683445437387317282,2021-10,0.05333333333333334
683445437387317282,2021-10,0.006666666666666667
2033394215069562776,2021-09,0.006666666666666667
2033394215069562776,2021-10,0.013333333333333334
2033394215069562776,2021-10,0.023333333333333334
2033394215069562776,2021-10,0.04666666666666667
1052398277967427422,2021-09,0.03666666666666667
1052398277967427422,2021-10,0.02
1052398277967427422,2021-10,0.8422619047619048
7895753719321668294,2021-09,0.07666666666666666
7895753719321668294,2021-09,0.06
7895753719321668294,2021-09,0.08333333333333333
7895753719321668294,2021-10,0.023333333333333334
7895753719321668294,2021-10,0.013333333333333334
7895753719321668294,2021-10,0.02666666666666667
1454789421854453615,2021-09,0.006666666666666667
1454789421854453615,2021-09,0.06333333333333334
1454789421854453615,2021-09,0.02666666666666667
1454789421854453615,2021-09,0.02666666666666667
1454789421854453615,2021-09,0.013333333333333334
1454789421854453615,2021-09,0.02
1454789421854453615,2021-09,0.03
1454789421854453615,2021-10,0.006666666666666667
8505870778358741102,2021-09,0.013333333333333334
8505870778358741102,2021-10,0.016666666666666666
8505870778358741102,2021-10,0.03972222222222223
8505870778358741102,2021-10,0.03333333333333333
8505870778358741102,2021-10,0.006666666666666667
1033361676287635885,2021-09,0.02666666666666667
1033361676287635885,2021-09,0.023333333333333334
1033361676287635885,2021-10,0.08666666666666667
1033361676287635885,2021-10,0.08333333333333333
8083157716178259762,2021-09,0.12666666666666668
8083157716178259762,2021-10,0.006666666666666667
3543162424793477785,2021-09,0.006666666666666667
3543162424793477785,2021-09,0.043333333333333335
3543162424793477785,2021-10,0.013333333333333334
3279078057358159966,2021-09,0.023333333333333334
3279078057358159966,2021-09,0.06333333333333334
3279078057358159966,2021-10,0.07
3279078057358159966,2021-10,0.0926111111111111
1683619849073499603,2021-09,0.07666666666666666
1683619849073499603,2021-10,0.0
1683619849073499603,2021-10,0.0033333333333333335
1683619849073499603,2021-10,0.0
1696462947583294958,2021-09,0.07666666666666666
1696462947583294958,2021-10,0.0
1272921915900711149,2021-09,0.013333333333333334
1272921915900711149,2021-09,0.016666666666666666
1272921915900711149,2021-10,0.006666666666666667
1272921915900711149,2021-10,0.0033333333333333335
4052557282157719526,2021-09,0.01
4052557282157719526,2021-09,0.006666666666666667
4052557282157719526,2021-10,0.03
4052557282157719526,2021-10,0.02
4052557282157719526,2021-10,0.0
4052557282157719526,2021-10,0.0
2773493808492482979,2021-09,0.03
5574997762710520717,2021-09,0.05333333333333334
6724017568171288443,2021-09,0.0033333333333333335
6724017568171288443,2021-09,0.02666666666666667
6724017568171288443,2021-10,0.02
837142477962609471,2021-09,0.016666666666666666
837142477962609471,2021-09,0.023333333333333334
837142477962609471,2021-09,0.03666666666666667
837142477962609471,2021-09,0.023333333333333334
837142477962609471,2021-09,0.16333333333333333
837142477962609471,2021-09,0.16333333333333333
837142477962609471,2021-10,0.03666666666666667
837142477962609471,2021-10,0.013333333333333334
4769364850030443969,2021-09,0.0033333333333333335
4769364850030443969,2021-10,0.2700555555555555
4769364850030443969,2021-10,0.03666666666666667
6987942592445950913,2021-09,0.08
6987942592445950913,2021-09,0.18333333333333332
6987942592445950913,2021-09,0.0033333333333333335
6987942592445950913,2021-10,0.006666666666666667
6987942592445950913,2021-10,0.28
6987942592445950913,2021-10,0.006666666666666667
6987942592445950913,2021-10,0.0
4919908458022265747,2021-09,0.07
4919908458022265747,2021-10,0.01
4919908458022265747,2021-10,0.057916666666666665
4919908458022265747,2021-10,0.016666666666666666
8123515208041701633,2021-09,0.21055555555555558
8123515208041701633,2021-10,0.013333333333333334
8123515208041701633,2021-10,0.27638888888888885
6817075905797098547,2021-09,0.05333333333333334
6817075905797098547,2021-10,0.02
6817075905797098547,2021-10,0.23666666666666666
6817075905797098547,2021-10,0.13
3408536439470975134,2021-09,0.07
3408536439470975134,2021-09,0.006666666666666667
3408536439470975134,2021-09,0.0
3408536439470975134,2021-10,0.0033333333333333335
3408536439470975134,2021-10,0.0
3408536439470975134,2021-10,0.0
3408536439470975134,2021-10,0.0
7085295800541340563,2021-09,0.08333333333333333
7085295800541340563,2021-10,0.006666666666666667
3668905663669864663,2021-09,0.043333333333333335
3668905663669864663,2021-10,0.06333333333333334
4130617254899676131,2021-09,0.043333333333333335
4130617254899676131,2021-10,0.02
4130617254899676131,2021-10,0.0033333333333333335
175003104385133396,2021-09,0.0033333333333333335
175003104385133396,2021-10,0.5922222222222223
175003104385133396,2021-10,0.0033333333333333335
7076661330300123587,2021-09,0.01
4342146186255136598,2021-09,0.0
4342146186255136598,2021-09,0.0
4342146186255136598,2021-10,0.006666666666666667
4342146186255136598,2021-10,0.006666666666666667
4342146186255136598,2021-10,0.0
4342146186255136598,2021-10,0.02
4342146186255136598,2021-10,0.02
4342146186255136598,2021-10,0.01
2012477868296377155,2021-09,0.15
2012477868296377155,2021-10,0.2
2012477868296377155,2021-10,0.16666666666666666
2012477868296377155,2021-10,0.22
2092588065958607289,2021-09,0.006666666666666667
2092588065958607289,2021-09,0.0033333333333333335
2092588065958607289,2021-10,0.013333333333333334
2092588065958607289,2021-10,0.0
2092588065958607289,2021-10,0.023333333333333334
2092588065958607289,2021-10,0.0033333333333333335
7810985951121711480,2021-09,0.0033333333333333335
7810985951121711480,2021-10,0.02
7810985951121711480,2021-10,0.01
7810985951121711480,2021-10,0.006666666666666667
3591324331706630867,2021-09,0.043333333333333335
3591324331706630867,2021-09,0.01
3591324331706630867,2021-10,0.006666666666666667
3591324331706630867,2021-10,0.01
3591324331706630867,2021-10,0.03666666666666667
3591324331706630867,2021-10,0.0
5687511145009775604,2021-09,0.013333333333333334
5687511145009775604,2021-10,0.04666666666666667
5687511145009775604,2021-10,0.0033333333333333335
1637960623843047520,2021-09,0.0033333333333333335
1637960623843047520,2021-10,0.16333333333333333
1637960623843047520,2021-10,0.03
4008627434689715639,2021-09,0.02
4008627434689715639,2021-09,0.06333333333333334
4008627434689715639,2021-10,0.06333333333333334
4008627434689715639,2021-10,0.07333333333333333
4008627434689715639,2021-10,0.08666666666666667
4008627434689715639,2021-10,0.07666666666666666
4008627434689715639,2021-10,0.01
924957821424248698,2021-09,0.006666666666666667
1945147145527703963,2021-09,0.07
2903869860445366876,2021-09,0.10666666666666667
2903869860445366876,2021-09,0.006666666666666667
2903869860445366876,2021-10,0.0
2903869860445366876,2021-10,0.023333333333333334
4532469127306079736,2021-09,0.0033333333333333335
4532469127306079736,2021-09,0.02
4532469127306079736,2021-10,0.023333333333333334
8748106677402909629,2021-09,0.18666666666666668
6367769402148499693,2021-09,0.18333333333333332
6367769402148499693,2021-09,0.10666666666666667
6367769402148499693,2021-10,0.01
6367769402148499693,2021-10,0.02
7692335720341018458,2021-09,0.08333333333333333
7692335720341018458,2021-09,0.0
7692335720341018458,2021-10,0.10333333333333333
5753677550753111444,2021-09,0.0033333333333333335
5753677550753111444,2021-09,0.03666666666666667
5753677550753111444,2021-10,0.006666666666666667
4095739077267179172,2021-09,0.04666666666666667
4095739077267179172,2021-10,0.056666666666666664
4095739077267179172,2021-10,0.03333333333333333
1741049493106216406,2021-09,0.10333333333333333
6633838062940819075,2021-09,0.016666666666666666
6633838062940819075,2021-09,0.016666666666666666
6633838062940819075,2021-10,0.013333333333333334
6633838062940819075,2021-10,0.09333333333333334
6633838062940819075,2021-10,0.10333333333333333
6633838062940819075,2021-10,0.1503030303030303
6633838062940819075,2021-10,0.11696969696969697
6633838062940819075,2021-10,0.19
7444686668183702737,2021-09,0.05333333333333334
7444686668183702737,2021-09,0.016666666666666666
7444686668183702737,2021-10,0.0
39547025441582855,2021-09,0.03
39547025441582855,2021-09,0.016666666666666666
39547025441582855,2021-10,0.05
39547025441582855,2021-10,0.0
1078687383992817574,2021-09,0.0033333333333333335
1078687383992817574,2021-09,0.03333333333333333
1078687383992817574,2021-10,0.23666666666666666
1078687383992817574,2021-10,0.12666666666666668
1078687383992817574,2021-10,0.06
1078687383992817574,2021-10,0.07333333333333333
1078687383992817574,2021-10,0.01
1078687383992817574,2021-10,0.01
1078687383992817574,2021-10,0.04666666666666667
3822753345985951756,2021-09,0.11333333333333333
3822753345985951756,2021-10,0.0033333333333333335
3822753345985951756,2021-10,0.04
3822753345985951756,2021-10,0.02666666666666667
6950439982480713649,2021-09,0.0
7246466789138290692,2021-09,0.01
5757271354816214865,2021-09,0.10666666666666667
5757271354816214865,2021-09,0.09
5757271354816214865,2021-09,0.016666666666666666
8045116560666679751,2021-09,0.14333333333333334
8045116560666679751,2021-09,0.016666666666666666
4489904752023469353,2021-09,0.03666666666666667
4489904752023469353,2021-09,0.06666666666666667
4489904752023469353,2021-10,0.0033333333333333335
5440313607363845188,2021-09,0.006666666666666667
5440313607363845188,2021-10,0.01
5440313607363845188,2021-10,0.08
8596605705893456305,2021-09,0.04666666666666667
8596605705893456305,2021-09,0.04
8596605705893456305,2021-09,0.0033333333333333335
8596605705893456305,2021-09,0.0
8596605705893456305,2021-09,0.013333333333333334
8596605705893456305,2021-10,0.03
8596605705893456305,2021-10,0.01
8596605705893456305,2021-10,0.04
4795152981525833467,2021-09,0.03
4795152981525833467,2021-09,0.04
4795152981525833467,2021-10,0.016666666666666666
4795152981525833467,2021-10,0.08333333333333333
4795152981525833467,2021-10,0.02666666666666667
4795152981525833467,2021-10,0.006666666666666667
7468724002190465812,2021-09,0.0033333333333333335
3915426102465954493,2021-09,0.013333333333333334
3915426102465954493,2021-10,0.016666666666666666
7398738404146260251,2021-09,0.043333333333333335
7398738404146260251,2021-09,0.013333333333333334
7398738404146260251,2021-10,0.17319444444444446
7398738404146260251,2021-10,0.03
5897410907783139228,2021-09,0.043333333333333335
5897410907783139228,2021-09,0.01
5897410907783139228,2021-09,0.06333333333333334
5897410907783139228,2021-10,0.02
5897410907783139228,2021-10,0.01
7457803471605010846,2021-09,0.006666666666666667
7457803471605010846,2021-10,0.023333333333333334
7457803471605010846,2021-10,0.0033333333333333335
7457803471605010846,2021-10,0.0033333333333333335
3045840317107313913,2021-09,0.043333333333333335
3045840317107313913,2021-10,0.01
3045840317107313913,2021-10,0.006666666666666667
3045840317107313913,2021-10,0.016666666666666666
3045840317107313913,2021-10,0.0
3045840317107313913,2021-10,0.0
3045840317107313913,2021-10,0.0
6722781660631652440,2021-09,0.006666666666666667
531805620371082364,2021-09,0.006666666666666667
531805620371082364,2021-09,0.02666666666666667
531805620371082364,2021-10,0.0
531805620371082364,2021-10,0.013333333333333334
531805620371082364,2021-10,0.03333333333333333
2619109825960703851,2021-09,0.11333333333333333
2619109825960703851,2021-09,0.08666666666666667
2619109825960703851,2021-10,0.08333333333333333
2382123267535341265,2021-09,0.03
2382123267535341265,2021-09,0.07666666666666666
2382123267535341265,2021-10,0.006666666666666667
4043546053926060305,2021-09,0.29333333333333333
4043546053926060305,2021-10,0.04666666666666667
4043546053926060305,2021-10,0.03333333333333333
5786895437851445408,2021-09,0.07
5786895437851445408,2021-09,0.08
5786895437851445408,2021-09,0.03
5786895437851445408,2021-10,0.06
5786895437851445408,2021-10,0.01
5786895437851445408,2021-10,0.023333333333333334
4365965554261111250,2021-09,0.0033333333333333335
4365965554261111250,2021-09,0.03
4365965554261111250,2021-10,0.0033333333333333335
5577659616907513811,2021-09,0.01
5577659616907513811,2021-09,0.0033333333333333335
5577659616907513811,2021-09,0.006666666666666667
5577659616907513811,2021-09,0.0033333333333333335
5577659616907513811,2021-10,0.17319444444444446
5577659616907513811,2021-10,0.043333333333333335
5577659616907513811,2021-10,0.013333333333333334
4635578010631860111,2021-09,0.0033333333333333335
4635578010631860111,2021-10,0.03666666666666667
4635578010631860111,2021-10,0.016666666666666666
7289435138601868544,2021-09,0.02666666666666667
7289435138601868544,2021-09,0.0
7289435138601868544,2021-10,0.006666666666666667
7289435138601868544,2021-10,0.02666666666666667
7289435138601868544,2021-10,0.0
7289435138601868544,2021-10,0.0
7289435138601868544,2021-10,0.006666666666666667
5794903898038236832,2021-09,0.14666666666666667
5794903898038236832,2021-10,0.20757575757575758
5794903898038236832,2021-10,0.043333333333333335
5794903898038236832,2021-10,0.20333333333333334
3829967475074118757,2021-09,0.02
3829967475074118757,2021-09,0.44333333333333336
3829967475074118757,2021-09,0.016666666666666666
3829967475074118757,2021-10,0.016666666666666666
3829967475074118757,2021-10,0.01
3829967475074118757,2021-10,0.01
3829967475074118757,2021-10,0.01
710593997981520423,2021-09,0.013333333333333334
710593997981520423,2021-10,0.016666666666666666
710593997981520423,2021-10,0.0
2371917341091102894,2021-09,0.2866666666666667
2371917341091102894,2021-09,0.14666666666666667
2645324649046215594,2021-09,0.006666666666666667
2645324649046215594,2021-09,0.006666666666666667
2645324649046215594,2021-10,0.13333333333333333
8729164666041467296,2021-09,0.11
8729164666041467296,2021-09,0.056666666666666664
8729164666041467296,2021-10,0.10333333333333333
8729164666041467296,2021-10,0.07666666666666666
8729164666041467296,2021-10,0.013333333333333334
1616952665234409442,2021-09,0.0033333333333333335
1616952665234409442,2021-09,0.006666666666666667
1616952665234409442,2021-10,0.03666666666666667
1616952665234409442,2021-10,0.09666666666666666
1616952665234409442,2021-10,0.03666666666666667
1616952665234409442,2021-10,0.44
1616952665234409442,2021-10,0.7
1616952665234409442,2021-10,0.6766666666666666
1616952665234409442,2021-10,0.21
1616952665234409442,2021-10,0.12666666666666668
1616952665234409442,2021-10,0.16666666666666666
1616952665234409442,2021-10,0.13
1616952665234409442,2021-10,0.0033333333333333335
1616952665234409442,2021-10,0.0
1616952665234409442,2021-10,0.09333333333333334
1616952665234409442,2021-10,0.01
1616952665234409442,2021-10,0.0
1616952665234409442,2021-10,0.03
1616952665234409442,2021-10,0.03
6198047969028248384,2021-09,0.023333333333333334
6198047969028248384,2021-09,0.0033333333333333335
8994944800097997361,2021-09,0.02
8994944800097997361,2021-09,0.016666666666666666
8994944800097997361,2021-10,0.013333333333333334
8994944800097997361,2021-10,0.0
2772135008486239291,2021-09,0.013333333333333334
2772135008486239291,2021-10,0.0
2772135008486239291,2021-10,0.013333333333333334
2772135008486239291,2021-10,0.0
4785355632922927313,2021-09,0.016666666666666666
4785355632922927313,2021-09,0.0033333333333333335
4785355632922927313,2021-10,0.02
1104269683367198574,2021-09,0.023333333333333334
1104269683367198574,2021-10,0.01
1104269683367198574,2021-10,0.17983342583342615
1104269683367198574,2021-10,0.0
8859064595603380512,2021-09,0.006666666666666667
9156666134024889730,2021-09,0.016666666666666666
9156666134024889730,2021-09,0.03
9156666134024889730,2021-10,0.02
8049805689946244047,2021-09,0.006666666666666667
8049805689946244047,2021-09,0.01
8049805689946244047,2021-09,0.0
8049805689946244047,2021-10,0.0
8049805689946244047,2021-10,0.0
8049805689946244047,2021-10,0.006666666666666667
4414438591613884911,2021-09,0.0033333333333333335
4414438591613884911,2021-09,0.016666666666666666
4414438591613884911,2021-10,0.013333333333333334
4414438591613884911,2021-10,0.0
4414438591613884911,2021-10,0.006666666666666667
8385636129786687263,2021-09,0.03666666666666667
8385636129786687263,2021-10,0.14666666666666667
8385636129786687263,2021-10,0.09
8385636129786687263,2021-10,0.12
4717717003637613480,2021-09,0.013333333333333334
4717717003637613480,2021-09,0.0
4717717003637613480,2021-10,0.01
4717717003637613480,2021-10,0.0033333333333333335
4874157215501489741,2021-09,0.06
4874157215501489741,2021-09,0.03666666666666667
4874157215501489741,2021-09,0.02666666666666667
4874157215501489741,2021-10,0.013333333333333334
4874157215501489741,2021-10,0.013333333333333334
4874157215501489741,2021-10,0.02
3357976326879346012,2021-09,0.016666666666666666
3357976326879346012,2021-09,0.023333333333333334
3357976326879346012,2021-10,0.043333333333333335
3357976326879346012,2021-10,0.02666666666666667
6217788509719675691,2021-09,0.0033333333333333335
6217788509719675691,2021-09,0.02
6217788509719675691,2021-10,0.0
621182491555347581,2021-09,0.013333333333333334
621182491555347581,2021-09,0.43916666666666665
621182491555347581,2021-10,0.006666666666666667
621182491555347581,2021-10,0.0033333333333333335
621182491555347581,2021-10,0.0
621182491555347581,2021-10,0.0
5465001651966355821,2021-09,0.013333333333333334
5465001651966355821,2021-09,0.006666666666666667
5465001651966355821,2021-10,0.0
5465001651966355821,2021-10,0.030555555555555558
5465001651966355821,2021-10,0.02
3025708129948185495,2021-09,0.01
3025708129948185495,2021-10,0.0
3812760626052898456,2021-09,0.0033333333333333335
3812760626052898456,2021-10,0.016666666666666666
3812760626052898456,2021-10,0.0
8463871205935856285,2021-09,0.02
8463871205935856285,2021-10,0.023333333333333334
682352428813668634,2021-09,0.01
682352428813668634,2021-09,0.0033333333333333335
682352428813668634,2021-09,0.006666666666666667
682352428813668634,2021-10,0.013333333333333334
682352428813668634,2021-10,0.016666666666666666
682352428813668634,2021-10,0.03666666666666667
3838562409581494430,2021-09,0.0
5856610998569876318,2021-09,0.02
5856610998569876318,2021-09,0.0033333333333333335
2308217045093677129,2021-09,0.006666666666666667
3036967290595689189,2021-09,0.01
3036967290595689189,2021-10,0.01
7722287846688771887,2021-09,0.02666666666666667
7722287846688771887,2021-10,0.016666666666666666
7722287846688771887,2021-10,0.64
4717593620120611957,2021-09,0.006666666666666667
4717593620120611957,2021-10,0.0
9052787288251876909,2021-09,0.006666666666666667
9052787288251876909,2021-10,0.0033333333333333335
9052787288251876909,2021-10,0.0033333333333333335
3386019519917828299,2021-09,0.02
3386019519917828299,2021-10,0.0033333333333333335
510795635145114083,2021-09,0.02
510795635145114083,2021-09,0.0033333333333333335
510795635145114083,2021-10,0.0
510795635145114083,2021-10,0.013333333333333334
510795635145114083,2021-10,0.0
5974858472822751652,2021-09,0.006666666666666667
5974858472822751652,2021-10,0.03
5974858472822751652,2021-10,0.016666666666666666
5974858472822751652,2021-10,0.01
5974858472822751652,2021-10,0.01
5958664040344043635,2021-09,0.013333333333333334
5958664040344043635,2021-10,0.013333333333333334
3391123212703223634,2021-09,0.013333333333333334
6528158819463595826,2021-09,0.16
8548612698724688238,2021-09,0.02
8548612698724688238,2021-10,0.0
5522764880180045081,2021-09,0.0033333333333333335
5522764880180045081,2021-10,0.0
5522764880180045081,2021-10,0.03
5522764880180045081,2021-10,0.16166666666666665
5522764880180045081,2021-10,0.0033333333333333335
5522764880180045081,2021-10,0.006666666666666667
8004409125524742779,2021-09,0.0033333333333333335
8004409125524742779,2021-09,0.07333333333333333
8004409125524742779,2021-10,0.0
8004409125524742779,2021-10,0.006666666666666667
8343941262792249232,2021-09,0.09333333333333334
8343941262792249232,2021-09,0.07333333333333333
8343941262792249232,2021-09,0.06666666666666667
8343941262792249232,2021-10,0.17333333333333334
7031913170099381454,2021-09,0.006666666666666667
7031913170099381454,2021-10,0.016666666666666666
6030285068945261052,2021-09,0.04
6030285068945261052,2021-09,0.006666666666666667
6030285068945261052,2021-10,0.03
665505091521986356,2021-09,0.006666666666666667
665505091521986356,2021-10,0.01
665505091521986356,2021-10,0.12666666666666668
665505091521986356,2021-10,0.0
6828316696355015040,2021-09,0.14666666666666667
4202876623878743806,2021-09,0.02
4202876623878743806,2021-10,0.03572222222222223
4202876623878743806,2021-10,0.0
4202876623878743806,2021-10,0.13333333333333333
4202876623878743806,2021-10,0.016666666666666666
6352592240901579272,2021-09,0.0
2819054834565698513,2021-09,0.0033333333333333335
2819054834565698513,2021-10,0.08333333333333333
2819054834565698513,2021-10,0.016666666666666666
988707525807573448,2021-09,0.0033333333333333335
988707525807573448,2021-10,0.006666666666666667
988707525807573448,2021-10,0.01
988707525807573448,2021-10,0.07666666666666666
4512887927067894301,2021-09,0.01
3204108603682323936,2021-09,0.01
3204108603682323936,2021-09,0.0033333333333333335
3204108603682323936,2021-10,0.0
3204108603682323936,2021-10,0.01
2493305884832539159,2021-09,0.07
7920896580423665241,2021-09,0.06333333333333334
7920896580423665241,2021-09,0.02
7920896580423665241,2021-10,0.01
7920896580423665241,2021-10,0.0033333333333333335
5078307295214858596,2021-09,0.03333333333333333
5078307295214858596,2021-10,0.19666666666666666
5078307295214858596,2021-10,0.14333333333333334
5078307295214858596,2021-10,0.12666666666666668
295375823203017296,2021-09,0.006666666666666667
295375823203017296,2021-10,0.02666666666666667
295375823203017296,2021-10,0.006666666666666667
6968106554514688300,2021-09,0.24333333333333335
6968106554514688300,2021-10,0.17983342583342615
6968106554514688300,2021-10,0.0
6968106554514688300,2021-10,0.0
51762959302415533,2021-09,0.03333333333333333
1611146298923153842,2021-09,0.0
1611146298923153842,2021-09,0.03666666666666667
1611146298923153842,2021-10,0.12
1611146298923153842,2021-10,0.01
8185063234515056194,2021-09,0.0033333333333333335
8185063234515056194,2021-09,0.0033333333333333335
8185063234515056194,2021-10,0.0033333333333333335
8185063234515056194,2021-10,0.0
1414132620714431952,2021-09,0.02
465309249432033993,2021-09,0.006666666666666667
465309249432033993,2021-09,0.03
465309249432033993,2021-10,0.07
2423599281313969582,2021-09,0.023333333333333334
2762573180349093009,2021-09,0.0033333333333333335
7637066986811047950,2021-09,0.05
7637066986811047950,2021-10,0.01
7637066986811047950,2021-10,0.01
7637066986811047950,2021-10,0.0033333333333333335
7637066986811047950,2021-10,0.023333333333333334
4444330375740387073,2021-09,0.24333333333333335
4444330375740387073,2021-10,0.11
4444330375740387073,2021-10,0.11666666666666667
2763141362035716801,2021-09,0.006666666666666667
2763141362035716801,2021-09,0.016666666666666666
4569866309119931805,2021-09,0.21666666666666667
4569866309119931805,2021-10,0.2700555555555555
4569866309119931805,2021-10,0.0
4569866309119931805,2021-10,0.0
1507697130807703164,2021-09,0.0033333333333333335
665854826624598350,2021-09,0.07333333333333333
665854826624598350,2021-10,0.03666666666666667
665854826624598350,2021-10,0.02
7692330898726665144,2021-09,0.013333333333333334
7692330898726665144,2021-09,0.0033333333333333335
7692330898726665144,2021-10,0.03
7692330898726665144,2021-10,0.09333333333333334
7692330898726665144,2021-10,0.0
1717812527056208209,2021-09,0.25666666666666665
1717812527056208209,2021-10,0.013333333333333334
2535803443850893368,2021-09,0.5475
2535803443850893368,2021-10,0.0
2535803443850893368,2021-10,0.006666666666666667
2535803443850893368,2021-10,0.006666666666666667
6681781879793693802,2021-09,0.0033333333333333335
6681781879793693802,2021-10,0.006666666666666667
4210463673385510745,2021-09,0.013333333333333334
4210463673385510745,2021-10,0.0
4210463673385510745,2021-10,0.006666666666666667
1951407691087813358,2021-09,0.0033333333333333335
1951407691087813358,2021-09,0.04
1951407691087813358,2021-10,0.03972222222222223
7451017400765373278,2021-09,0.0033333333333333335
7451017400765373278,2021-10,0.0033333333333333335
6795467882769787169,2021-09,0.01
6795467882769787169,2021-10,0.02
6795467882769787169,2021-10,0.02
2347028805684088098,2021-09,0.0033333333333333335
2347028805684088098,2021-09,0.016666666666666666
2347028805684088098,2021-10,0.056666666666666664
2347028805684088098,2021-10,0.013333333333333334
2900002014851776114,2021-09,0.0
2900002014851776114,2021-10,0.06333333333333334
2900002014851776114,2021-10,0.04666666666666667
2900002014851776114,2021-10,0.006666666666666667
1698828605814171242,2021-09,0.006666666666666667
1698828605814171242,2021-10,0.05
1698828605814171242,2021-10,0.01
1698828605814171242,2021-10,0.0
5893903674205161232,2021-09,0.0
4862285428951244424,2021-09,0.01
4862285428951244424,2021-09,0.03333333333333333
4862285428951244424,2021-09,0.016666666666666666
4862285428951244424,2021-10,0.056666666666666664
4862285428951244424,2021-10,0.02666666666666667
4862285428951244424,2021-10,0.02
4862285428951244424,2021-10,0.03
5606267905834401873,2021-09,0.0
5606267905834401873,2021-09,0.0
5606267905834401873,2021-10,0.006666666666666667
4982042089827666585,2021-09,0.12666666666666668
8854680481766219396,2021-09,0.06333333333333334
8854680481766219396,2021-10,0.04666666666666667
8854680481766219396,2021-10,0.07666666666666666
6204723742351094322,2021-09,0.01
6204723742351094322,2021-10,0.013333333333333334
6204723742351094322,2021-10,0.01
3713742318997880410,2021-09,0.0033333333333333335
3713742318997880410,2021-10,0.02
3713742318997880410,2021-10,0.01
1106971614386004604,2021-09,0.006666666666666667
1368430815953333691,2021-09,0.04
1368430815953333691,2021-10,0.054036075036075035
1368430815953333691,2021-10,0.02
662944582644865942,2021-09,0.0
662944582644865942,2021-10,0.03
940214356651040716,2021-09,0.006666666666666667
3192341047315717823,2021-09,0.03666666666666667
5198904647759787695,2021-09,0.07
5198904647759787695,2021-09,0.056666666666666664
1420529738304793615,2021-09,0.006666666666666667
1420529738304793615,2021-10,0.02
1420529738304793615,2021-10,0.01
4898797487317475277,2021-09,0.0
7200509200540839533,2021-09,0.013333333333333334
7200509200540839533,2021-10,0.056666666666666664
7200509200540839533,2021-10,0.023333333333333334
7200509200540839533,2021-10,0.006666666666666667
7492389223353246125,2021-09,0.03333333333333333
287529573188507001,2021-09,0.03666666666666667
7395696797140470088,2021-09,0.03666666666666667
7395696797140470088,2021-10,0.023333333333333334
6532139198609901627,2021-09,0.023333333333333334
6532139198609901627,2021-10,0.0033333333333333335
8255085612985072878,2021-09,0.13333333333333333
8255085612985072878,2021-10,0.07
8255085612985072878,2021-10,0.08333333333333333
4675067298171588603,2021-09,0.06333333333333334
4675067298171588603,2021-10,0.02
4675067298171588603,2021-10,0.10333333333333333
4675067298171588603,2021-10,0.09666666666666666
1210783884008131648,2021-09,0.07333333333333333
7968118679747232249,2021-09,0.48
7968118679747232249,2021-10,0.43583333333333335
7968118679747232249,2021-10,0.2386388888888889
3472934456083131714,2021-09,0.02
3156852928909455203,2021-09,0.02
3156852928909455203,2021-10,0.02
3156852928909455203,2021-10,0.06333333333333334
3156852928909455203,2021-10,0.006666666666666667
6486277549325701534,2021-09,0.04666666666666667
6486277549325701534,2021-09,0.043333333333333335
6486277549325701534,2021-10,0.06
6486277549325701534,2021-10,0.03333333333333333
6486277549325701534,2021-10,0.016666666666666666
1003144834589372198,2021-09,0.02
1003144834589372198,2021-09,0.01
1003144834589372198,2021-10,0.03666666666666667
1003144834589372198,2021-10,0.0
1003144834589372198,2021-10,0.0
1003144834589372198,2021-10,0.01
1003144834589372198,2021-10,0.0
410843023337872279,2021-09,0.03333333333333333
410843023337872279,2021-10,0.03972222222222223
410843023337872279,2021-10,0.006666666666666667
410843023337872279,2021-10,0.04666666666666667
1430896989654626045,2021-09,0.15666666666666668
4986060939759481610,2021-09,0.10333333333333333
6394935036014530592,2021-09,0.01
6394935036014530592,2021-10,0.0033333333333333335
6394935036014530592,2021-10,0.016666666666666666
6394935036014530592,2021-10,0.0033333333333333335
6394935036014530592,2021-10,0.0
6394935036014530592,2021-10,0.03333333333333333
7848910047105468475,2021-09,0.15
5795100045494475994,2021-09,0.22333333333333333
7818340804682162328,2021-09,0.03666666666666667
7818340804682162328,2021-10,0.030555555555555558
5271966906483787417,2021-09,0.043333333333333335
5383359512938607117,2021-09,0.12
2106875407768047316,2021-09,0.006666666666666667
2106875407768047316,2021-10,0.19838888888888886
2106875407768047316,2021-10,0.0
798425422240919854,2021-09,0.01
798425422240919854,2021-10,0.0
798425422240919854,2021-10,0.006666666666666667
3685376304786338340,2021-09,0.03333333333333333
3965955331400146488,2021-09,0.03666666666666667
7442192566700924647,2021-09,0.023333333333333334
7442192566700924647,2021-10,0.01
7442192566700924647,2021-10,0.013333333333333334
7442192566700924647,2021-10,0.006666666666666667
7442192566700924647,2021-10,0.013333333333333334
7442192566700924647,2021-10,0.0033333333333333335
7442192566700924647,2021-10,0.006666666666666667
2988042199057874759,2021-09,0.013333333333333334
2988042199057874759,2021-09,0.03
2988042199057874759,2021-10,0.05
2988042199057874759,2021-10,0.013333333333333334
521351744568531135,2021-09,0.016666666666666666
521351744568531135,2021-10,0.0
6462952350255736003,2021-09,0.013333333333333334
6462952350255736003,2021-10,0.0
8245393384938410770,2021-09,0.04
8245393384938410770,2021-10,0.08333333333333333
8245393384938410770,2021-10,0.02
8245393384938410770,2021-10,0.023333333333333334
8245393384938410770,2021-10,0.043333333333333335
7889351655716537527,2021-10,0.016666666666666666
3218226066162129945,2021-10,0.24666666666666667
3218226066162129945,2021-10,0.7333333333333333
3750579377644235511,2021-10,0.006666666666666667
1617695035450525647,2021-10,0.023333333333333334
1617695035450525647,2021-10,0.18666666666666668
1617695035450525647,2021-10,0.02
1617695035450525647,2021-10,0.0
5448628641564935127,2021-10,0.0
5448628641564935127,2021-10,0.02666666666666667
4935929591787890253,2021-10,0.043333333333333335
4935929591787890253,2021-10,0.10060457135457132
6337915293429442229,2021-10,0.05
15070048310374146,2021-10,0.09
15070048310374146,2021-10,0.22
2088532321693492263,2021-10,0.0
5477900120643078645,2021-10,0.0
5477900120643078645,2021-10,0.006666666666666667
2209806355660046187,2021-10,0.0033333333333333335
2209806355660046187,2021-10,0.006666666666666667
5791518044186095039,2021-10,0.0
1661240395903230676,2021-10,0.07333333333333333
1661240395903230676,2021-10,0.0033333333333333335
843896882208504179,2021-10,0.3405555555555555
3682570285558758138,2021-10,0.0033333333333333335
1667173444642500307,2021-10,0.0033333333333333335
1998941557906036376,2021-10,0.006666666666666667
1998941557906036376,2021-10,0.03333333333333333
1998941557906036376,2021-10,0.006666666666666667
2290083177086946553,2021-10,0.01
2290083177086946553,2021-10,0.0033333333333333335
2290083177086946553,2021-10,0.0033333333333333335
3632378524835692731,2021-10,0.03
3632378524835692731,2021-10,0.09164425389425387
6330043096034525408,2021-10,0.03
6330043096034525408,2021-10,0.0033333333333333335
6330043096034525408,2021-10,0.02
6330043096034525408,2021-10,0.4626746031746032
6330043096034525408,2021-10,0.016666666666666666
6330043096034525408,2021-10,0.3488888888888889
6330043096034525408,2021-10,0.016666666666666666
6330043096034525408,2021-10,0.0033333333333333335
1235244772550233980,2021-10,0.01
7176848230239877915,2021-10,0.0
7176848230239877915,2021-10,0.013333333333333334
7176848230239877915,2021-10,0.01
4183921942053157552,2021-10,0.016666666666666666
4183921942053157552,2021-10,0.006666666666666667
4183921942053157552,2021-10,0.0033333333333333335
4110562609148185966,2021-10,0.45105555555555554
8733525963966339207,2021-10,0.02666666666666667
5029701292539093910,2021-10,0.0033333333333333335
5029701292539093910,2021-10,0.016666666666666666
2025898153078562640,2021-10,0.03333333333333333
1115703227712697214,2021-10,0.0
1115703227712697214,2021-10,0.03
1115703227712697214,2021-10,0.013333333333333334
1115703227712697214,2021-10,0.056666666666666664
3724562776372632620,2021-10,0.17
4537982850248578883,2021-10,0.0
8843432852270832388,2021-10,0.016666666666666666
8843432852270832388,2021-10,0.1828333333333333
8464809590757561185,2021-10,0.0
8464809590757561185,2021-10,0.01
3421433989501830226,2021-10,0.0033333333333333335
6810366761249506182,2021-10,0.023333333333333334
851897122328714307,2021-10,0.0033333333333333335
6784879562354696650,2021-10,0.0
6784879562354696650,2021-10,0.0
93982185886107798,2021-10,0.0
93982185886107798,2021-10,0.06333333333333334
121658372387044248,2021-10,0.016666666666666666
121658372387044248,2021-10,0.0033333333333333335
121658372387044248,2021-10,0.15
5931905128207886847,2021-10,0.0033333333333333335
1953058402621337677,2021-10,0.02
1953058402621337677,2021-10,0.18
1953058402621337677,2021-10,0.19
8090492548102964782,2021-10,0.3516666666666667
5735794880899687600,2021-10,0.013333333333333334
5735794880899687600,2021-10,0.03666666666666667
5735794880899687600,2021-10,0.04
7828430488099134389,2021-10,0.023333333333333334
7828430488099134389,2021-10,0.02
7485107528960607346,2021-10,0.02
7485107528960607346,2021-10,0.0033333333333333335
7485107528960607346,2021-10,0.05
7485107528960607346,2021-10,0.0033333333333333335
3156580765759568020,2021-10,0.0033333333333333335
6643358471662528195,2021-10,0.05
5489089370448387505,2021-10,0.6144047619047619
7719877724419004325,2021-10,0.013333333333333334
4858887739802767402,2021-10,0.006666666666666667
1069093308328204542,2021-10,0.03666666666666667
1069093308328204542,2021-10,0.03
8292458529987016717,2021-10,0.0033333333333333335
3423512048884192208,2021-10,0.0
3423512048884192208,2021-10,0.02
8918635099296971351,2021-10,0.11142857142857143
4187591029730357479,2021-10,0.06666666666666667
4187591029730357479,2021-10,0.18
1129657311668961746,2021-10,0.013333333333333334
6122719618012473549,2021-10,0.14083333333333334
7236776406341522879,2021-10,0.016666666666666666
6547707428090179960,2021-10,0.01
6547707428090179960,2021-10,0.01
6547707428090179960,2021-10,0.0
8248484932270772248,2021-10,0.04
8248484932270772248,2021-10,0.0033333333333333335
5752688018135006198,2021-10,0.2700555555555555
5752688018135006198,2021-10,0.02
2191990606593345695,2021-10,0.09
2191990606593345695,2021-10,0.03666666666666667
2191990606593345695,2021-10,0.05
4641659186059167709,2021-10,0.3031731748525226
8400764778654490278,2021-10,0.3868888888888886
8400764778654490278,2021-10,0.013333333333333334
2759416556905651870,2021-10,0.3933333333333333
7206599058451025691,2021-10,0.02666666666666667
1036256411320325774,2021-10,0.01
1036256411320325774,2021-10,0.0033333333333333335
5162621729453966204,2021-10,0.08666666666666667
5162621729453966204,2021-10,0.11666666666666667
3660744270380078352,2021-10,0.31333333333333335
3660744270380078352,2021-10,0.0033333333333333335
1273229638516517354,2021-10,0.02
1467843186411742274,2021-10,0.016666666666666666
1467843186411742274,2021-10,0.02666666666666667
3571198145319411787,2021-10,0.11
2310272650667756227,2021-10,0.7066666666666667
3161361581909316305,2021-10,0.4821666666666667
3161361581909316305,2021-10,0.0033333333333333335
5855956854975734380,2021-10,0.030555555555555558
5855956854975734380,2021-10,0.023333333333333334
4556737702757145073,2021-10,0.4666341991341991
5799279645678609726,2021-10,0.043333333333333335
5732713959930509093,2021-10,0.01
1002362614649347438,2021-10,0.05333333333333334
1002362614649347438,2021-10,0.05333333333333334
8163895533020293251,2021-10,0.43888888888888894
8163895533020293251,2021-10,0.23
8163895533020293251,2021-10,0.1811111111111111
2768068015169423097,2021-10,0.0033333333333333335
2768068015169423097,2021-10,0.02
3195023578711095555,2021-10,0.006666666666666667
5369576709077493659,2021-10,0.06666666666666667
5369576709077493659,2021-10,0.023333333333333334
1997130697107291654,2021-10,0.04666666666666667
7665801401860589626,2021-10,0.016666666666666666
1028630885537616736,2021-10,0.013333333333333334
1028630885537616736,2021-10,0.0033333333333333335
1269153452773908541,2021-10,0.013333333333333334
6100972975033180377,2021-10,0.05
8080988579391900405,2021-10,0.03
8080988579391900405,2021-10,0.013333333333333334
8080988579391900405,2021-10,0.01
7719481195372677540,2021-10,0.0033333333333333335
2032592272238235730,2021-10,0.03
2032592272238235730,2021-10,0.0033333333333333335
89342157110910412,2021-10,0.043333333333333335
6012031176108922616,2021-10,0.056666666666666664
6012031176108922616,2021-10,0.0
6012031176108922616,2021-10,0.01
7501763663852779083,2021-10,0.1303030303030303
503021894071666233,2021-10,0.02666666666666667
503021894071666233,2021-10,0.03666666666666667
503021894071666233,2021-10,0.08666666666666667
3118683330911759410,2021-10,0.02666666666666667
3118683330911759410,2021-10,0.03
7779268298304613772,2021-10,0.0033333333333333335
7779268298304613772,2021-10,0.02666666666666667
7779268298304613772,2021-10,0.006666666666666667
7779268298304613772,2021-10,0.01
7779268298304613772,2021-10,0.0033333333333333335
5303720405946805990,2021-10,0.02666666666666667
6521201759558790083,2021-10,0.04
6521201759558790083,2021-10,0.02666666666666667
717981637594591016,2021-10,0.0
2973474340148068982,2021-10,0.3233333333333333
8684964138237894839,2021-10,0.05333333333333334
7041489327620930099,2021-10,0.006666666666666667
3447213159487287154,2021-10,0.02666666666666667
3447213159487287154,2021-10,0.0
5225029212547588718,2021-10,0.0
1735718258017802778,2021-10,0.006666666666666667
1735718258017802778,2021-10,0.0
2550506309527280168,2021-10,0.02666666666666667
2550506309527280168,2021-10,0.06666666666666667
5376084855227654309,2021-10,0.07
5376084855227654309,2021-10,0.016666666666666666
165658847908185334,2021-10,0.06333333333333334
4527499691197377217,2021-10,0.0033333333333333335
8535586342375301953,2021-10,0.013333333333333334
3970572142453508637,2021-10,0.09333333333333334
5200455618694210402,2021-10,0.006666666666666667
7595945751692012281,2021-10,0.013333333333333334
3283662016127058429,2021-10,0.0033333333333333335
3248432590399829766,2021-10,0.03666666666666667
9108733472015251498,2021-10,0.0
9108733472015251498,2021-10,0.0
7710364735942975505,2021-10,0.0
6143250120040658989,2021-10,0.3408333333333333
8967780934636007142,2021-10,0.04
3027683745465216663,2021-10,0.04
5758033363847724111,2021-10,0.016666666666666666
5758033363847724111,2021-10,0.0
5758033363847724111,2021-10,0.013333333333333334
5758033363847724111,2021-10,0.0
6985631100944640910,2021-10,0.02666666666666667
8536980239903840341,2021-10,0.006666666666666667
7330131219998265639,2021-10,0.0
7628167057144760589,2021-10,0.0033333333333333335
8559143756893267192,2021-10,0.0033333333333333335
5055200744384119654,2021-10,0.06333333333333334
3970610368027129821,2021-10,0.0
66220087398241662,2021-10,0.02
66220087398241662,2021-10,0.0033333333333333335
2598475569074240783,2021-10,0.006666666666666667
4562495119288161876,2021-10,0.0033333333333333335
6338963608593807081,2021-10,0.0
644457054514416604,2021-10,0.016666666666666666
644457054514416604,2021-10,0.02666666666666667
4566920105008626302,2021-10,0.0
4566920105008626302,2021-10,0.0
8570963260597299378,2021-10,0.0033333333333333335
8313765100460016738,2021-10,0.0033333333333333335
8313765100460016738,2021-10,0.0
8012945665375811304,2021-10,0.16666666666666666
8012016968380185372,2021-10,0.04666666666666667
3361278050140871809,2021-10,0.49333333333333335
5122095358293179297,2021-10,0.006666666666666667
670573866376512619,2021-10,0.03
670573866376512619,2021-10,0.01
4831939798545673038,2021-10,0.04666666666666667
1219954496802643881,2021-10,0.44333333333333336
8680213253228719510,2021-10,0.013333333333333334
8680213253228719510,2021-10,0.016666666666666666
2785178201607654410,2021-10,0.0033333333333333335
4997308257850209705,2021-10,0.006666666666666667
5986344948775572227,2021-10,0.11666666666666667
4723919748432185874,2021-10,0.0033333333333333335
4723919748432185874,2021-10,0.0033333333333333335
4723919748432185874,2021-10,0.0033333333333333335
6080407793834027692,2021-10,0.0
922040072471333951,2021-10,0.18666666666666668
6598561842700412652,2021-10,0.3566666666666667
1874387298050692165,2021-10,0.01
8991419601067014006,2021-10,0.043333333333333335
1748142500108801439,2021-10,0.06333333333333334
1311488706225587300,2021-10,0.03
3275327267689584006,2021-10,0.0033333333333333335
3275327267689584006,2021-10,0.02
2208316821038817776,2021-10,0.02
1963239178085807816,2021-10,0.02666666666666667
2467590416042313927,2021-10,0.006666666666666667
345033315379741874,2021-10,0.0
4237135112070444140,2021-10,0.12
8222831719332844924,2021-10,0.0033333333333333335
8278233100278581012,2021-10,0.0033333333333333335
8480109508191086169,2021-10,0.013333333333333334
8480109508191086169,2021-10,0.0
3536704882799524586,2021-10,0.0033333333333333335
8398000036517692656,2021-10,0.09666666666666666
2003221759676247813,2021-10,0.0033333333333333335
2322847438374159400,2021-10,0.0033333333333333335
866011924076225884,2021-10,0.01
4570863207041489270,2021-10,0.023333333333333334
2439954154030259398,2021-10,0.0
2439954154030259398,2021-10,0.013333333333333334
4104959289203999917,2021-10,0.013333333333333334
5499433941404698208,2021-10,0.22666666666666666
271068078606473697,2021-10,0.0
8706851346184249504,2021-10,0.01
1423952977138155129,2021-10,0.006666666666666667
3906045000005838812,2021-10,0.05
4225765667813563302,2021-10,0.03666666666666667
8737605759444448951,2021-10,0.01
8915958534285799867,2021-10,0.0
8013668117699219722,2021-10,0.0
3979129042322937623,2021-10,0.04666666666666667
4900073965147412482,2021-10,0.02
2179772649873197365,2021-10,0.38
6053752047545474051,2021-10,0.006666666666666667
6053752047545474051,2021-10,0.0033333333333333335
6053752047545474051,2021-10,0.09666666666666666
6053752047545474051,2021-10,0.006666666666666667
6053752047545474051,2021-10,0.016666666666666666
6053752047545474051,2021-10,0.0033333333333333335
6053752047545474051,2021-11,0.03666666666666667
6053752047545474051,2021-11,0.03666666666666667
6053752047545474051,2021-11,0.08
6053752047545474051,2021-11,0.07
6053752047545474051,2021-11,0.016666666666666666
6053752047545474051,2021-11,0.013333333333333334
6053752047545474051,2021-11,0.4245555555555555
6053752047545474051,2021-11,0.013333333333333334
2772135008486239291,2021-10,0.006666666666666667
2772135008486239291,2021-10,0.0033333333333333335
7031913170099381454,2021-10,0.06
7031913170099381454,2021-11,0.03
5373371196946859811,2021-10,0.01
5373371196946859811,2021-10,0.0
5373371196946859811,2021-11,0.0033333333333333335
5373371196946859811,2021-11,0.25666666666666665
5373371196946859811,2021-11,0.006666666666666667
2201150681962815877,2021-10,0.0
2201150681962815877,2021-10,0.02
2201150681962815877,2021-10,0.06
2201150681962815877,2021-11,0.4702222222222222
2201150681962815877,2021-11,0.08666666666666667
2201150681962815877,2021-11,0.006666666666666667
4717717003637613480,2021-10,0.0033333333333333335
4717717003637613480,2021-11,0.0033333333333333335
4717717003637613480,2021-11,0.0033333333333333335
7692330898726665144,2021-10,0.006666666666666667
7692330898726665144,2021-10,0.006666666666666667
7692330898726665144,2021-10,0.006666666666666667
7692330898726665144,2021-10,0.006666666666666667
7692330898726665144,2021-11,0.0033333333333333335
7692330898726665144,2021-11,0.016666666666666666
7692330898726665144,2021-11,0.006666666666666667
7692330898726665144,2021-11,0.023333333333333334
4327694790333781288,2021-10,0.12666666666666668
4327694790333781288,2021-10,0.016666666666666666
4327694790333781288,2021-10,0.0
4327694790333781288,2021-11,0.0
4327694790333781288,2021-11,0.013333333333333334
7930644815080409701,2021-10,0.006666666666666667
5029701292539093910,2021-10,0.02
5029701292539093910,2021-11,0.01
5029701292539093910,2021-11,0.0
5029701292539093910,2021-11,0.0033333333333333335
6784879562354696650,2021-10,0.016666666666666666
6784879562354696650,2021-10,0.016666666666666666
6784879562354696650,2021-11,0.016666666666666666
6784879562354696650,2021-11,0.01
1958660709350677213,2021-10,0.31
1958660709350677213,2021-10,0.07666666666666666
1958660709350677213,2021-11,0.013333333333333334
7613717984547031729,2021-10,0.02
7613717984547031729,2021-10,0.01
7613717984547031729,2021-10,0.023333333333333334
7613717984547031729,2021-10,0.0033333333333333335
7613717984547031729,2021-11,0.006666666666666667
7613717984547031729,2021-11,0.03666666666666667
7613717984547031729,2021-11,0.03333333333333333
7613717984547031729,2021-11,0.2559230769230769
7613717984547031729,2021-11,0.016666666666666666
7613717984547031729,2021-11,0.0033333333333333335
5897410907783139228,2021-10,0.0033333333333333335
5897410907783139228,2021-10,0.006666666666666667
5897410907783139228,2021-10,0.06666666666666667
5897410907783139228,2021-11,0.02666666666666667
5897410907783139228,2021-11,0.7422222222222222
5897410907783139228,2021-11,0.03
5897410907783139228,2021-11,0.02
6715993871935527857,2021-10,0.4266666666666667
5176940320835464459,2021-10,0.006666666666666667
5176940320835464459,2021-10,0.013333333333333334
5176940320835464459,2021-10,0.03666666666666667
5176940320835464459,2021-10,0.0
5176940320835464459,2021-10,0.0
5176940320835464459,2021-10,0.006666666666666667
5176940320835464459,2021-10,0.02666666666666667
5176940320835464459,2021-10,0.20333333333333334
5176940320835464459,2021-10,0.05333333333333334
5176940320835464459,2021-10,0.0033333333333333335
5176940320835464459,2021-10,0.02666666666666667
5176940320835464459,2021-11,0.01
5176940320835464459,2021-11,0.023333333333333334
5176940320835464459,2021-11,0.0033333333333333335
5176940320835464459,2021-11,0.006666666666666667
5176940320835464459,2021-11,0.056666666666666664
5176940320835464459,2021-11,0.006666666666666667
5176940320835464459,2021-11,0.01
5176940320835464459,2021-11,0.2633333333333333
5176940320835464459,2021-11,0.0033333333333333335
5176940320835464459,2021-11,0.006666666666666667
5176940320835464459,2021-11,0.0
5176940320835464459,2021-11,0.01
2128970218770090704,2021-10,0.006666666666666667
2128970218770090704,2021-10,0.0
2128970218770090704,2021-10,0.0033333333333333335
1156053485989336481,2021-10,0.0033333333333333335
1156053485989336481,2021-10,0.006666666666666667
1156053485989336481,2021-10,0.006666666666666667
1156053485989336481,2021-10,0.006666666666666667
1156053485989336481,2021-10,0.0033333333333333335
1156053485989336481,2021-10,0.013333333333333334
1156053485989336481,2021-10,0.0033333333333333335
1156053485989336481,2021-10,0.03333333333333333
1156053485989336481,2021-10,0.006666666666666667
1156053485989336481,2021-10,0.02666666666666667
1156053485989336481,2021-10,0.01
1156053485989336481,2021-10,0.016666666666666666
1156053485989336481,2021-10,0.02
1156053485989336481,2021-10,0.03
1156053485989336481,2021-10,0.16
1156053485989336481,2021-10,0.043333333333333335
1156053485989336481,2021-10,0.043333333333333335
1156053485989336481,2021-10,0.03
1156053485989336481,2021-10,0.016666666666666666
1156053485989336481,2021-10,0.03333333333333333
1156053485989336481,2021-10,0.043333333333333335
1156053485989336481,2021-10,0.01
1156053485989336481,2021-11,0.023333333333333334
1156053485989336481,2021-11,0.01
1156053485989336481,2021-11,0.02
1156053485989336481,2021-11,0.043333333333333335
1156053485989336481,2021-11,0.0
1156053485989336481,2021-11,0.03
1156053485989336481,2021-11,0.03666666666666667
1156053485989336481,2021-11,0.02
1156053485989336481,2021-11,0.013333333333333334
1156053485989336481,2021-11,0.01
1156053485989336481,2021-11,0.013333333333333334
1156053485989336481,2021-11,0.01
1156053485989336481,2021-11,0.0033333333333333335
1156053485989336481,2021-11,0.016666666666666666
1156053485989336481,2021-11,0.19266666666666665
1156053485989336481,2021-11,0.006666666666666667
1156053485989336481,2021-11,0.013333333333333334
1156053485989336481,2021-11,0.01
1156053485989336481,2021-11,0.006666666666666667
1156053485989336481,2021-11,0.0
1156053485989336481,2021-11,0.006666666666666667
1156053485989336481,2021-11,0.023333333333333334
1156053485989336481,2021-11,0.0033333333333333335
1156053485989336481,2021-11,0.03333333333333333
1156053485989336481,2021-11,0.03333333333333333
3118152790263512426,2021-10,0.013333333333333334
3118152790263512426,2021-10,0.023333333333333334
3118152790263512426,2021-10,0.0
3118152790263512426,2021-10,0.01
3118152790263512426,2021-11,0.05
3118152790263512426,2021-11,0.0
3118152790263512426,2021-11,0.01
3118152790263512426,2021-11,0.006666666666666667
2333404192508932057,2021-10,0.01
2333404192508932057,2021-10,0.0033333333333333335
2333404192508932057,2021-10,0.03333333333333333
2333404192508932057,2021-11,0.02
5761480994209806499,2021-10,0.023333333333333334
5761480994209806499,2021-10,0.01
5761480994209806499,2021-10,0.006666666666666667
5761480994209806499,2021-10,0.01
5761480994209806499,2021-10,0.006666666666666667
5761480994209806499,2021-10,0.0
5761480994209806499,2021-10,0.0
5761480994209806499,2021-10,0.0
5761480994209806499,2021-10,0.0033333333333333335
5761480994209806499,2021-10,0.0
5761480994209806499,2021-10,0.013333333333333334
5761480994209806499,2021-10,0.02
5761480994209806499,2021-10,0.06666666666666667
5761480994209806499,2021-10,0.0033333333333333335
5761480994209806499,2021-10,0.03666666666666667
5761480994209806499,2021-11,0.006666666666666667
5761480994209806499,2021-11,0.016666666666666666
5761480994209806499,2021-11,0.006666666666666667
5761480994209806499,2021-11,0.0
5761480994209806499,2021-11,0.0033333333333333335
5761480994209806499,2021-11,0.01
5761480994209806499,2021-11,0.0033333333333333335
5761480994209806499,2021-11,0.0
5761480994209806499,2021-11,0.0
5761480994209806499,2021-11,0.16333333333333333
5761480994209806499,2021-11,0.01
5761480994209806499,2021-11,0.006666666666666667
5761480994209806499,2021-11,0.02
5761480994209806499,2021-11,0.06333333333333334
5761480994209806499,2021-11,0.0033333333333333335
5761480994209806499,2021-11,0.0033333333333333335
5761480994209806499,2021-11,0.0033333333333333335
984915269987074754,2021-10,0.01
984915269987074754,2021-10,0.0
984915269987074754,2021-10,0.016666666666666666
984915269987074754,2021-10,0.0
984915269987074754,2021-11,0.15631423200073086
8698916565946744099,2021-10,0.15666666666666668
8015571584405428572,2021-10,0.023333333333333334
8015571584405428572,2021-11,0.01
8529899700094903171,2021-10,0.013333333333333334
8529899700094903171,2021-10,0.14
8529899700094903171,2021-10,0.14
8529899700094903171,2021-10,0.08666666666666667
8529899700094903171,2021-10,0.0
8529899700094903171,2021-10,0.05333333333333334
8529899700094903171,2021-10,0.09666666666666666
8529899700094903171,2021-10,0.10666666666666667
8529899700094903171,2021-10,0.09666666666666666
8529899700094903171,2021-11,0.07333333333333333
8529899700094903171,2021-11,0.36333333333333334
8529899700094903171,2021-11,0.36333333333333334
8529899700094903171,2021-11,0.36333333333333334
8529899700094903171,2021-11,0.31
8529899700094903171,2021-11,0.36333333333333334
8529899700094903171,2021-11,0.21333333333333335
8529899700094903171,2021-11,0.07666666666666666
8529899700094903171,2021-11,0.06666666666666667
8529899700094903171,2021-11,0.06666666666666667
8529899700094903171,2021-11,0.10333333333333333
2119292203323657032,2021-10,0.0
2119292203323657032,2021-10,0.03
5462970244186515758,2021-10,0.0033333333333333335
5462970244186515758,2021-10,0.023333333333333334
5462970244186515758,2021-10,0.0
5462970244186515758,2021-10,0.0033333333333333335
5462970244186515758,2021-10,0.0
5462970244186515758,2021-10,0.0
5462970244186515758,2021-10,0.06
5462970244186515758,2021-11,0.043333333333333335
5462970244186515758,2021-11,0.2724444444444445
5462970244186515758,2021-11,0.023333333333333334
5462970244186515758,2021-11,0.006666666666666667
5462970244186515758,2021-11,0.016666666666666666
6964108750473070287,2021-10,0.03
6964108750473070287,2021-10,0.03666666666666667
6964108750473070287,2021-10,0.01
6964108750473070287,2021-10,0.006666666666666667
6964108750473070287,2021-10,0.0033333333333333335
6964108750473070287,2021-10,0.0
6964108750473070287,2021-10,0.023333333333333334
6964108750473070287,2021-10,0.023333333333333334
6964108750473070287,2021-10,0.05333333333333334
6964108750473070287,2021-10,0.016666666666666666
6964108750473070287,2021-10,0.14
6964108750473070287,2021-10,0.19333333333333333
6964108750473070287,2021-11,0.07
6964108750473070287,2021-11,0.04
6964108750473070287,2021-11,0.05333333333333334
6964108750473070287,2021-11,0.04
6964108750473070287,2021-11,0.06
6964108750473070287,2021-11,0.20666666666666667
6964108750473070287,2021-11,0.16666666666666666
6964108750473070287,2021-11,0.03333333333333333
6964108750473070287,2021-11,0.16666666666666666
6964108750473070287,2021-11,0.043333333333333335
6964108750473070287,2021-11,0.07
6964108750473070287,2021-11,0.056666666666666664
6964108750473070287,2021-11,0.06333333333333334
6964108750473070287,2021-11,0.04
6964108750473070287,2021-11,0.05333333333333334
6964108750473070287,2021-11,0.03
6964108750473070287,2021-11,0.03
6964108750473070287,2021-11,0.12
6964108750473070287,2021-11,0.13
6828316696355015040,2021-10,0.02666666666666667
7206599058451025691,2021-10,0.01
682352428813668634,2021-10,0.0
682352428813668634,2021-10,0.016666666666666666
682352428813668634,2021-10,0.0
682352428813668634,2021-10,0.02666666666666667
682352428813668634,2021-10,0.04666666666666667
682352428813668634,2021-11,0.41
682352428813668634,2021-11,0.12
682352428813668634,2021-11,0.06
682352428813668634,2021-11,0.16
682352428813668634,2021-11,0.05333333333333334
682352428813668634,2021-11,0.006666666666666667
682352428813668634,2021-11,0.0033333333333333335
3829967475074118757,2021-10,0.04666666666666667
3829967475074118757,2021-10,0.06333333333333334
3829967475074118757,2021-10,0.023333333333333334
3829967475074118757,2021-11,0.09333333333333334
2726314736140152277,2021-10,0.49
2726314736140152277,2021-10,0.5166666666666667
459290606780222306,2021-10,0.0033333333333333335
459290606780222306,2021-10,0.006666666666666667
459290606780222306,2021-10,0.05333333333333334
459290606780222306,2021-10,0.05
459290606780222306,2021-10,0.13333333333333333
459290606780222306,2021-10,0.08666666666666667
459290606780222306,2021-11,0.013333333333333334
459290606780222306,2021-11,0.013333333333333334
459290606780222306,2021-11,0.016666666666666666
459290606780222306,2021-11,0.02
459290606780222306,2021-11,0.22
7141263195360679278,2021-10,0.006666666666666667
7141263195360679278,2021-10,0.08
7141263195360679278,2021-10,0.016666666666666666
7141263195360679278,2021-10,0.10666666666666667
7141263195360679278,2021-10,0.07
7141263195360679278,2021-10,0.0
7141263195360679278,2021-11,0.05
7141263195360679278,2021-11,0.02666666666666667
7141263195360679278,2021-11,0.02666666666666667
7141263195360679278,2021-11,0.08333333333333333
7910340581026492945,2021-10,0.006666666666666667
7910340581026492945,2021-10,0.02666666666666667
7910340581026492945,2021-10,0.0033333333333333335
7910340581026492945,2021-10,0.02
7910340581026492945,2021-10,0.3433333333333333
7910340581026492945,2021-11,0.08333333333333333
7910340581026492945,2021-11,0.02666666666666667
3690886209682028027,2021-10,0.006666666666666667
3690886209682028027,2021-10,0.03
3690886209682028027,2021-11,0.023333333333333334
1579681122696922043,2021-10,0.02666666666666667
5057726374207815794,2021-10,0.013333333333333334
1661240395903230676,2021-10,0.0033333333333333335
1661240395903230676,2021-11,0.05
1661240395903230676,2021-11,0.013333333333333334
1661240395903230676,2021-11,0.006666666666666667
1661240395903230676,2021-11,0.02666666666666667
1661240395903230676,2021-11,0.02
8079157452200263869,2021-10,0.38333333333333336
1253437108265925705,2021-10,0.02666666666666667
1253437108265925705,2021-10,0.03333333333333333
1253437108265925705,2021-10,0.0
1253437108265925705,2021-10,0.01
1253437108265925705,2021-11,0.09
1253437108265925705,2021-11,0.013333333333333334
4874157215501489741,2021-10,0.06333333333333334
4874157215501489741,2021-10,0.006666666666666667
4874157215501489741,2021-10,0.01
4874157215501489741,2021-10,0.056666666666666664
4874157215501489741,2021-10,0.023333333333333334
4874157215501489741,2021-11,0.12
4874157215501489741,2021-11,0.06333333333333334
3511416927745338332,2021-10,0.02
3511416927745338332,2021-10,0.0033333333333333335
3511416927745338332,2021-11,0.01
2773493808492482979,2021-10,0.0033333333333333335
2773493808492482979,2021-10,0.3
7451017400765373278,2021-10,0.0033333333333333335
7451017400765373278,2021-10,0.0
7451017400765373278,2021-10,0.0033333333333333335
7451017400765373278,2021-11,0.0
7451017400765373278,2021-11,0.0033333333333333335
7451017400765373278,2021-11,0.013333333333333334
3979129042322937623,2021-10,0.14666666666666667
3979129042322937623,2021-10,0.013333333333333334
3979129042322937623,2021-10,0.04666666666666667
170089315547146305,2021-10,0.0033333333333333335
170089315547146305,2021-10,0.0
170089315547146305,2021-10,0.02666666666666667
170089315547146305,2021-11,0.0033333333333333335
170089315547146305,2021-11,0.09333333333333334
170089315547146305,2021-11,0.023333333333333334
7325545718770538459,2021-10,0.006666666666666667
7325545718770538459,2021-10,0.0033333333333333335
7325545718770538459,2021-10,0.006666666666666667
7325545718770538459,2021-10,0.043333333333333335
7325545718770538459,2021-10,0.023333333333333334
7325545718770538459,2021-11,0.09
7325545718770538459,2021-11,0.0033333333333333335
7325545718770538459,2021-11,0.016666666666666666
7325545718770538459,2021-11,0.0033333333333333335
7325545718770538459,2021-11,0.016666666666666666
7325545718770538459,2021-11,0.05333333333333334
7325545718770538459,2021-11,0.14333333333333334
4972567100282306577,2021-10,0.006666666666666667
4972567100282306577,2021-10,0.016666666666666666
4972567100282306577,2021-10,0.02
4972567100282306577,2021-10,0.05333333333333334
4972567100282306577,2021-11,0.01
4972567100282306577,2021-11,0.02
175003104385133396,2021-10,0.02666666666666667
175003104385133396,2021-11,0.03
7398738404146260251,2021-10,0.03333333333333333
7398738404146260251,2021-11,0.2561111111111111
2658946240987854807,2021-10,0.006666666666666667
2658946240987854807,2021-11,0.0
2658946240987854807,2021-11,0.08333333333333333
2658946240987854807,2021-11,0.0
2658946240987854807,2021-11,0.016666666666666666
326257359176916767,2021-10,0.0
8785648114090695180,2021-10,0.0033333333333333335
8785648114090695180,2021-11,0.05
8785648114090695180,2021-11,0.023333333333333334
8784237149961904,2021-10,0.016666666666666666
8784237149961904,2021-10,0.0
8784237149961904,2021-10,0.0
8784237149961904,2021-10,0.03
8784237149961904,2021-11,0.03333333333333333
8784237149961904,2021-11,0.02
8784237149961904,2021-11,0.023333333333333334
8784237149961904,2021-11,0.0
6759864637454708017,2021-10,0.006666666666666667
6759864637454708017,2021-10,0.05
6759864637454708017,2021-10,0.03333333333333333
6759864637454708017,2021-10,0.05333333333333334
6759864637454708017,2021-10,0.09666666666666666
6759864637454708017,2021-11,0.03
6759864637454708017,2021-11,0.0
5694881483989656694,2021-10,0.0033333333333333335
5694881483989656694,2021-10,0.006666666666666667
5694881483989656694,2021-11,0.016666666666666666
5694881483989656694,2021-11,0.01
209314261782935157,2021-10,0.18
2759416556905651870,2021-10,0.44333333333333336
2759416556905651870,2021-11,0.37666666666666665
2022367282554149730,2021-10,0.01
2022367282554149730,2021-10,0.0
2022367282554149730,2021-10,0.016666666666666666
2022367282554149730,2021-10,0.0033333333333333335
2022367282554149730,2021-10,0.006666666666666667
2022367282554149730,2021-11,0.006666666666666667
2022367282554149730,2021-11,0.0
2022367282554149730,2021-11,0.01
2022367282554149730,2021-11,0.016666666666666666
2022367282554149730,2021-11,0.01
2022367282554149730,2021-11,0.006666666666666667
8173830874846355280,2021-10,0.006666666666666667
8173830874846355280,2021-10,0.006666666666666667
8173830874846355280,2021-10,0.0033333333333333335
8173830874846355280,2021-10,0.03
8173830874846355280,2021-10,0.006666666666666667
8173830874846355280,2021-10,0.08
8173830874846355280,2021-10,0.10666666666666667
8173830874846355280,2021-10,0.12
8173830874846355280,2021-10,0.043333333333333335
8173830874846355280,2021-10,0.07
8173830874846355280,2021-11,0.02666666666666667
8173830874846355280,2021-11,0.04
8173830874846355280,2021-11,0.11
8173830874846355280,2021-11,0.3350427072927074
8173830874846355280,2021-11,0.013333333333333334
8173830874846355280,2021-11,0.016666666666666666
8173830874846355280,2021-11,0.03666666666666667
8173830874846355280,2021-11,0.006666666666666667
8173830874846355280,2021-11,0.006666666666666667
8173830874846355280,2021-11,0.01
8173830874846355280,2021-11,0.05333333333333334
8173830874846355280,2021-11,0.0
8173830874846355280,2021-11,0.01
8173830874846355280,2021-11,0.11
8173830874846355280,2021-11,0.09666666666666666
8173830874846355280,2021-11,0.05333333333333334
3382624494518753363,2021-10,0.01
3382624494518753363,2021-10,0.04
3382624494518753363,2021-11,0.03333333333333333
3382624494518753363,2021-11,0.013333333333333334
3382624494518753363,2021-11,0.02666666666666667
2123312420728961012,2021-10,0.013333333333333334
2123312420728961012,2021-10,0.016666666666666666
2123312420728961012,2021-10,0.0033333333333333335
5082813456193598086,2021-10,0.0033333333333333335
5082813456193598086,2021-10,0.023333333333333334
5082813456193598086,2021-10,0.006666666666666667
3279078057358159966,2021-10,0.04666666666666667
4334472256949955221,2021-10,0.02666666666666667
4334472256949955221,2021-10,0.0
4334472256949955221,2021-10,0.006666666666666667
4334472256949955221,2021-10,0.07333333333333333
4334472256949955221,2021-11,0.22447619047619047
4334472256949955221,2021-11,0.006666666666666667
4347826483121154490,2021-10,0.01
4347826483121154490,2021-10,0.07666666666666666
4347826483121154490,2021-10,0.006666666666666667
4347826483121154490,2021-10,0.01
4347826483121154490,2021-11,0.006666666666666667
4347826483121154490,2021-11,0.08
4347826483121154490,2021-11,0.023333333333333334
4347826483121154490,2021-11,0.05333333333333334
4347826483121154490,2021-11,0.01
819552547620904652,2021-10,0.05333333333333334
819552547620904652,2021-10,0.016666666666666666
819552547620904652,2021-10,0.03666666666666667
819552547620904652,2021-10,0.03666666666666667
819552547620904652,2021-11,0.05333333333333334
8596605705893456305,2021-10,0.03666666666666667
8596605705893456305,2021-10,0.05
8596605705893456305,2021-10,0.04
8596605705893456305,2021-11,0.2652777777777778
8596605705893456305,2021-11,0.01
8919892162361650175,2021-10,0.0033333333333333335
8919892162361650175,2021-10,0.0
8919892162361650175,2021-10,0.0033333333333333335
8919892162361650175,2021-11,0.08333333333333333
8919892162361650175,2021-11,0.023333333333333334
2033394215069562776,2021-10,0.06
2033394215069562776,2021-10,0.013333333333333334
2033394215069562776,2021-11,0.04
2033394215069562776,2021-11,0.16
2033394215069562776,2021-11,0.043333333333333335
1069093308328204542,2021-10,0.0033333333333333335
1069093308328204542,2021-10,0.0
3941676647656952109,2021-10,0.24
3941676647656952109,2021-10,0.37
3941676647656952109,2021-11,0.5466666666666666
3941676647656952109,2021-11,0.25666666666666665
3941676647656952109,2021-11,0.18333333333333332
2451708306555441014,2021-10,0.0
2451708306555441014,2021-11,0.006666666666666667
3812760626052898456,2021-10,0.0033333333333333335
3812760626052898456,2021-11,0.006666666666666667
1366416810235233769,2021-10,0.013333333333333334
1366416810235233769,2021-10,0.18666666666666668
1366416810235233769,2021-10,0.0
1366416810235233769,2021-11,0.22442063492063488
1366416810235233769,2021-11,0.13666666666666666
2302464746243069589,2021-10,0.016666666666666666
2302464746243069589,2021-10,0.013333333333333334
2302464746243069589,2021-11,0.0
4850722092974676955,2021-10,0.0
6367769402148499693,2021-10,0.0033333333333333335
6367769402148499693,2021-10,0.23666666666666666
6367769402148499693,2021-11,0.18333333333333332
4935929591787890253,2021-10,0.013333333333333334
4935929591787890253,2021-10,0.01
4935929591787890253,2021-11,0.20666666666666667
4935929591787890253,2021-11,0.013333333333333334
314309872114206760,2021-10,0.18666666666666668
5369576709077493659,2021-10,0.0033333333333333335
5369576709077493659,2021-10,0.016666666666666666
5369576709077493659,2021-11,0.29172222222222227
5369576709077493659,2021-11,0.0033333333333333335
5369576709077493659,2021-11,0.006666666666666667
5810778736737569699,2021-10,0.02666666666666667
5810778736737569699,2021-10,0.0033333333333333335
5810778736737569699,2021-11,0.05333333333333334
5810778736737569699,2021-11,0.0
1088521227159442264,2021-10,0.02666666666666667
1088521227159442264,2021-10,0.0033333333333333335
1088521227159442264,2021-10,0.006666666666666667
1088521227159442264,2021-10,0.29
1088521227159442264,2021-11,0.0033333333333333335
1088521227159442264,2021-11,0.006666666666666667
1088521227159442264,2021-11,0.2559230769230769
1088521227159442264,2021-11,0.006666666666666667
6518776090651183119,2021-10,0.4633333333333333
1551531256789550891,2021-10,0.0033333333333333335
1551531256789550891,2021-10,0.15666666666666668
1551531256789550891,2021-11,0.016666666666666666
2083323809219952960,2021-10,0.08333333333333333
2083323809219952960,2021-10,0.02
2083323809219952960,2021-10,0.04
2083323809219952960,2021-10,0.13
2083323809219952960,2021-11,0.016666666666666666
2083323809219952960,2021-11,0.06
2083323809219952960,2021-11,0.03333333333333333
2083323809219952960,2021-11,0.023333333333333334
1292049196559782171,2021-10,0.023333333333333334
1292049196559782171,2021-10,0.006666666666666667
1292049196559782171,2021-10,0.0033333333333333335
1292049196559782171,2021-10,0.016666666666666666
1292049196559782171,2021-10,0.03
1292049196559782171,2021-10,0.05333333333333334
1292049196559782171,2021-11,0.03666666666666667
1292049196559782171,2021-11,0.0033333333333333335
1292049196559782171,2021-11,0.016666666666666666
1292049196559782171,2021-11,0.01
1292049196559782171,2021-11,0.013333333333333334
3591324331706630867,2021-10,0.02
3591324331706630867,2021-10,0.08
3591324331706630867,2021-11,0.006666666666666667
2382123267535341265,2021-10,0.0033333333333333335
8609938720215175911,2021-10,0.016666666666666666
8609938720215175911,2021-10,0.0
8609938720215175911,2021-10,0.01
8609938720215175911,2021-10,0.11666666666666667
8609938720215175911,2021-11,0.0033333333333333335
8609938720215175911,2021-11,0.043333333333333335
8609938720215175911,2021-11,0.0
8609938720215175911,2021-11,0.15631423200073086
8609938720215175911,2021-11,0.0
2808145376905474927,2021-10,0.006666666666666667
2808145376905474927,2021-11,0.02666666666666667
2808145376905474927,2021-11,0.01
7750874287225529604,2021-10,0.013333333333333334
7750874287225529604,2021-10,0.08666666666666667
7750874287225529604,2021-10,0.08
7750874287225529604,2021-11,0.01
7750874287225529604,2021-11,0.02
6969348581033924947,2021-10,0.013333333333333334
6969348581033924947,2021-10,0.0033333333333333335
6969348581033924947,2021-10,0.08333333333333333
6969348581033924947,2021-10,0.056666666666666664
6969348581033924947,2021-10,0.03666666666666667
6969348581033924947,2021-11,0.01
6969348581033924947,2021-11,0.043333333333333335
6969348581033924947,2021-11,0.08666666666666667
6969348581033924947,2021-11,0.0033333333333333335
6969348581033924947,2021-11,0.07333333333333333
5931905128207886847,2021-10,0.04666666666666667
8252215766413781202,2021-10,0.056666666666666664
2645324649046215594,2021-10,0.0
2645324649046215594,2021-10,0.0033333333333333335
2645324649046215594,2021-10,0.06666666666666667
2645324649046215594,2021-10,0.023333333333333334
2645324649046215594,2021-11,0.02
2645324649046215594,2021-11,0.013333333333333334
2645324649046215594,2021-11,0.0
2645324649046215594,2021-11,0.023333333333333334
2645324649046215594,2021-11,0.04666666666666667
6916556752218696485,2021-10,0.023333333333333334
6916556752218696485,2021-10,0.02
6916556752218696485,2021-10,0.02
6916556752218696485,2021-10,0.006666666666666667
6916556752218696485,2021-10,0.0033333333333333335
6916556752218696485,2021-10,0.04
6916556752218696485,2021-10,0.013333333333333334
6916556752218696485,2021-10,0.03
6916556752218696485,2021-10,0.0033333333333333335
6916556752218696485,2021-10,0.12666666666666668
6916556752218696485,2021-11,0.3181111111111111
6916556752218696485,2021-11,0.01
6916556752218696485,2021-11,0.02
6916556752218696485,2021-11,0.02
6916556752218696485,2021-11,0.016666666666666666
6916556752218696485,2021-11,0.006666666666666667
6916556752218696485,2021-11,0.0033333333333333335
6916556752218696485,2021-11,0.0033333333333333335
4210463673385510745,2021-10,0.013333333333333334
4210463673385510745,2021-10,0.0
4210463673385510745,2021-11,0.5366666666666666
4210463673385510745,2021-11,0.0
4210463673385510745,2021-11,0.0033333333333333335
4679462479444735708,2021-10,0.0033333333333333335
4679462479444735708,2021-10,0.5983333333333334
4679462479444735708,2021-10,0.016666666666666666
4679462479444735708,2021-11,0.043333333333333335
4679462479444735708,2021-11,0.02
4237135112070444140,2021-10,0.20333333333333334
4237135112070444140,2021-10,0.26
4237135112070444140,2021-11,0.19
7177785309735471560,2021-10,0.01
7177785309735471560,2021-10,0.0
7177785309735471560,2021-10,0.0033333333333333335
7177785309735471560,2021-10,0.0
7177785309735471560,2021-11,0.03666666666666667
7177785309735471560,2021-11,0.01
7177785309735471560,2021-11,0.0
1097345589386012260,2021-10,0.016666666666666666
1097345589386012260,2021-10,0.02
1097345589386012260,2021-11,0.006666666666666667
1097345589386012260,2021-11,0.013333333333333334
8385636129786687263,2021-10,0.07666666666666666
8385636129786687263,2021-10,0.0033333333333333335
8385636129786687263,2021-11,0.043333333333333335
873223039957991123,2021-10,0.17
8313765100460016738,2021-10,0.02666666666666667
8313765100460016738,2021-10,0.056666666666666664
8313765100460016738,2021-10,0.23
8313765100460016738,2021-10,0.006666666666666667
8313765100460016738,2021-11,0.006666666666666667
8163895533020293251,2021-10,0.01
8163895533020293251,2021-10,0.37333333333333335
8163895533020293251,2021-11,0.45666666666666667
8163895533020293251,2021-11,0.21447751322751324
7930925883736021864,2021-10,0.013333333333333334
7930925883736021864,2021-10,0.0
7930925883736021864,2021-10,0.006666666666666667
7930925883736021864,2021-10,0.013333333333333334
7930925883736021864,2021-10,0.013333333333333334
7930925883736021864,2021-10,0.006666666666666667
7930925883736021864,2021-10,0.0
7930925883736021864,2021-10,0.0033333333333333335
7930925883736021864,2021-10,0.0
7930925883736021864,2021-11,0.15631423200073086
7930925883736021864,2021-11,0.06
7930925883736021864,2021-11,0.056666666666666664
7930925883736021864,2021-11,0.006666666666666667
7930925883736021864,2021-11,0.0
7930925883736021864,2021-11,0.01
7930925883736021864,2021-11,0.0033333333333333335
7930925883736021864,2021-11,0.0033333333333333335
7930925883736021864,2021-11,0.006666666666666667
5577659616907513811,2021-10,0.02666666666666667
5577659616907513811,2021-11,0.19
5577659616907513811,2021-11,0.0033333333333333335
2771214050521171719,2021-10,0.016666666666666666
2771214050521171719,2021-11,0.11666666666666667
2771214050521171719,2021-11,0.03
2771214050521171719,2021-11,0.0033333333333333335
824632039241482307,2021-10,0.18166666666666667
4071158585850879204,2021-10,0.023333333333333334
4071158585850879204,2021-10,0.0033333333333333335
4071158585850879204,2021-11,0.06
4071158585850879204,2021-11,0.0
4071158585850879204,2021-11,0.07666666666666666
4071158585850879204,2021-11,0.18
6486277549325701534,2021-10,0.0033333333333333335
6486277549325701534,2021-11,0.0
4995217181024687397,2021-10,0.01
4995217181024687397,2021-10,0.0033333333333333335
4995217181024687397,2021-11,0.0033333333333333335
4995217181024687397,2021-11,0.0033333333333333335
2870813069335519467,2021-10,0.04
340285351737204923,2021-10,0.016666666666666666
340285351737204923,2021-10,0.043333333333333335
340285351737204923,2021-10,0.01
8287608084245946173,2021-10,0.016666666666666666
8287608084245946173,2021-10,0.03333333333333333
8287608084245946173,2021-10,0.01
8287608084245946173,2021-10,0.0033333333333333335
8287608084245946173,2021-11,0.17
8287608084245946173,2021-11,0.006666666666666667
8287608084245946173,2021-11,0.023333333333333334
8287608084245946173,2021-11,0.0
1977574645216036803,2021-10,0.006666666666666667
1977574645216036803,2021-11,0.01
1977574645216036803,2021-11,0.01
4571290108043699959,2021-10,0.02
4571290108043699959,2021-10,0.0033333333333333335
4571290108043699959,2021-11,0.013333333333333334
4571290108043699959,2021-11,0.23523569023569024
4571290108043699959,2021-11,0.0033333333333333335
4571290108043699959,2021-11,0.03333333333333333
4571290108043699959,2021-11,0.0
3095686599956852697,2021-10,0.01
3095686599956852697,2021-10,0.12
3095686599956852697,2021-11,0.01
3095686599956852697,2021-11,0.01
4593070249039532001,2021-10,0.006666666666666667
4593070249039532001,2021-11,0.0
4593070249039532001,2021-11,0.016666666666666666
4045739494965095560,2021-10,0.01
4045739494965095560,2021-10,0.0033333333333333335
4045739494965095560,2021-10,0.0
4045739494965095560,2021-10,0.2
4045739494965095560,2021-10,0.043333333333333335
4045739494965095560,2021-11,0.0033333333333333335
4045739494965095560,2021-11,0.0033333333333333335
4045739494965095560,2021-11,0.023333333333333334
4045739494965095560,2021-11,0.0
4045739494965095560,2021-11,0.023333333333333334
4045739494965095560,2021-11,0.0
4045739494965095560,2021-11,0.016666666666666666
7085295800541340563,2021-10,0.016666666666666666
7085295800541340563,2021-10,0.13
7085295800541340563,2021-10,0.09
7085295800541340563,2021-10,0.013333333333333334
7085295800541340563,2021-10,0.19666666666666666
7085295800541340563,2021-10,0.03
7085295800541340563,2021-11,0.11666666666666667
7085295800541340563,2021-11,0.0
7085295800541340563,2021-11,0.0033333333333333335
6238903426443761049,2021-10,0.02666666666666667
6238903426443761049,2021-10,0.02666666666666667
6238903426443761049,2021-10,0.016666666666666666
6238903426443761049,2021-10,0.016666666666666666
6238903426443761049,2021-10,0.0033333333333333335
6238903426443761049,2021-10,0.01
6238903426443761049,2021-10,0.0
6238903426443761049,2021-11,0.03
6238903426443761049,2021-11,0.006666666666666667
6238903426443761049,2021-11,0.04
8826489829259520138,2021-10,0.006666666666666667
8826489829259520138,2021-11,0.043333333333333335
8826489829259520138,2021-11,0.2559230769230769
8826489829259520138,2021-11,0.03
5166128847048245697,2021-10,0.0033333333333333335
5166128847048245697,2021-10,0.006666666666666667
5166128847048245697,2021-10,0.08666666666666667
5166128847048245697,2021-11,0.01
5166128847048245697,2021-11,0.013333333333333334
4465150716052427320,2021-10,0.016666666666666666
4465150716052427320,2021-11,0.016666666666666666
4465150716052427320,2021-11,0.0
4465150716052427320,2021-11,0.0
7595945751692012281,2021-10,0.013333333333333334
7595945751692012281,2021-10,0.0033333333333333335
2493305884832539159,2021-10,0.043333333333333335
2493305884832539159,2021-10,0.03333333333333333
324916756972236008,2021-10,0.006666666666666667
324916756972236008,2021-10,0.06333333333333334
324916756972236008,2021-10,0.006666666666666667
324916756972236008,2021-10,0.013333333333333334
324916756972236008,2021-10,0.023333333333333334
324916756972236008,2021-11,0.01
324916756972236008,2021-11,0.0033333333333333335
8994944800097997361,2021-10,0.01
8994944800097997361,2021-11,0.0033333333333333335
8994944800097997361,2021-11,0.04666666666666667
8706851346184249504,2021-10,0.03333333333333333
8706851346184249504,2021-10,0.05
8706851346184249504,2021-11,0.0
8706851346184249504,2021-11,0.016666666666666666
3713742318997880410,2021-10,0.006666666666666667
3713742318997880410,2021-10,0.023333333333333334
1708019696828098378,2021-10,0.013333333333333334
1708019696828098378,2021-10,0.006666666666666667
1708019696828098378,2021-11,0.0033333333333333335
3022528659032597047,2021-10,0.03
3022528659032597047,2021-10,0.07333333333333333
3022528659032597047,2021-11,0.0
3022528659032597047,2021-11,0.0033333333333333335
7708030042671632236,2021-10,0.03
7708030042671632236,2021-10,0.02
7708030042671632236,2021-10,0.0
5440313607363845188,2021-10,0.0
5440313607363845188,2021-11,0.07333333333333333
5383359512938607117,2021-10,0.0033333333333333335
3263212305228307743,2021-10,0.013333333333333334
3263212305228307743,2021-11,0.02
3263212305228307743,2021-11,0.006666666666666667
2598475569074240783,2021-10,0.0033333333333333335
2598475569074240783,2021-10,0.15666666666666668
2598475569074240783,2021-11,0.03666666666666667
1617695035450525647,2021-10,0.0033333333333333335
1617695035450525647,2021-10,0.0
1617695035450525647,2021-10,0.02666666666666667
1617695035450525647,2021-10,0.15
1617695035450525647,2021-10,0.2866666666666667
1617695035450525647,2021-10,0.0033333333333333335
1617695035450525647,2021-11,0.0
3634047863995720708,2021-10,0.03666666666666667
3634047863995720708,2021-10,0.06
1951407691087813358,2021-10,0.01
1951407691087813358,2021-11,0.006666666666666667
1951407691087813358,2021-11,0.02
6817075905797098547,2021-10,0.19333333333333333
6817075905797098547,2021-10,0.16
6817075905797098547,2021-10,0.15333333333333332
6817075905797098547,2021-11,0.14
644457054514416604,2021-10,0.03666666666666667
472772897496154354,2021-10,0.03666666666666667
472772897496154354,2021-11,0.013333333333333334
2550506309527280168,2021-10,0.03
6681781879793693802,2021-10,0.1
6681781879793693802,2021-11,0.0
4008627434689715639,2021-10,0.023333333333333334
4008627434689715639,2021-11,0.04666666666666667
5753677550753111444,2021-10,0.12666666666666668
5753677550753111444,2021-10,0.0
5753677550753111444,2021-10,0.013333333333333334
5753677550753111444,2021-10,0.0033333333333333335
5753677550753111444,2021-11,0.02666666666666667
6198047969028248384,2021-10,0.0
6198047969028248384,2021-10,0.006666666666666667
6198047969028248384,2021-11,0.01
924957821424248698,2021-10,0.006666666666666667
924957821424248698,2021-10,0.0033333333333333335
924957821424248698,2021-10,0.0
924957821424248698,2021-11,0.0
924957821424248698,2021-11,0.013333333333333334
1003144834589372198,2021-10,0.04
1003144834589372198,2021-10,0.0
1003144834589372198,2021-10,0.02666666666666667
1003144834589372198,2021-10,0.0
1003144834589372198,2021-10,0.0
1003144834589372198,2021-10,0.0
1003144834589372198,2021-11,0.043333333333333335
1003144834589372198,2021-11,0.013333333333333334
1003144834589372198,2021-11,0.016666666666666666
1003144834589372198,2021-11,0.0033333333333333335
1003144834589372198,2021-11,0.013333333333333334
1003144834589372198,2021-11,0.013333333333333334
1003144834589372198,2021-11,0.006666666666666667
1003144834589372198,2021-11,0.0033333333333333335
6858769421191999702,2021-10,0.06666666666666667
6858769421191999702,2021-11,0.01
7707459425750676368,2021-10,0.69
1467843186411742274,2021-10,0.02
1467843186411742274,2021-11,0.0
1467843186411742274,2021-11,0.013333333333333334
2006188298374001315,2021-10,0.006666666666666667
2006188298374001315,2021-11,0.05333333333333334
8512214463586144353,2021-10,0.09
8512214463586144353,2021-10,0.0033333333333333335
8512214463586144353,2021-11,0.02666666666666667
8512214463586144353,2021-11,0.1
1477629972594346481,2021-10,0.0033333333333333335
1477629972594346481,2021-11,0.043333333333333335
1477629972594346481,2021-11,0.023333333333333334
3660744270380078352,2021-10,0.0
3660744270380078352,2021-10,0.016666666666666666
3660744270380078352,2021-11,0.07
3660744270380078352,2021-11,0.006666666666666667
3660744270380078352,2021-11,0.013333333333333334
3660744270380078352,2021-11,0.09666666666666666
417157680860985231,2021-10,0.0
417157680860985231,2021-10,0.5433333333333334
417157680860985231,2021-10,0.0
417157680860985231,2021-10,0.0033333333333333335
417157680860985231,2021-10,0.0
417157680860985231,2021-10,0.03666666666666667
417157680860985231,2021-11,0.12333333333333334
417157680860985231,2021-11,0.03333333333333333
417157680860985231,2021-11,0.0
417157680860985231,2021-11,0.0
524026009392362402,2021-10,0.5966666666666667
8348574220426911086,2021-10,0.0
8348574220426911086,2021-10,0.016666666666666666
8348574220426911086,2021-10,0.013333333333333334
8348574220426911086,2021-10,0.07
8348574220426911086,2021-11,0.013333333333333334
187117706370645370,2021-10,0.02666666666666667
187117706370645370,2021-10,0.006666666666666667
187117706370645370,2021-10,0.07333333333333333
187117706370645370,2021-11,0.013333333333333334
187117706370645370,2021-11,0.021333333333333336
187117706370645370,2021-11,0.006666666666666667
187117706370645370,2021-11,0.016666666666666666
8255085612985072878,2021-10,0.2833333333333333
8255085612985072878,2021-11,0.07333333333333333
8255085612985072878,2021-11,0.12666666666666668
8343941262792249232,2021-10,0.013333333333333334
8343941262792249232,2021-10,0.03666666666666667
8343941262792249232,2021-10,0.15
8343941262792249232,2021-10,0.09
8343941262792249232,2021-11,0.09666666666666666
3977861004707764824,2021-10,0.0033333333333333335
3977861004707764824,2021-10,0.0033333333333333335
3977861004707764824,2021-10,0.0
3977861004707764824,2021-10,0.006666666666666667
3977861004707764824,2021-10,0.09333333333333334
3977861004707764824,2021-10,0.0033333333333333335
3977861004707764824,2021-10,0.013333333333333334
3977861004707764824,2021-10,0.0
3977861004707764824,2021-10,0.023333333333333334
3977861004707764824,2021-11,0.06333333333333334
3977861004707764824,2021-11,0.006666666666666667
3977861004707764824,2021-11,0.01
3977861004707764824,2021-11,0.04666666666666667
3977861004707764824,2021-11,0.05333333333333334
3977861004707764824,2021-11,0.02
3977861004707764824,2021-11,0.19333333333333333
7458891296671174680,2021-10,0.17333333333333334
7458891296671174680,2021-10,0.42
2371917341091102894,2021-10,0.01
2371917341091102894,2021-10,0.01
2371917341091102894,2021-10,0.05333333333333334
465309249432033993,2021-10,0.01
465309249432033993,2021-10,0.13666666666666666
465309249432033993,2021-10,0.056666666666666664
465309249432033993,2021-11,0.07666666666666666
465309249432033993,2021-11,0.09333333333333334
465309249432033993,2021-11,0.006666666666666667
465309249432033993,2021-11,0.06333333333333334
1717812527056208209,2021-10,0.056666666666666664
1717812527056208209,2021-11,0.05
3629889536335411116,2021-10,0.09
2408009918678280470,2021-10,0.0
2408009918678280470,2021-10,0.013333333333333334
2408009918678280470,2021-10,0.006666666666666667
2408009918678280470,2021-10,0.0033333333333333335
2408009918678280470,2021-10,0.006666666666666667
2408009918678280470,2021-10,0.0
2408009918678280470,2021-11,0.06333333333333334
2408009918678280470,2021-11,0.01
2408009918678280470,2021-11,0.10666666666666667
2408009918678280470,2021-11,0.013333333333333334
5883155883105348987,2021-10,0.013333333333333334
5883155883105348987,2021-10,0.0
5883155883105348987,2021-10,0.016666666666666666
5883155883105348987,2021-10,0.09
5883155883105348987,2021-10,0.016666666666666666
5883155883105348987,2021-10,0.016666666666666666
5883155883105348987,2021-10,0.14666666666666667
5883155883105348987,2021-10,0.28
5883155883105348987,2021-11,0.27
5883155883105348987,2021-11,0.05333333333333334
5883155883105348987,2021-11,0.04666666666666667
5883155883105348987,2021-11,0.205
5883155883105348987,2021-11,0.06333333333333334
5883155883105348987,2021-11,0.02
5883155883105348987,2021-11,0.13
5883155883105348987,2021-11,0.006666666666666667
5883155883105348987,2021-11,0.4483333333333333
2619109825960703851,2021-10,0.023333333333333334
2619109825960703851,2021-10,0.03333333333333333
2619109825960703851,2021-11,0.06666666666666667
2619109825960703851,2021-11,0.043333333333333335
2619109825960703851,2021-11,0.043333333333333335
2619109825960703851,2021-11,0.07333333333333333
8729164666041467296,2021-10,0.006666666666666667
3472934456083131714,2021-10,0.5116666666666667
3472934456083131714,2021-10,0.006666666666666667
3472934456083131714,2021-11,0.03333333333333333
6546850858912852316,2021-10,0.03666666666666667
6546850858912852316,2021-10,0.0033333333333333335
2397171153213063761,2021-10,0.023333333333333334
2397171153213063761,2021-10,0.006666666666666667
2397171153213063761,2021-10,0.0033333333333333335
2397171153213063761,2021-11,0.10666666666666667
2397171153213063761,2021-11,0.013333333333333334
2397171153213063761,2021-11,0.04666666666666667
2397171153213063761,2021-11,0.0
2397171153213063761,2021-11,0.01
2397171153213063761,2021-11,0.013333333333333334
1044568737046072781,2021-10,0.016666666666666666
1044568737046072781,2021-10,0.0
1044568737046072781,2021-10,0.023333333333333334
1044568737046072781,2021-11,0.11333333333333333
1044568737046072781,2021-11,0.07333333333333333
5306165689101138983,2021-10,0.023333333333333334
8733525963966339207,2021-10,0.01
8733525963966339207,2021-10,0.006666666666666667
8733525963966339207,2021-10,0.14666666666666667
8733525963966339207,2021-11,0.6818888888888889
3137879241768961145,2021-10,0.0
3137879241768961145,2021-10,0.0
3137879241768961145,2021-10,0.04666666666666667
3137879241768961145,2021-11,0.33666666666666667
3137879241768961145,2021-11,0.013333333333333334
6122719618012473549,2021-10,0.02
6122719618012473549,2021-11,0.0033333333333333335
6122719618012473549,2021-11,0.023333333333333334
8901696535927078963,2021-10,0.016666666666666666
8901696535927078963,2021-10,0.0
8901696535927078963,2021-10,0.0
8901696535927078963,2021-11,0.14341949515862557
8901696535927078963,2021-11,0.006666666666666667
8901696535927078963,2021-11,0.013333333333333334
8724731934863284019,2021-10,0.01
8724731934863284019,2021-10,0.006666666666666667
8724731934863284019,2021-10,0.006666666666666667
8724731934863284019,2021-11,0.06333333333333334
8724731934863284019,2021-11,0.24321693121693125
8724731934863284019,2021-11,0.02
8724731934863284019,2021-11,0.0033333333333333335
4335865859049992260,2021-10,0.01
4335865859049992260,2021-10,0.0
4335865859049992260,2021-10,0.0
4335865859049992260,2021-10,0.0033333333333333335
4335865859049992260,2021-11,0.37666666666666665
4335865859049992260,2021-11,0.006666666666666667
4335865859049992260,2021-11,0.0
5999145415800242177,2021-10,0.0033333333333333335
5999145415800242177,2021-10,0.09333333333333334
5999145415800242177,2021-11,0.006666666666666667
5999145415800242177,2021-11,0.0
5999145415800242177,2021-11,0.006666666666666667
8213533889694327948,2021-10,0.016666666666666666
8213533889694327948,2021-10,0.0033333333333333335
8213533889694327948,2021-10,0.02666666666666667
8213533889694327948,2021-10,0.013333333333333334
8213533889694327948,2021-11,0.02
8213533889694327948,2021-11,0.016666666666666666
8213533889694327948,2021-11,0.0033333333333333335
8213533889694327948,2021-11,0.06333333333333334
8213533889694327948,2021-11,0.03666666666666667
6721448955097663572,2021-10,0.006666666666666667
6721448955097663572,2021-10,0.0
6721448955097663572,2021-10,0.0
6721448955097663572,2021-10,0.013333333333333334
6721448955097663572,2021-10,0.01
6721448955097663572,2021-11,0.07333333333333333
5263285038415073073,2021-10,0.013333333333333334
5263285038415073073,2021-10,0.0
3036967290595689189,2021-10,0.01
1192891347324061812,2021-10,0.0
1192891347324061812,2021-10,0.013333333333333334
1192891347324061812,2021-10,0.0033333333333333335
1192891347324061812,2021-10,0.006666666666666667
1192891347324061812,2021-10,0.0033333333333333335
1192891347324061812,2021-10,0.006666666666666667
1192891347324061812,2021-11,0.02
1192891347324061812,2021-11,0.02
1192891347324061812,2021-11,0.0033333333333333335
1192891347324061812,2021-11,0.0033333333333333335
1192891347324061812,2021-11,0.0033333333333333335
1192891347324061812,2021-11,0.006666666666666667
1192891347324061812,2021-11,0.0033333333333333335
5048392903148444335,2021-10,0.0033333333333333335
5048392903148444335,2021-11,0.013333333333333334
1276604410881911401,2021-10,0.10666666666666667
1276604410881911401,2021-10,0.043333333333333335
1276604410881911401,2021-10,0.08
1276604410881911401,2021-10,0.05333333333333334
1276604410881911401,2021-10,0.03
1276604410881911401,2021-11,0.17
1276604410881911401,2021-11,0.06666666666666667
1276604410881911401,2021-11,0.09
1329553496073467331,2021-10,0.0
8779038337925278543,2021-10,0.013333333333333334
761746217261797478,2021-10,0.0
761746217261797478,2021-10,0.0033333333333333335
761746217261797478,2021-11,0.056666666666666664
761746217261797478,2021-11,0.006666666666666667
2983174282784691273,2021-10,0.0033333333333333335
2983174282784691273,2021-10,0.006666666666666667
2983174282784691273,2021-10,0.006666666666666667
2983174282784691273,2021-11,0.29011111111111115
5122095358293179297,2021-10,0.01
5122095358293179297,2021-10,0.0033333333333333335
5122095358293179297,2021-11,0.04
5122095358293179297,2021-11,0.2879285714285714
5122095358293179297,2021-11,0.03333333333333333
3480297543931395935,2021-10,0.14333333333333334
3480297543931395935,2021-10,0.08333333333333333
5058298901476893676,2021-10,0.06
5058298901476893676,2021-11,0.0
5058298901476893676,2021-11,0.09333333333333334
8464809590757561185,2021-10,0.023333333333333334
8464809590757561185,2021-10,0.01
8464809590757561185,2021-10,0.02
8464809590757561185,2021-10,0.07333333333333333
8464809590757561185,2021-11,0.05
8464809590757561185,2021-11,0.3225555555555556
8464809590757561185,2021-11,0.02666666666666667
8464809590757561185,2021-11,0.0
6941381638534728190,2021-10,0.0033333333333333335
6941381638534728190,2021-11,0.3508806289026879
6941381638534728190,2021-11,0.006666666666666667
6941381638534728190,2021-11,0.0033333333333333335
6941381638534728190,2021-11,0.0033333333333333335
3355881107559250653,2021-10,0.0
3355881107559250653,2021-10,0.013333333333333334
3355881107559250653,2021-10,0.0033333333333333335
3355881107559250653,2021-10,0.0
3355881107559250653,2021-10,0.013333333333333334
3355881107559250653,2021-10,0.01
3355881107559250653,2021-11,0.09
3355881107559250653,2021-11,0.6933333333333334
3355881107559250653,2021-11,0.016666666666666666
3355881107559250653,2021-11,0.006666666666666667
6118873739225005756,2021-10,0.02
6118873739225005756,2021-10,0.03
8067924767167570288,2021-10,0.013333333333333334
8067924767167570288,2021-10,0.043333333333333335
6826420906256954294,2021-10,0.06666666666666667
8536980239903840341,2021-10,0.08
8536980239903840341,2021-10,0.013333333333333334
8536980239903840341,2021-10,0.06
8536980239903840341,2021-11,0.043333333333333335
8536980239903840341,2021-11,0.0
1192810733461560329,2021-10,0.01
1192810733461560329,2021-10,0.13
1192810733461560329,2021-10,0.006666666666666667
1192810733461560329,2021-10,0.02666666666666667
1192810733461560329,2021-10,0.25333333333333335
1192810733461560329,2021-11,0.013333333333333334
1192810733461560329,2021-11,0.01
1192810733461560329,2021-11,0.013333333333333334
1192810733461560329,2021-11,0.0
4489904752023469353,2021-10,0.08333333333333333
4489904752023469353,2021-10,0.02
4489904752023469353,2021-11,0.23625641025641025
4489904752023469353,2021-11,0.07333333333333333
5880041582322293710,2021-10,0.01
5880041582322293710,2021-10,0.0033333333333333335
5880041582322293710,2021-10,0.06
5880041582322293710,2021-10,0.06
5880041582322293710,2021-10,0.056666666666666664
5880041582322293710,2021-10,0.10333333333333333
5108407319813072955,2021-10,0.09333333333333334
5108407319813072955,2021-10,0.0
5108407319813072955,2021-10,0.03333333333333333
5108407319813072955,2021-10,0.03
5108407319813072955,2021-11,0.01
5108407319813072955,2021-11,0.006666666666666667
4740535838297269949,2021-10,0.0033333333333333335
4740535838297269949,2021-11,0.016666666666666666
4740535838297269949,2021-11,0.0033333333333333335
2467590416042313927,2021-10,0.0033333333333333335
2467590416042313927,2021-11,0.0
8909740532547211288,2021-10,0.006666666666666667
8909740532547211288,2021-10,0.03333333333333333
8909740532547211288,2021-10,0.0
8909740532547211288,2021-11,0.006666666666666667
8909740532547211288,2021-11,0.023333333333333334
7963861799566207637,2021-10,0.0033333333333333335
7963861799566207637,2021-10,0.03333333333333333
7963861799566207637,2021-10,0.03666666666666667
7963861799566207637,2021-11,0.02
274692171162531764,2021-10,0.12666666666666668
274692171162531764,2021-10,0.07
5499433941404698208,2021-10,0.01
5499433941404698208,2021-10,0.06333333333333334
5499433941404698208,2021-11,0.13333333333333333
660382477567765256,2021-10,0.006666666666666667
660382477567765256,2021-10,0.0
660382477567765256,2021-11,0.07333333333333333
660382477567765256,2021-11,0.01
5993765508162121762,2021-10,0.013333333333333334
5993765508162121762,2021-10,0.0033333333333333335
5993765508162121762,2021-11,0.02
5993765508162121762,2021-11,0.043333333333333335
5993765508162121762,2021-11,0.0033333333333333335
1536087798470875922,2021-10,0.05333333333333334
1536087798470875922,2021-10,0.016666666666666666
1536087798470875922,2021-11,0.06
8564920972266217847,2021-10,0.006666666666666667
8564920972266217847,2021-11,0.16
8564920972266217847,2021-11,0.04666666666666667
6330043096034525408,2021-10,0.49666666666666665
6330043096034525408,2021-10,0.23333333333333334
6330043096034525408,2021-10,0.6972222222222222
6330043096034525408,2021-10,0.043333333333333335
6330043096034525408,2021-10,0.30333333333333334
6330043096034525408,2021-11,0.10333333333333333
2432667449154431819,2021-10,0.43666666666666665
521351744568531135,2021-10,0.0
521351744568531135,2021-11,0.0033333333333333335
521351744568531135,2021-11,0.01
4414438591613884911,2021-10,0.0033333333333333335
4414438591613884911,2021-11,0.006666666666666667
4414438591613884911,2021-11,0.0033333333333333335
4414438591613884911,2021-11,0.08666666666666667
8961924617442201922,2021-10,0.023333333333333334
8961924617442201922,2021-10,0.0033333333333333335
8961924617442201922,2021-11,0.03
8961924617442201922,2021-11,0.3565
8961924617442201922,2021-11,0.0
8961924617442201922,2021-11,0.016666666666666666
717981637594591016,2021-10,0.47
717981637594591016,2021-10,0.0033333333333333335
717981637594591016,2021-10,0.013333333333333334
717981637594591016,2021-10,0.0033333333333333335
5225029212547588718,2021-10,0.006666666666666667
5225029212547588718,2021-10,0.0
5225029212547588718,2021-10,0.0033333333333333335
5225029212547588718,2021-11,0.01
1310335287370721834,2021-10,0.016666666666666666
2455576782104041698,2021-10,0.006666666666666667
2455576782104041698,2021-10,0.0
2455576782104041698,2021-11,0.32588888888888895
5078307295214858596,2021-10,0.06333333333333334
5078307295214858596,2021-10,0.06666666666666667
5078307295214858596,2021-10,0.13
5078307295214858596,2021-10,0.07666666666666666
7710364735942975505,2021-10,0.01
7710364735942975505,2021-10,0.08666666666666667
7710364735942975505,2021-11,0.25026190476190474
7710364735942975505,2021-11,0.016666666666666666
7710364735942975505,2021-11,0.006666666666666667
6532139198609901627,2021-10,0.02666666666666667
6532139198609901627,2021-11,0.056666666666666664
2677901391425651891,2021-10,0.14333333333333334
2677901391425651891,2021-10,0.016666666666666666
2677901391425651891,2021-11,0.03
6457349126437565385,2021-10,0.15333333333333332
6457349126437565385,2021-10,0.21333333333333335
7686361238195690925,2021-10,0.0033333333333333335
7686361238195690925,2021-11,0.02666666666666667
8080988579391900405,2021-10,0.013333333333333334
8080988579391900405,2021-10,0.013333333333333334
8080988579391900405,2021-10,0.08333333333333333
8080988579391900405,2021-10,0.016666666666666666
5303720405946805990,2021-10,0.02666666666666667
5303720405946805990,2021-11,0.04
5303720405946805990,2021-11,0.0033333333333333335
4187591029730357479,2021-10,0.31333333333333335
8874257794774679816,2021-10,0.11
8874257794774679816,2021-10,0.2966666666666667
8874257794774679816,2021-10,0.3566666666666667
8874257794774679816,2021-10,0.3
8874257794774679816,2021-11,0.11666666666666667
8874257794774679816,2021-11,0.12333333333333334
8874257794774679816,2021-11,0.01
8874257794774679816,2021-11,0.06333333333333334
9184785003280841216,2021-10,0.006666666666666667
9184785003280841216,2021-10,0.0
9184785003280841216,2021-11,0.03
9184785003280841216,2021-11,0.006666666666666667
7403979270048469991,2021-10,0.02
2819054834565698513,2021-10,0.03666666666666667
2819054834565698513,2021-10,0.20666666666666667
2819054834565698513,2021-11,0.2866666666666667
2819054834565698513,2021-11,0.0
5611787644735474299,2021-10,0.016666666666666666
5611787644735474299,2021-10,0.0
5611787644735474299,2021-10,0.0
5611787644735474299,2021-10,0.013333333333333334
5611787644735474299,2021-10,0.02
5611787644735474299,2021-10,0.0033333333333333335
5611787644735474299,2021-10,0.01
5611787644735474299,2021-10,0.0
5611787644735474299,2021-11,0.04666666666666667
5611787644735474299,2021-11,0.0033333333333333335
5611787644735474299,2021-11,0.0033333333333333335
5611787644735474299,2021-11,0.0033333333333333335
5611787644735474299,2021-11,0.016666666666666666
8090492548102964782,2021-10,0.39666666666666667
662944582644865942,2021-10,0.02666666666666667
662944582644865942,2021-10,0.0
662944582644865942,2021-10,0.0033333333333333335
662944582644865942,2021-10,0.03
662944582644865942,2021-11,0.0
662944582644865942,2021-11,0.013333333333333334
662944582644865942,2021-11,0.09333333333333334
662944582644865942,2021-11,0.01
662944582644865942,2021-11,0.03
257162352336759783,2021-10,0.02666666666666667
257162352336759783,2021-10,0.01
257162352336759783,2021-10,0.006666666666666667
257162352336759783,2021-11,0.12666666666666668
257162352336759783,2021-11,0.03
257162352336759783,2021-11,0.0033333333333333335
9205015186723569289,2021-10,0.06666666666666667
9205015186723569289,2021-11,0.01
4661684997487171886,2021-10,0.01
4661684997487171886,2021-10,0.0033333333333333335
4661684997487171886,2021-10,0.006666666666666667
4661684997487171886,2021-11,0.02
4661684997487171886,2021-11,0.01
4661684997487171886,2021-11,0.08333333333333333
4661684997487171886,2021-11,0.0033333333333333335
4661684997487171886,2021-11,0.0
4661684997487171886,2021-11,0.03
4365965554261111250,2021-10,0.07666666666666666
4365965554261111250,2021-10,0.07
6885171468891031140,2021-10,0.016666666666666666
5067621068959932809,2021-10,0.0033333333333333335
5067621068959932809,2021-10,0.006666666666666667
5067621068959932809,2021-10,0.006666666666666667
5067621068959932809,2021-10,0.01
5067621068959932809,2021-10,0.0033333333333333335
5067621068959932809,2021-10,0.01
5067621068959932809,2021-11,0.03
8505870778358741102,2021-10,0.07666666666666666
8505870778358741102,2021-10,0.02666666666666667
8505870778358741102,2021-10,0.05
8505870778358741102,2021-11,0.06666666666666667
8505870778358741102,2021-11,0.06666666666666667
8505870778358741102,2021-11,0.06
5042877476420217533,2021-10,0.023333333333333334
5042877476420217533,2021-10,0.0
5042877476420217533,2021-10,0.04666666666666667
5042877476420217533,2021-11,0.016666666666666666
5042877476420217533,2021-11,0.023333333333333334
1454789421854453615,2021-10,0.006666666666666667
1454789421854453615,2021-10,0.0
1454789421854453615,2021-10,0.15333333333333332
1454789421854453615,2021-10,0.27666666666666667
1454789421854453615,2021-11,0.0
1454789421854453615,2021-11,0.013333333333333334
1454789421854453615,2021-11,0.2559230769230769
1454789421854453615,2021-11,0.056666666666666664
1454789421854453615,2021-11,0.04666666666666667
3807130563335796378,2021-10,0.013333333333333334
4424973922927242822,2021-10,0.0033333333333333335
4424973922927242822,2021-10,0.03
4424973922927242822,2021-10,0.01
1234611356650812259,2021-10,0.03
6545052034269841737,2021-10,0.0
6545052034269841737,2021-10,0.02666666666666667
6545052034269841737,2021-10,0.0033333333333333335
312543480920432545,2021-10,0.006666666666666667
312543480920432545,2021-10,0.0
312543480920432545,2021-10,0.0
312543480920432545,2021-11,0.11
312543480920432545,2021-11,0.2725
312543480920432545,2021-11,0.06
312543480920432545,2021-11,0.01
312543480920432545,2021-11,0.0
312543480920432545,2021-11,0.0033333333333333335
3204108603682323936,2021-10,0.0
3204108603682323936,2021-10,0.013333333333333334
3204108603682323936,2021-10,0.01
3204108603682323936,2021-11,0.02
3204108603682323936,2021-11,0.0
6927178425683104769,2021-10,0.0033333333333333335
6927178425683104769,2021-10,0.0
6927178425683104769,2021-10,0.2866666666666667
6927178425683104769,2021-10,0.08666666666666667
4862285428951244424,2021-10,0.0
4862285428951244424,2021-10,0.0
4862285428951244424,2021-11,0.0033333333333333335
4850936440093751199,2021-10,0.0033333333333333335
4850936440093751199,2021-10,0.006666666666666667
4850936440093751199,2021-10,0.006666666666666667
4850936440093751199,2021-10,0.03
4850936440093751199,2021-10,0.043333333333333335
4850936440093751199,2021-10,0.043333333333333335
4850936440093751199,2021-11,0.07333333333333333
4850936440093751199,2021-11,0.0033333333333333335
8716163053080758848,2021-10,0.0033333333333333335
8716163053080758848,2021-10,0.016666666666666666
8716163053080758848,2021-10,0.0033333333333333335
8716163053080758848,2021-10,0.006666666666666667
8716163053080758848,2021-11,0.006666666666666667
8716163053080758848,2021-11,0.03666666666666667
8716163053080758848,2021-11,0.02
8716163053080758848,2021-11,0.0
7289435138601868544,2021-10,0.023333333333333334
7462607259426026440,2021-10,0.0
7462607259426026440,2021-10,0.07333333333333333
7462607259426026440,2021-10,0.01
7462607259426026440,2021-10,0.03
7535160686416710323,2021-10,0.02
7535160686416710323,2021-10,0.016666666666666666
3156580765759568020,2021-10,0.24333333333333335
3156580765759568020,2021-11,0.043333333333333335
3156580765759568020,2021-11,0.06
8609211777002937758,2021-10,0.0
8609211777002937758,2021-10,0.0
8609211777002937758,2021-11,0.023333333333333334
3285246914299291124,2021-10,0.043333333333333335
3285246914299291124,2021-10,0.07
3285246914299291124,2021-10,0.03333333333333333
3285246914299291124,2021-10,0.05333333333333334
3285246914299291124,2021-11,0.03
3285246914299291124,2021-11,0.03
3285246914299291124,2021-11,0.0033333333333333335
837142477962609471,2021-10,0.023333333333333334
837142477962609471,2021-10,0.22333333333333333
837142477962609471,2021-11,0.03333333333333333
837142477962609471,2021-11,0.02666666666666667
837142477962609471,2021-11,0.056666666666666664
1667173444642500307,2021-10,0.0
6394935036014530592,2021-10,0.0
6394935036014530592,2021-10,0.0
6394935036014530592,2021-10,0.006666666666666667
6394935036014530592,2021-10,0.02
6394935036014530592,2021-11,0.02666666666666667
6394935036014530592,2021-11,0.01
6394935036014530592,2021-11,0.2559230769230769
6394935036014530592,2021-11,0.0033333333333333335
6394935036014530592,2021-11,0.0
6368582840625614207,2021-10,0.023333333333333334
6368582840625614207,2021-10,0.46
7920896580423665241,2021-10,0.006666666666666667
7920896580423665241,2021-10,0.0
7920896580423665241,2021-10,0.07333333333333333
7920896580423665241,2021-10,0.07666666666666666
7920896580423665241,2021-11,0.01
7920896580423665241,2021-11,0.02666666666666667
8041261093764417881,2021-10,0.0
8041261093764417881,2021-10,0.0033333333333333335
8041261093764417881,2021-10,0.01
1182975716201409626,2021-10,0.0
1182975716201409626,2021-10,0.0
1182975716201409626,2021-10,0.0
1182975716201409626,2021-10,0.5283333333333333
1182975716201409626,2021-10,0.0033333333333333335
1182975716201409626,2021-11,0.07666666666666666
1182975716201409626,2021-11,0.0033333333333333335
4717593620120611957,2021-10,0.06666666666666667
4795152981525833467,2021-10,0.0
4795152981525833467,2021-10,0.17333333333333334
4795152981525833467,2021-11,0.013333333333333334
4795152981525833467,2021-11,0.09
4795152981525833467,2021-11,0.0
4795152981525833467,2021-11,0.0
6448580780254847411,2021-10,0.0
6448580780254847411,2021-10,0.0
6448580780254847411,2021-11,0.0
4724876423989598202,2021-10,0.02
4724876423989598202,2021-10,0.08666666666666667
4724876423989598202,2021-10,0.03
4724876423989598202,2021-10,0.0033333333333333335
4724876423989598202,2021-11,0.09
4724876423989598202,2021-11,0.01
4724876423989598202,2021-11,0.023333333333333334
4724876423989598202,2021-11,0.09666666666666666
1637960623843047520,2021-10,0.01
8045116560666679751,2021-10,0.0
4018182555897034052,2021-10,0.0
4018182555897034052,2021-10,0.0
4018182555897034052,2021-10,0.0033333333333333335
4018182555897034052,2021-10,0.04666666666666667
4018182555897034052,2021-10,0.01
4018182555897034052,2021-10,0.0
3970572142453508637,2021-10,0.16666666666666666
3970572142453508637,2021-11,0.21303968253968256
7590999900861381526,2021-10,0.0033333333333333335
7590999900861381526,2021-10,0.02
7590999900861381526,2021-11,0.17333333333333334
6985631100944640910,2021-10,0.03
6985631100944640910,2021-10,0.006666666666666667
4541506527938763361,2021-10,0.02
4541506527938763361,2021-11,0.0033333333333333335
5758033363847724111,2021-10,0.006666666666666667
5758033363847724111,2021-11,0.01
5758033363847724111,2021-11,0.023333333333333334
5758033363847724111,2021-11,0.0
5758033363847724111,2021-11,0.08666666666666667
7770458886439606839,2021-10,0.09666666666666666
7770458886439606839,2021-10,0.12333333333333334
7770458886439606839,2021-11,0.22666666666666666
7770458886439606839,2021-11,0.13333333333333333
7770458886439606839,2021-11,0.12
7770458886439606839,2021-11,0.02666666666666667
7770458886439606839,2021-11,0.0
7770458886439606839,2021-11,0.02666666666666667
4604807967654337091,2021-10,0.0
8570963260597299378,2021-10,0.0033333333333333335
8570963260597299378,2021-10,0.0
8570963260597299378,2021-10,0.06
8570963260597299378,2021-11,0.2724444444444445
968199235777440720,2021-10,0.0
968199235777440720,2021-10,0.0033333333333333335
968199235777440720,2021-11,0.016666666666666666
968199235777440720,2021-11,0.016666666666666666
5511113649464808344,2021-10,0.0033333333333333335
5511113649464808344,2021-11,0.013333333333333334
3248432590399829766,2021-10,0.2
3248432590399829766,2021-11,0.06
3248432590399829766,2021-11,0.29172222222222227
3248432590399829766,2021-11,0.03333333333333333
3248432590399829766,2021-11,0.10666666666666667
6582676833651678345,2021-10,0.0033333333333333335
6582676833651678345,2021-10,0.006666666666666667
6582676833651678345,2021-10,0.02666666666666667
6582676833651678345,2021-10,0.26
6582676833651678345,2021-10,0.016666666666666666
6582676833651678345,2021-11,0.02
6582676833651678345,2021-11,0.03333333333333333
6582676833651678345,2021-11,0.006666666666666667
6582676833651678345,2021-11,0.006666666666666667
6582676833651678345,2021-11,0.0
6582676833651678345,2021-11,0.006666666666666667
5487870288449327165,2021-10,0.01
5487870288449327165,2021-11,0.006666666666666667
7269781193318890653,2021-10,0.0
7269781193318890653,2021-11,0.04
2634859679238614382,2021-10,0.02
2634859679238614382,2021-10,0.03666666666666667
2634859679238614382,2021-10,0.0033333333333333335
2634859679238614382,2021-10,0.0
2634859679238614382,2021-11,0.05
2634859679238614382,2021-11,0.03666666666666667
3543162424793477785,2021-10,0.0
3543162424793477785,2021-11,0.02
3543162424793477785,2021-11,0.26111111111111107
3543162424793477785,2021-11,0.023333333333333334
3543162424793477785,2021-11,0.03333333333333333
3543162424793477785,2021-11,0.05
940214356651040716,2021-10,0.023333333333333334
940214356651040716,2021-11,0.03666666666666667
940214356651040716,2021-11,0.0
7848910047105468475,2021-10,0.13
2763141362035716801,2021-10,0.0
2763141362035716801,2021-10,0.0
2763141362035716801,2021-10,0.043333333333333335
2763141362035716801,2021-11,0.0
5574997762710520717,2021-10,0.013333333333333334
5574997762710520717,2021-11,0.10333333333333333
5574997762710520717,2021-11,0.11666666666666667
2508429106201166689,2021-10,0.01
2508429106201166689,2021-10,0.0033333333333333335
2508429106201166689,2021-11,0.08666666666666667
1953058402621337677,2021-10,0.0
9052787288251876909,2021-10,0.01
9052787288251876909,2021-11,0.006666666666666667
287529573188507001,2021-10,0.0
5044097686733078536,2021-10,0.06666666666666667
7751080728852739823,2021-10,0.0033333333333333335
7751080728852739823,2021-10,0.07
7751080728852739823,2021-11,0.01
7751080728852739823,2021-11,0.013333333333333334
7485107528960607346,2021-10,0.0033333333333333335
7485107528960607346,2021-11,0.01
7485107528960607346,2021-11,0.05333333333333334
8536031856585966123,2021-10,0.0033333333333333335
8536031856585966123,2021-10,0.016666666666666666
8536031856585966123,2021-10,0.0033333333333333335
8536031856585966123,2021-10,0.006666666666666667
8536031856585966123,2021-10,0.07
8536031856585966123,2021-11,0.02
8536031856585966123,2021-11,0.02
8536031856585966123,2021-11,0.07666666666666666
3605652314611460806,2021-10,0.02666666666666667
234898976850399181,2021-10,0.016666666666666666
234898976850399181,2021-11,0.12333333333333334
234898976850399181,2021-11,0.013333333333333334
7231408738455755015,2021-10,0.13666666666666666
7231408738455755015,2021-10,0.0033333333333333335
7231408738455755015,2021-10,0.17333333333333334
7231408738455755015,2021-11,0.01
7231408738455755015,2021-11,0.013333333333333334
3668905663669864663,2021-10,0.0033333333333333335
3668905663669864663,2021-11,0.599111111111111
6164364689409425900,2021-10,0.0
6164364689409425900,2021-11,0.06
5606267905834401873,2021-10,0.016666666666666666
5606267905834401873,2021-10,0.016666666666666666
5606267905834401873,2021-11,0.043333333333333335
5606267905834401873,2021-11,0.03333333333333333
5606267905834401873,2021-11,0.043333333333333335
7970976988071755401,2021-10,0.03333333333333333
7970976988071755401,2021-10,0.06
7970976988071755401,2021-11,0.0033333333333333335
7268895973869107930,2021-10,0.006666666666666667
7268895973869107930,2021-10,0.0
7268895973869107930,2021-10,0.03333333333333333
7268895973869107930,2021-10,0.016666666666666666
7268895973869107930,2021-10,0.006666666666666667
7268895973869107930,2021-11,0.03666666666666667
7268895973869107930,2021-11,0.006666666666666667
7268895973869107930,2021-11,0.0
3997247264680905799,2021-10,0.0
3997247264680905799,2021-10,0.02666666666666667
3997247264680905799,2021-10,0.006666666666666667
3997247264680905799,2021-10,0.006666666666666667
3997247264680905799,2021-10,0.08
3997247264680905799,2021-10,0.013333333333333334
3997247264680905799,2021-11,0.0
8123515208041701633,2021-10,0.013333333333333334
8123515208041701633,2021-10,0.043333333333333335
8123515208041701633,2021-11,0.02
8123515208041701633,2021-11,0.0033333333333333335
8123515208041701633,2021-11,0.013333333333333334
6547872039250784411,2021-10,0.4677777777777778
3931892303497206092,2021-10,0.0
3931892303497206092,2021-10,0.0033333333333333335
3931892303497206092,2021-11,0.3405324875374648
3931892303497206092,2021-11,0.006666666666666667
6271697692808086495,2021-10,0.006666666666666667
6271697692808086495,2021-10,0.05
6271697692808086495,2021-10,0.03333333333333333
6271697692808086495,2021-11,0.023333333333333334
1616952665234409442,2021-10,0.02666666666666667
1616952665234409442,2021-10,0.03
1616952665234409442,2021-11,0.15666666666666668
1616952665234409442,2021-11,0.01
8548612698724688238,2021-10,0.0
6633838062940819075,2021-10,0.04666666666666667
6633838062940819075,2021-10,0.006666666666666667
6633838062940819075,2021-11,0.03666666666666667
6633838062940819075,2021-11,0.05
6633838062940819075,2021-11,0.04666666666666667
3093415403379897112,2021-10,0.13
3093415403379897112,2021-10,0.016666666666666666
3093415403379897112,2021-11,0.04
3093415403379897112,2021-11,0.023333333333333334
4785355632922927313,2021-10,0.0
4785355632922927313,2021-10,0.02666666666666667
4785355632922927313,2021-10,0.89
4785355632922927313,2021-10,0.18666666666666668
4785355632922927313,2021-11,0.0
4785355632922927313,2021-11,0.016666666666666666
8748106677402909629,2021-10,0.11666666666666667
1036256411320325774,2021-10,0.02666666666666667
1036256411320325774,2021-10,0.0
1036256411320325774,2021-10,0.22
1036256411320325774,2021-11,0.06666666666666667
1036256411320325774,2021-11,0.03
1036256411320325774,2021-11,0.10666666666666667
1036256411320325774,2021-11,0.043333333333333335
1036256411320325774,2021-11,0.04
8889055492416898333,2021-10,0.0
8889055492416898333,2021-10,0.0
8889055492416898333,2021-11,0.006666666666666667
8889055492416898333,2021-11,0.06
8889055492416898333,2021-11,0.023333333333333334
5795100045494475994,2021-10,0.03
5795100045494475994,2021-10,0.006666666666666667
5795100045494475994,2021-11,0.04
5795100045494475994,2021-11,0.052222222222222225
5726178124659661019,2021-10,0.0
5726178124659661019,2021-10,0.0
5726178124659661019,2021-10,0.0
5726178124659661019,2021-10,0.03333333333333333
5726178124659661019,2021-11,0.02666666666666667
5726178124659661019,2021-11,0.03
5726178124659661019,2021-11,0.01
5726178124659661019,2021-11,0.0033333333333333335
1235244772550233980,2021-10,0.0033333333333333335
1235244772550233980,2021-10,0.31666666666666665
1235244772550233980,2021-10,0.01
1235244772550233980,2021-11,0.03333333333333333
1235244772550233980,2021-11,0.01
7664272163315705419,2021-10,0.0
7664272163315705419,2021-10,0.0
7664272163315705419,2021-11,0.023333333333333334
7664272163315705419,2021-11,0.0033333333333333335
7664272163315705419,2021-11,0.0033333333333333335
7664272163315705419,2021-11,0.0
7120090169052575663,2021-10,0.0
864510931144626280,2021-10,0.0
864510931144626280,2021-11,0.006666666666666667
2535803443850893368,2021-10,0.0033333333333333335
2535803443850893368,2021-11,0.0
4995679129936981612,2021-10,0.0
4995679129936981612,2021-10,0.06333333333333334
4995679129936981612,2021-11,0.043333333333333335
7182085930008391174,2021-10,0.006666666666666667
1002362614649347438,2021-10,0.06666666666666667
1002362614649347438,2021-11,0.16
1002362614649347438,2021-11,0.2559230769230769
1002362614649347438,2021-11,0.006666666666666667
5162636608292907782,2021-10,0.22666666666666666
5162636608292907782,2021-10,0.03333333333333333
7347715771145302549,2021-10,0.023333333333333334
7347715771145302549,2021-10,0.02
7347715771145302549,2021-11,0.03666666666666667
7347715771145302549,2021-11,0.006666666666666667
7347715771145302549,2021-11,0.01
6795467882769787169,2021-10,0.043333333333333335
6795467882769787169,2021-10,0.043333333333333335
6795467882769787169,2021-10,0.013333333333333334
6795467882769787169,2021-10,0.013333333333333334
6795467882769787169,2021-11,0.01
6795467882769787169,2021-11,0.15631423200073086
6795467882769787169,2021-11,0.02666666666666667
6795467882769787169,2021-11,0.04
621182491555347581,2021-10,0.0
621182491555347581,2021-10,0.03
621182491555347581,2021-10,0.006666666666666667
621182491555347581,2021-11,0.006666666666666667
6217788509719675691,2021-10,0.0
6217788509719675691,2021-10,0.0
6217788509719675691,2021-11,0.05
6217788509719675691,2021-11,0.043333333333333335
4858887739802767402,2021-10,0.0
4858887739802767402,2021-11,0.0
3750579377644235511,2021-10,0.0
3750579377644235511,2021-10,0.023333333333333334
2532435113844289043,2021-10,0.0
2532435113844289043,2021-10,0.02666666666666667
2532435113844289043,2021-10,0.006666666666666667
2532435113844289043,2021-11,0.02666666666666667
2532435113844289043,2021-11,0.03333333333333333
2929243640075785940,2021-10,0.0
2929243640075785940,2021-10,0.05333333333333334
2929243640075785940,2021-10,0.03333333333333333
2929243640075785940,2021-10,0.07666666666666666
2929243640075785940,2021-11,0.0
4785077903451149834,2021-10,0.18333333333333332
3632378524835692731,2021-10,0.0033333333333333335
1119752495905732753,2021-10,0.2
7347753999527316260,2021-10,0.5666666666666667
7347753999527316260,2021-11,0.39166666666666666
1998941557906036376,2021-10,0.0
1998941557906036376,2021-11,0.01
1998941557906036376,2021-11,0.0033333333333333335
7395696797140470088,2021-10,0.0
7395696797140470088,2021-11,0.016666666666666666
7395696797140470088,2021-11,0.0
4537982850248578883,2021-10,0.0033333333333333335
4537982850248578883,2021-11,0.1
51762959302415533,2021-10,0.03
89342157110910412,2021-10,0.07666666666666666
4762256864594914240,2021-10,0.0
4762256864594914240,2021-10,0.01
4762256864594914240,2021-11,0.04666666666666667
4762256864594914240,2021-11,0.006666666666666667
5888474320320735000,2021-10,0.14666666666666667
2346482557594782345,2021-10,0.01
2346482557594782345,2021-10,0.01
2346482557594782345,2021-10,0.02666666666666667
3408536439470975134,2021-10,0.0
3408536439470975134,2021-10,0.013333333333333334
3408536439470975134,2021-10,0.006666666666666667
3408536439470975134,2021-10,0.01
3408536439470975134,2021-10,0.0
3408536439470975134,2021-11,0.013333333333333334
3408536439470975134,2021-11,0.013333333333333334
3408536439470975134,2021-11,0.006666666666666667
3408536439470975134,2021-11,0.006666666666666667
5752688018135006198,2021-10,0.013333333333333334
5752688018135006198,2021-11,0.04
5752688018135006198,2021-11,0.0033333333333333335
9127318190908282126,2021-10,0.006666666666666667
5271966906483787417,2021-10,0.07333333333333333
1088268935649917461,2021-10,0.22
622073912578471754,2021-10,0.013333333333333334
622073912578471754,2021-10,0.0033333333333333335
3724562776372632620,2021-10,0.11666666666666667
3724562776372632620,2021-11,0.08
2780030912070252968,2021-10,0.0
8107542605807471599,2021-10,0.0033333333333333335
7468724002190465812,2021-10,0.006666666666666667
7468724002190465812,2021-11,0.0033333333333333335
2290083177086946553,2021-10,0.013333333333333334
2290083177086946553,2021-10,0.0033333333333333335
2290083177086946553,2021-11,0.03333333333333333
2290083177086946553,2021-11,0.006666666666666667
2290083177086946553,2021-11,0.01
3447213159487287154,2021-10,0.0033333333333333335
3447213159487287154,2021-11,0.016666666666666666
1115703227712697214,2021-10,0.03333333333333333
1115703227712697214,2021-10,0.1
1115703227712697214,2021-11,0.05333333333333334
1115703227712697214,2021-11,0.016666666666666666
2214132103234633622,2021-10,0.02
2214132103234633622,2021-10,0.013333333333333334
2214132103234633622,2021-10,0.02666666666666667
2214132103234633622,2021-10,0.05
2214132103234633622,2021-10,0.15333333333333332
2214132103234633622,2021-11,0.02
2214132103234633622,2021-11,0.02
2214132103234633622,2021-11,0.03333333333333333
2214132103234633622,2021-11,0.0033333333333333335
4043546053926060305,2021-10,0.016666666666666666
5522764880180045081,2021-10,0.0
5522764880180045081,2021-10,0.013333333333333334
5522764880180045081,2021-10,0.0033333333333333335
5522764880180045081,2021-10,0.023333333333333334
5432443358006556295,2021-10,0.006666666666666667
5432443358006556295,2021-10,0.19
5432443358006556295,2021-11,0.05
5432443358006556295,2021-11,0.07666666666666666
5432443358006556295,2021-11,0.01
7818340804682162328,2021-10,0.0
7818340804682162328,2021-10,0.0
7818340804682162328,2021-11,0.2559230769230769
6731795019313479942,2021-10,0.013333333333333334
1118514612547157551,2021-10,0.04666666666666667
9206030810342980458,2021-10,0.006666666666666667
9206030810342980458,2021-10,0.023333333333333334
9206030810342980458,2021-11,0.02
9206030810342980458,2021-11,0.0033333333333333335
9206030810342980458,2021-11,0.016666666666666666
2951563549197799278,2021-10,0.006666666666666667
2951563549197799278,2021-11,0.006666666666666667
5301988619224057921,2021-10,0.04
5301988619224057921,2021-10,0.006666666666666667
5301988619224057921,2021-11,0.1
5301988619224057921,2021-11,0.02666666666666667
5301988619224057921,2021-11,0.016666666666666666
4235078665660987689,2021-10,0.0
4235078665660987689,2021-10,0.016666666666666666
4235078665660987689,2021-10,0.006666666666666667
4235078665660987689,2021-11,0.006666666666666667
6276792736652545216,2021-10,0.0033333333333333335
6276792736652545216,2021-11,0.013333333333333334
1308019675417057675,2021-10,0.07
1308019675417057675,2021-10,0.02
1308019675417057675,2021-10,0.02
1308019675417057675,2021-11,0.07
1308019675417057675,2021-11,0.013333333333333334
6662531979151878793,2021-10,0.02
6662531979151878793,2021-11,0.01
6662531979151878793,2021-11,0.02
5304536516981778801,2021-10,0.03
5304536516981778801,2021-11,0.03333333333333333
5304536516981778801,2021-11,0.04666666666666667
5304536516981778801,2021-11,0.03666666666666667
8083157716178259762,2021-10,0.0
8083157716178259762,2021-10,0.013333333333333334
8083157716178259762,2021-10,0.04
8083157716178259762,2021-11,0.03333333333333333
5198904647759787695,2021-10,0.11666666666666667
1285245417998627607,2021-10,0.6933333333333334
5547032541615425352,2021-10,0.023333333333333334
5547032541615425352,2021-11,0.02
4052557282157719526,2021-10,0.0033333333333333335
3027683745465216663,2021-10,0.03
3027683745465216663,2021-11,0.06666666666666667
3027683745465216663,2021-11,0.06666666666666667
6915663759082844184,2021-10,0.19666666666666666
7637066986811047950,2021-10,0.02
7637066986811047950,2021-10,0.06
6615694774618628402,2021-10,0.02666666666666667
6615694774618628402,2021-11,0.016666666666666666
6098833389547425063,2021-10,0.23333333333333334
6098833389547425063,2021-11,0.006666666666666667
3136129226228632675,2021-10,0.02
4395946187332973749,2021-10,0.26
4395946187332973749,2021-11,0.0033333333333333335
6349142675790687765,2021-10,0.06333333333333334
1997130697107291654,2021-10,0.04
1997130697107291654,2021-11,0.08
3281617395243454427,2021-10,0.2
3281617395243454427,2021-10,0.03
3281617395243454427,2021-10,0.06333333333333334
3281617395243454427,2021-11,0.0033333333333333335
3281617395243454427,2021-11,0.013333333333333334
3281617395243454427,2021-11,0.02666666666666667
1874361799315286610,2021-10,0.03333333333333333
1874361799315286610,2021-11,0.006666666666666667
7471183491728700531,2021-10,0.06333333333333334
6987942592445950913,2021-10,0.02
6987942592445950913,2021-11,0.043333333333333335
6987942592445950913,2021-11,0.3150555555555556
6987942592445950913,2021-11,0.03333333333333333
6987942592445950913,2021-11,0.05
4495596792165551705,2021-10,0.023333333333333334
7571271990906543121,2021-10,0.23
2092588065958607289,2021-10,0.01
2092588065958607289,2021-10,0.01
2092588065958607289,2021-10,0.01
2092588065958607289,2021-11,0.01
2092588065958607289,2021-11,0.12
2092588065958607289,2021-11,0.013333333333333334
2092588065958607289,2021-11,0.0
6204723742351094322,2021-10,0.02
6204723742351094322,2021-11,0.2724444444444445
6020593949794792044,2021-10,0.06
6020593949794792044,2021-10,0.016666666666666666
6020593949794792044,2021-10,0.02
6020593949794792044,2021-10,0.04666666666666667
511305041047444825,2021-10,0.043333333333333335
511305041047444825,2021-11,0.0033333333333333335
835441927760881602,2021-10,0.07333333333333333
835441927760881602,2021-10,0.0033333333333333335
835441927760881602,2021-10,0.11333333333333333
835441927760881602,2021-11,0.04
2407532237672094312,2021-10,0.016666666666666666
2407532237672094312,2021-11,0.0033333333333333335
2407532237672094312,2021-11,0.01
2735662700719640627,2021-10,0.023333333333333334
2735662700719640627,2021-11,0.01
2735662700719640627,2021-11,0.02
8409181491723988567,2021-10,0.023333333333333334
4090195792518021727,2021-10,0.01
4090195792518021727,2021-11,0.07333333333333333
410843023337872279,2021-10,0.02
410843023337872279,2021-11,0.056666666666666664
8926565682509268383,2021-10,0.0033333333333333335
8926565682509268383,2021-10,0.0033333333333333335
8926565682509268383,2021-10,0.0
8926565682509268383,2021-10,0.006666666666666667
8926565682509268383,2021-11,0.02
8926565682509268383,2021-11,0.006666666666666667
8926565682509268383,2021-11,0.12333333333333334
8926565682509268383,2021-11,0.0033333333333333335
8926565682509268383,2021-11,0.02
8926565682509268383,2021-11,0.016666666666666666
8926565682509268383,2021-11,0.006666666666666667
963687627963462983,2021-10,0.016666666666666666
963687627963462983,2021-10,0.0033333333333333335
963687627963462983,2021-11,0.02
963687627963462983,2021-11,0.0033333333333333335
1078687383992817574,2021-10,0.10333333333333333
8376902089871279815,2021-10,0.09666666666666666
8376902089871279815,2021-10,0.05
3682570285558758138,2021-10,0.09666666666666666
3682570285558758138,2021-11,0.006666666666666667
5799279645678609726,2021-10,0.0
5799279645678609726,2021-11,0.06666666666666667
8503092146854371576,2021-10,0.02
8503092146854371576,2021-11,0.24666666666666667
8503092146854371576,2021-11,0.0
8503092146854371576,2021-11,0.006666666666666667
2012477868296377155,2021-10,0.17666666666666667
7215093571368368138,2021-10,0.03
7215093571368368138,2021-10,0.13666666666666666
7215093571368368138,2021-11,0.0
7215093571368368138,2021-11,0.0
1678680306005074426,2021-10,0.006666666666666667
1678680306005074426,2021-10,0.0
1678680306005074426,2021-11,0.016666666666666666
1678680306005074426,2021-11,0.006666666666666667
2943087245123311166,2021-10,0.0033333333333333335
2943087245123311166,2021-11,0.09
2943087245123311166,2021-11,0.13666666666666666
2943087245123311166,2021-11,0.023333333333333334
2943087245123311166,2021-11,0.0
4165983075385227812,2021-10,0.0033333333333333335
4165983075385227812,2021-10,0.0033333333333333335
4165983075385227812,2021-11,0.03
5786895437851445408,2021-10,0.16333333333333333
5786895437851445408,2021-11,0.17333333333333334
5786895437851445408,2021-11,0.04
503021894071666233,2021-10,0.05
503021894071666233,2021-11,0.05
6056959220685085102,2021-10,0.01
5993832136957065909,2021-10,0.006666666666666667
4641659186059167709,2021-10,0.023333333333333334
4641659186059167709,2021-11,0.06
4898797487317475277,2021-10,0.0033333333333333335
1052398277967427422,2021-10,0.11333333333333333
1052398277967427422,2021-11,0.023333333333333334
1052398277967427422,2021-11,0.02
5528372913947954503,2021-10,0.08
903093877129717133,2021-10,0.05333333333333334
903093877129717133,2021-10,0.0
903093877129717133,2021-11,0.0033333333333333335
7529137091657891207,2021-10,0.016666666666666666
3156852928909455203,2021-10,0.006666666666666667
3156852928909455203,2021-10,0.013333333333333334
3156852928909455203,2021-11,0.0033333333333333335
510795635145114083,2021-10,0.0033333333333333335
510795635145114083,2021-11,0.07666666666666666
510795635145114083,2021-11,0.056666666666666664
510795635145114083,2021-11,0.006666666666666667
510795635145114083,2021-11,0.043333333333333335
6337915293429442229,2021-10,0.16333333333333333
7908414709866823255,2021-10,0.006666666666666667
7908414709866823255,2021-10,0.0
7908414709866823255,2021-11,0.0
7908414709866823255,2021-11,0.03666666666666667
7908414709866823255,2021-11,0.03333333333333333
7908414709866823255,2021-11,0.0033333333333333335
2347028805684088098,2021-10,0.08666666666666667
2347028805684088098,2021-11,0.29172222222222227
2347028805684088098,2021-11,0.01
5893903674205161232,2021-10,0.03666666666666667
5893903674205161232,2021-11,0.0
4061297388883391410,2021-10,0.03
4061297388883391410,2021-11,0.006666666666666667
4061297388883391410,2021-11,0.10666666666666667
7949169060790541229,2021-10,0.12
6521201759558790083,2021-10,0.043333333333333335
2209806355660046187,2021-10,0.01
2209806355660046187,2021-11,0.0033333333333333335
5358243820364010940,2021-10,0.0
1683619849073499603,2021-10,0.12
1683619849073499603,2021-11,0.07333333333333333
1683619849073499603,2021-11,0.27626190476190476
1683619849073499603,2021-11,0.01
1683619849073499603,2021-11,0.013333333333333334
6462952350255736003,2021-10,0.0
4675067298171588603,2021-10,0.03333333333333333
2250817603281429928,2021-10,0.0033333333333333335
3357976326879346012,2021-10,0.05
3357976326879346012,2021-10,0.06666666666666667
5409960473983330744,2021-10,0.0
5409960473983330744,2021-10,0.0
5409960473983330744,2021-11,0.006666666666666667
1788369195969129749,2021-10,0.0
5856610998569876318,2021-10,0.013333333333333334
5856610998569876318,2021-11,0.02
3960251564708868781,2021-10,0.15333333333333332
3960251564708868781,2021-10,0.15666666666666668
3960251564708868781,2021-11,0.016666666666666666
3960251564708868781,2021-11,0.05
8895160610329228780,2021-10,0.03666666666666667
2439954154030259398,2021-10,0.006666666666666667
2439954154030259398,2021-11,0.03666666666666667
2439954154030259398,2021-11,0.016666666666666666
6091519986999196884,2021-10,0.0033333333333333335
7478791630746523220,2021-10,0.2966666666666667
7478791630746523220,2021-10,0.36333333333333334
7478791630746523220,2021-11,0.02
8013668117699219722,2021-10,0.0033333333333333335
8013668117699219722,2021-11,0.0033333333333333335
8013668117699219722,2021-11,0.0033333333333333335
1210783884008131648,2021-10,0.11333333333333333
1210783884008131648,2021-11,0.07333333333333333
1210783884008131648,2021-11,0.20333333333333334
2308217045093677129,2021-10,0.056666666666666664
2308217045093677129,2021-11,0.006666666666666667
69766362497027920,2021-10,0.056666666666666664
6754039979151386401,2021-10,0.04
5860276371789140450,2021-10,0.0033333333333333335
5860276371789140450,2021-11,0.013333333333333334
5860276371789140450,2021-11,0.0
1778014915038250584,2021-10,0.13
5481711897502154955,2021-10,0.05
5481711897502154955,2021-11,0.03333333333333333
5481711897502154955,2021-11,0.02
6061850657256270336,2021-10,0.016666666666666666
6061850657256270336,2021-11,0.06
6061850657256270336,2021-11,0.023333333333333334
8350724667410677464,2021-10,0.18666666666666668
8350724667410677464,2021-11,0.03666666666666667
3387580208304842365,2021-10,0.04666666666666667
3386019519917828299,2021-10,0.0033333333333333335
3386019519917828299,2021-10,0.30666666666666664
3045840317107313913,2021-10,0.06333333333333334
3045840317107313913,2021-11,0.043333333333333335
8680213253228719510,2021-10,0.13
7754936094607992857,2021-10,0.043333333333333335
7754936094607992857,2021-11,0.0
7754936094607992857,2021-11,0.006666666666666667
2768068015169423097,2021-10,0.04666666666666667
8292458529987016717,2021-10,0.02
8292458529987016717,2021-11,0.056666666666666664
1543875954928694094,2021-10,0.04666666666666667
1543875954928694094,2021-11,0.006666666666666667
652740132671309295,2021-10,0.14
652740132671309295,2021-11,0.10333333333333333
652740132671309295,2021-11,0.04
5958664040344043635,2021-10,0.02
3382609338395832683,2021-10,0.02
2106875407768047316,2021-10,0.13666666666666666
2106875407768047316,2021-11,0.22447619047619047
2106875407768047316,2021-11,0.013333333333333334
1334091158016312155,2021-10,0.0033333333333333335
2554972344348383830,2021-10,0.023333333333333334
2554972344348383830,2021-11,0.01
2554972344348383830,2021-11,0.013333333333333334
5558533999208199371,2021-10,0.013333333333333334
4524147234488547993,2021-10,0.02
4524147234488547993,2021-11,0.05
4524147234488547993,2021-11,0.01
4569866309119931805,2021-10,0.013333333333333334
4569866309119931805,2021-11,0.0
3161361581909316305,2021-10,0.02666666666666667
3161361581909316305,2021-11,0.01
4095739077267179172,2021-10,0.02
4095739077267179172,2021-10,0.29333333333333333
4095739077267179172,2021-11,0.06
4095739077267179172,2021-11,0.02
8245393384938410770,2021-10,0.12666666666666668
8245393384938410770,2021-11,0.03333333333333333
8245393384938410770,2021-11,0.04666666666666667
8245393384938410770,2021-11,0.04
8245393384938410770,2021-11,0.02666666666666667
8245393384938410770,2021-11,0.013333333333333334
1299146298565441811,2021-10,0.04
1299146298565441811,2021-11,0.01
1033361676287635885,2021-10,0.10333333333333333
7260748352873493818,2021-10,0.15666666666666668
7260748352873493818,2021-11,0.05
2687720147676132707,2021-10,0.013333333333333334
2687720147676132707,2021-11,0.013333333333333334
2687720147676132707,2021-11,0.006666666666666667
7779268298304613772,2021-10,0.09
7779268298304613772,2021-11,0.03666666666666667
7779268298304613772,2021-11,0.01
7779268298304613772,2021-11,0.01
7779268298304613772,2021-11,0.04
8185063234515056194,2021-10,0.02
8185063234515056194,2021-11,0.0033333333333333335
8185063234515056194,2021-11,0.01
4993499380140734678,2021-10,0.14
5687511145009775604,2021-10,0.023333333333333334
5687511145009775604,2021-10,0.023333333333333334
8576047157867370630,2021-10,0.043333333333333335
8576047157867370630,2021-11,0.2559230769230769
3915426102465954493,2021-10,0.0
3915426102465954493,2021-11,0.013333333333333334
8623308321032624474,2021-10,0.46
8623308321032624474,2021-11,0.03666666666666667
180672270337706285,2021-10,0.19
7236776406341522879,2021-10,0.0033333333333333335
7236776406341522879,2021-11,0.006666666666666667
4532469127306079736,2021-10,0.03
4532469127306079736,2021-11,0.006666666666666667
2903869860445366876,2021-10,0.03
2903869860445366876,2021-11,0.013333333333333334
1343530446996409207,2021-10,0.03333333333333333
1343530446996409207,2021-11,0.013333333333333334
2573553293518763494,2021-10,0.0
2573553293518763494,2021-11,0.07333333333333333
2573553293518763494,2021-11,0.0
4635578010631860111,2021-10,0.056666666666666664
5465001651966355821,2021-10,0.0
5465001651966355821,2021-10,0.05333333333333334
66220087398241662,2021-10,0.04
66220087398241662,2021-11,0.0033333333333333335
66220087398241662,2021-11,0.16666666666666666
66220087398241662,2021-11,0.06333333333333334
5706551050445880395,2021-10,0.42333333333333334
5706551050445880395,2021-11,0.58
5706551050445880395,2021-11,0.18666666666666668
6134696632487351445,2021-10,0.1
6134696632487351445,2021-11,0.03
6134696632487351445,2021-11,0.02666666666666667
6134696632487351445,2021-11,0.0033333333333333335
968400235888951633,2021-10,0.18
968400235888951633,2021-11,0.016666666666666666
1891145854263312840,2021-10,0.5033333333333333
1891145854263312840,2021-11,0.38
3283662016127058429,2021-10,0.006666666666666667
3283662016127058429,2021-11,0.03
7692335720341018458,2021-10,0.006666666666666667
7692335720341018458,2021-11,0.02
191536915328669008,2021-10,0.42333333333333334
2805743565496207618,2021-10,0.01
6030285068945261052,2021-10,0.023333333333333334
6030285068945261052,2021-11,0.04666666666666667
6030285068945261052,2021-11,0.006666666666666667
3095408468798675621,2021-11,0.04
3095408468798675621,2021-11,0.02
3095408468798675621,2021-11,0.01
2678966409665050034,2021-11,0.03
2678966409665050034,2021-11,0.016666666666666666
2678966409665050034,2021-11,0.016666666666666666
6528158819463595826,2021-11,0.18666666666666668
6528158819463595826,2021-11,0.056666666666666664
3970610368027129821,2021-11,0.02666666666666667
107343823625119033,2021-11,0.023333333333333334
107343823625119033,2021-11,0.02666666666666667
107343823625119033,2021-11,0.01
7444686668183702737,2021-11,0.03666666666666667
7444686668183702737,2021-11,0.0033333333333333335
7444686668183702737,2021-11,0.02
7444686668183702737,2021-11,0.16666666666666666
1028630885537616736,2021-11,0.01
8559143756893267192,2021-11,0.02666666666666667
8559143756893267192,2021-11,0.0033333333333333335
2191990606593345695,2021-11,0.02
6100972975033180377,2021-11,0.08
6100972975033180377,2021-11,0.11333333333333333
6100972975033180377,2021-11,0.0033333333333333335
6100972975033180377,2021-11,0.006666666666666667
4980232475645447238,2021-11,0.03333333333333333
4980232475645447238,2021-11,0.01
4980232475645447238,2021-11,0.043333333333333335
792560389712312178,2021-11,0.1
792560389712312178,2021-11,0.023333333333333334
6643358471662528195,2021-11,0.03333333333333333
6643358471662528195,2021-11,0.04666666666666667
271068078606473697,2021-11,0.05333333333333334
8027035272622701013,2021-11,0.02
2522900990060384939,2021-11,0.02666666666666667
2522900990060384939,2021-11,0.08
2522900990060384939,2021-11,0.05333333333333334
8274986328479596038,2021-11,0.013333333333333334
5635781225931111684,2021-11,0.30333333333333334
5635781225931111684,2021-11,0.07
5635781225931111684,2021-11,0.016666666666666666
5974858472822751652,2021-11,0.03333333333333333
5974858472822751652,2021-11,0.03666666666666667
5974858472822751652,2021-11,0.16565759039672082
5974858472822751652,2021-11,0.02
8480109508191086169,2021-11,0.02
8480109508191086169,2021-11,0.0033333333333333335
8480109508191086169,2021-11,0.03
8480109508191086169,2021-11,0.0033333333333333335
5477900120643078645,2021-11,0.20333333333333334
5477900120643078645,2021-11,0.06333333333333334
2278650548373578523,2021-11,0.11
7895753719321668294,2021-11,0.02666666666666667
7895753719321668294,2021-11,0.01
7895753719321668294,2021-11,0.02
4104959289203999917,2021-11,0.04666666666666667
4104959289203999917,2021-11,0.016666666666666666
7387419407817356825,2021-11,0.01
7442192566700924647,2021-11,0.04666666666666667
7442192566700924647,2021-11,0.03333333333333333
7442192566700924647,2021-11,0.4271111111111111
7442192566700924647,2021-11,0.02666666666666667
7442192566700924647,2021-11,0.03
5503073374822479037,2021-11,0.03666666666666667
5503073374822479037,2021-11,0.0033333333333333335
7038761645302069945,2021-11,0.02666666666666667
8004409125524742779,2021-11,0.26
8004409125524742779,2021-11,0.09
460993244124061972,2021-11,0.16666666666666666
2003221759676247813,2021-11,0.04
2003221759676247813,2021-11,0.05
4704892067681576893,2021-11,0.13
1420529738304793615,2021-11,0.02666666666666667
5371387005775513675,2021-11,0.03666666666666667
5371387005775513675,2021-11,0.5366666666666666
5371387005775513675,2021-11,0.0033333333333333335
7968118679747232249,2021-11,0.5033333333333333
7968118679747232249,2021-11,0.28900000000000003
7968118679747232249,2021-11,0.4633333333333333
1956406515279457110,2021-11,0.14
1956406515279457110,2021-11,0.02666666666666667
683445437387317282,2021-11,0.7283333333333334
1430896989654626045,2021-11,0.03
1430896989654626045,2021-11,0.15666666666666668
1430896989654626045,2021-11,0.2559230769230769
1430896989654626045,2021-11,0.13333333333333333
1430896989654626045,2021-11,0.11333333333333333
7816319470107777265,2021-11,0.01
7816319470107777265,2021-11,0.11
7229721428946324455,2021-11,0.08
6216982347344525048,2021-11,0.0
5791518044186095039,2021-11,0.31
5791518044186095039,2021-11,0.2735952380952381
7176848230239877915,2021-11,0.016666666666666666
7176848230239877915,2021-11,0.7757777777777778
7176848230239877915,2021-11,0.12333333333333334
904857901361577913,2021-11,0.13666666666666666
4956614249204803652,2021-11,0.5575
1767360303789815418,2021-11,0.016666666666666666
4130617254899676131,2021-11,0.22447619047619047
3109771318936962520,2021-11,0.06
3192341047315717823,2021-11,0.023333333333333334
4831988987853936627,2021-11,0.6818888888888889
1104269683367198574,2021-11,0.15631423200073086
1104269683367198574,2021-11,0.0033333333333333335
6909701795322574613,2021-11,0.07
4556737702757145073,2021-11,0.19760317460317456
4556737702757145073,2021-11,0.02666666666666667
7367321179169390502,2021-11,0.2141245791245791
4769364850030443969,2021-11,0.006666666666666667
4769364850030443969,2021-11,0.016666666666666666
2032592272238235730,2021-11,0.44122222222222224
2032592272238235730,2021-11,0.0033333333333333335
9016049685460415544,2021-11,0.1952142857142857
226405871752897670,2021-11,0.02666666666666667
295375823203017296,2021-11,0.02
4820852183212661131,2021-11,0.19399092373005414
4820852183212661131,2021-11,0.02
4820852183212661131,2021-11,0.04
696014079855281037,2021-11,0.2559230769230769
696014079855281037,2021-11,0.02
696014079855281037,2021-11,0.0033333333333333335
93982185886107798,2021-11,0.22697771742834671
7041489327620930099,2021-11,0.0033333333333333335
3258345688897172820,2021-11,0.14708616182529224
7889351655716537527,2021-11,0.0
3025708129948185495,2021-11,0.006666666666666667
3025708129948185495,2021-11,0.02
8646472172649019955,2021-11,0.64
8646472172649019955,2021-11,0.0033333333333333335
8646472172649019955,2021-11,0.0
8646472172649019955,2021-11,0.0033333333333333335
8646472172649019955,2021-11,0.0
531805620371082364,2021-11,0.29011111111111115
8487807876567995441,2021-11,0.5627777777777777
8487807876567995441,2021-11,0.01
8196449005061156808,2021-11,0.01
8196449005061156808,2021-11,0.0033333333333333335
8196449005061156808,2021-11,0.0033333333333333335
8196449005061156808,2021-11,0.006666666666666667
8196449005061156808,2021-11,0.0033333333333333335
8196449005061156808,2021-11,0.02
5448628641564935127,2021-11,0.0033333333333333335
6335613629467537085,2021-11,0.22666666666666666
1611146298923153842,2021-11,0.18666666666666668
8510653215962746781,2021-11,0.006666666666666667
7696655736121386405,2021-11,0.016666666666666666
8400764778654490278,2021-11,0.006666666666666667
8400764778654490278,2021-11,0.10333333333333333
6617479989097680138,2021-11,0.013333333333333334
2025898153078562640,2021-11,0.04
4919908458022265747,2021-11,0.04
1044946691507317745,2021-11,0.03333333333333333
1246864346193559124,2021-11,0.11333333333333333
5489089370448387505,2021-11,0.06666666666666667
493667100055938118,2021-11,0.6638888888888889
8248484932270772248,2021-11,0.013333333333333334
3183208564139585182,2021-11,0.6033333333333334
4588313530969303734,2021-11,0.043333333333333335
4588313530969303734,2021-11,0.02666666666666667
4588313530969303734,2021-11,0.06666666666666667
2493688222671282470,2021-11,0.006666666666666667
2493688222671282470,2021-11,0.01
9108733472015251498,2021-11,0.05
9108733472015251498,2021-11,0.04666666666666667
7646606457278894341,2021-11,0.02
238894451665334246,2021-11,0.05
1239032704486561936,2021-11,0.6638888888888889
1239032704486561936,2021-11,0.49666666666666665
2900002014851776114,2021-11,0.016666666666666666
8535586342375301953,2021-11,0.006666666666666667
8535586342375301953,2021-11,0.01
8464769152264029983,2021-11,0.006666666666666667
7457803471605010846,2021-11,0.02
5517114603826429870,2021-11,0.0033333333333333335
5757271354816214865,2021-11,0.03666666666666667
7870373680211625064,2021-11,0.04666666666666667
7870373680211625064,2021-11,0.51
7870373680211625064,2021-11,0.03
7870373680211625064,2021-11,0.02666666666666667
7870373680211625064,2021-11,0.06666666666666667
5082455700818638342,2021-11,0.11
8374461419511631785,2021-11,0.08666666666666667
8374461419511631785,2021-11,0.0
4202876623878743806,2021-11,0.05333333333333334
9156666134024889730,2021-11,0.11666666666666667
9156666134024889730,2021-11,0.11333333333333333
8828303152301461681,2021-11,0.0033333333333333335
8828303152301461681,2021-11,0.0
8511588642284189303,2021-11,0.03333333333333333
5460280878923715699,2021-11,0.02
5714540197488862003,2021-11,0.023333333333333334
5714540197488862003,2021-11,0.006666666666666667
1963239178085807816,2021-11,0.006666666666666667
7221446976321358973,2021-11,0.0033333333333333335
39547025441582855,2021-11,0.03666666666666667
4527499691197377217,2021-11,0.0033333333333333335
6089029916190588614,2021-11,0.04666666666666667
1093053069479288753,2021-11,0.056666666666666664
6968106554514688300,2021-11,0.013333333333333334
7810985951121711480,2021-11,0.0033333333333333335
5136739522477907100,2021-11,0.04
1741049493106216406,2021-11,0.0
1741049493106216406,2021-11,0.01
1507697130807703164,2021-11,0.0
1507697130807703164,2021-11,0.0033333333333333335
4530631557358349711,2021-11,0.0
4530631557358349711,2021-11,0.01
6547707428090179960,2021-11,0.0
6547707428090179960,2021-11,0.03
1117184216453911295,2021-11,0.0
7722287846688771887,2021-11,0.0
7722287846688771887,2021-11,0.006666666666666667
7722287846688771887,2021-11,0.006666666666666667
4166581859919473627,2021-11,0.0033333333333333335
2369364892942408355,2021-11,0.08
4723919748432185874,2021-11,0.0
4512887927067894301,2021-11,0.0
4512887927067894301,2021-11,0.0033333333333333335
6842075380768862290,2021-11,0.006666666666666667
6842075380768862290,2021-11,0.0033333333333333335
665505091521986356,2021-11,0.0033333333333333335
665505091521986356,2021-11,0.013333333333333334
1533755281771668509,2021-11,0.01
1533755281771668509,2021-11,0.006666666666666667
5855956854975734380,2021-11,0.0033333333333333335
5855956854975734380,2021-11,0.006666666666666667
3431426889924624821,2021-11,0.02
3431426889924624821,2021-11,0.016666666666666666
1269153452773908541,2021-11,0.0
1696462947583294958,2021-11,0.006666666666666667
1696462947583294958,2021-11,0.006666666666666667
1738460583932152602,2021-11,0.31833333333333336
7492389223353246125,2021-11,0.0033333333333333335
8174633018998080168,2021-11,0.18
6926309382371178621,2021-11,0.0
5864443060004179363,2021-11,0.0
5864443060004179363,2021-11,0.006666666666666667
5864443060004179363,2021-11,0.15333333333333332
7215053254854713098,2021-11,0.01
1462395707491634845,2021-11,0.15
1462395707491634845,2021-11,0.15
8843432852270832388,2021-11,0.016666666666666666
5288503299611498087,2021-11,0.006666666666666667
6284433051333854194,2021-11,0.013333333333333334
6012031176108922616,2021-11,0.006666666666666667
6012031176108922616,2021-11,0.01
993334998462320108,2021-11,0.5327777777777778
957773253650890560,2021-11,0.7233333333333334
5613825020130267729,2021-11,0.01
3421433989501830226,2021-11,0.013333333333333334
8332840690177201182,2021-11,0.04666666666666667
6094038865287329652,2021-11,0.7233333333333334
1712483726555581515,2021-11,0.0
1396078312562623766,2021-11,0.01
2307201111381758912,2021-11,0.03
1000372849175668062,2021-11,0.006666666666666667
1129657311668961746,2021-11,0.01
780065359501679358,2021-11,0.06
121658372387044248,2021-11,0.24333333333333335
798425422240919854,2021-11,0.023333333333333334
7828430488099134389,2021-11,0.03666666666666667
5726178124659661019,2021-11,0.006666666666666667
5726178124659661019,2021-11,0.006666666666666667
5726178124659661019,2021-11,0.006666666666666667
5726178124659661019,2021-11,0.04
2088532321693492263,2021-11,0.016666666666666666
4679462479444735708,2021-11,0.0
4679462479444735708,2021-11,0.03333333333333333
4679462479444735708,2021-11,0.01
621182491555347581,2021-11,0.03333333333333333
621182491555347581,2021-11,0.0033333333333333335
8901696535927078963,2021-11,0.013333333333333334
8901696535927078963,2021-11,0.013333333333333334
8901696535927078963,2021-11,0.03
8901696535927078963,2021-11,0.006666666666666667
8901696535927078963,2021-11,0.02666666666666667
7444686668183702737,2021-11,0.006666666666666667
7444686668183702737,2021-11,0.0
2092588065958607289,2021-11,0.08666666666666667
2092588065958607289,2021-11,0.0
2092588065958607289,2021-11,0.0
2092588065958607289,2021-11,0.0
2092588065958607289,2021-11,0.006666666666666667
2092588065958607289,2021-11,0.0033333333333333335
4334472256949955221,2021-11,0.12
6893616200284527465,2021-11,0.0033333333333333335
7779268298304613772,2021-11,0.0
7779268298304613772,2021-11,0.006666666666666667
7779268298304613772,2021-11,0.006666666666666667
8213533889694327948,2021-11,0.07666666666666666
8213533889694327948,2021-11,0.043333333333333335
8213533889694327948,2021-11,0.01
7222128416864635362,2021-11,0.04
5993765508162121762,2021-11,0.0033333333333333335
5993765508162121762,2021-11,0.023333333333333334
5993765508162121762,2021-11,0.0033333333333333335
8716163053080758848,2021-11,0.02666666666666667
8716163053080758848,2021-11,0.0
8716163053080758848,2021-11,0.02722222222222222
1430896989654626045,2021-11,0.11666666666666667
1430896989654626045,2021-11,0.11333333333333333
1592581784061157609,2021-11,0.0033333333333333335
8536031856585966123,2021-11,0.006666666666666667
8536031856585966123,2021-11,0.016666666666666666
8536031856585966123,2021-11,0.043333333333333335
8536031856585966123,2021-11,0.0033333333333333335
7963861799566207637,2021-11,0.01
8123515208041701633,2021-11,0.013333333333333334
8123515208041701633,2021-11,0.0033333333333333335
5714540197488862003,2021-11,0.013333333333333334
5714540197488862003,2021-11,0.02
5714540197488862003,2021-11,0.0033333333333333335
7330131219998265639,2021-11,0.013333333333333334
7330131219998265639,2021-11,0.0033333333333333335
1951407691087813358,2021-11,0.04
6969348581033924947,2021-11,0.006666666666666667
6969348581033924947,2021-11,0.023333333333333334
6969348581033924947,2021-11,0.0
8374461419511631785,2021-11,0.13666666666666666
8374461419511631785,2021-11,0.023333333333333334
5136739522477907100,2021-11,0.02
8609938720215175911,2021-11,0.013333333333333334
8609938720215175911,2021-11,0.006666666666666667
5897410907783139228,2021-11,0.0
49632905576538927,2021-11,0.08666666666666667
3408536439470975134,2021-11,0.023333333333333334
3408536439470975134,2021-11,0.006666666666666667
3408536439470975134,2021-11,0.01
3408536439470975134,2021-11,0.01
7664272163315705419,2021-11,0.043333333333333335
7664272163315705419,2021-11,0.01
7664272163315705419,2021-11,0.07
7664272163315705419,2021-11,0.023333333333333334
8596605705893456305,2021-11,0.006666666666666667
8596605705893456305,2021-11,0.01
1551531256789550891,2021-11,0.02
792560389712312178,2021-11,0.023333333333333334
7403979270048469991,2021-11,0.013333333333333334
1507697130807703164,2021-11,0.0033333333333333335
1507697130807703164,2021-11,0.006666666666666667
410843023337872279,2021-11,0.02
7231408738455755015,2021-11,0.02
7686361238195690925,2021-11,0.0
4661684997487171886,2021-11,0.0033333333333333335
4661684997487171886,2021-11,0.023333333333333334
4661684997487171886,2021-11,0.023333333333333334
4661684997487171886,2021-11,0.013333333333333334
4661684997487171886,2021-11,0.0033333333333333335
8926565682509268383,2021-11,0.023333333333333334
8926565682509268383,2021-11,0.016666666666666666
8013668117699219722,2021-11,0.0033333333333333335
8173830874846355280,2021-11,0.006666666666666667
8173830874846355280,2021-11,0.0033333333333333335
8173830874846355280,2021-11,0.023333333333333334
8173830874846355280,2021-11,0.02
8173830874846355280,2021-11,0.06
3977861004707764824,2021-11,0.0033333333333333335
3977861004707764824,2021-11,0.0
3977861004707764824,2021-11,0.023333333333333334
3977861004707764824,2021-11,0.013333333333333334
3977861004707764824,2021-11,0.06
3977861004707764824,2021-11,0.01
3812760626052898456,2021-11,0.0
1106971614386004604,2021-11,0.023333333333333334
1106971614386004604,2021-11,0.0
8348574220426911086,2021-11,0.006666666666666667
7268895973869107930,2021-11,0.023333333333333334
7268895973869107930,2021-11,0.11333333333333333
7268895973869107930,2021-11,0.01
7268895973869107930,2021-11,0.01
4831988987853936627,2021-11,0.03333333333333333
984915269987074754,2021-11,0.01
984915269987074754,2021-11,0.0
7269781193318890653,2021-11,0.03
7269781193318890653,2021-11,0.02666666666666667
7269781193318890653,2021-11,0.016666666666666666
7269781193318890653,2021-11,0.0
7085295800541340563,2021-11,0.006666666666666667
7085295800541340563,2021-11,0.02
7930925883736021864,2021-11,0.006666666666666667
7930925883736021864,2021-11,0.0
7930925883736021864,2021-11,0.006666666666666667
7930925883736021864,2021-11,0.01
1235244772550233980,2021-11,0.02666666666666667
1235244772550233980,2021-11,0.0033333333333333335
3355881107559250653,2021-11,0.013333333333333334
3355881107559250653,2021-11,0.0033333333333333335
3355881107559250653,2021-11,0.0
3355881107559250653,2021-11,0.016666666666666666
3355881107559250653,2021-11,0.043333333333333335
3355881107559250653,2021-11,0.15666666666666668
5481711897502154955,2021-11,0.03333333333333333
5481711897502154955,2021-11,0.013333333333333334
2290083177086946553,2021-11,0.08666666666666667
1366416810235233769,2021-11,0.0033333333333333335
1156053485989336481,2021-11,0.016666666666666666
1156053485989336481,2021-11,0.023333333333333334
1156053485989336481,2021-11,0.02666666666666667
1156053485989336481,2021-11,0.02
1156053485989336481,2021-11,0.06333333333333334
1156053485989336481,2021-11,0.02
1156053485989336481,2021-11,0.06
1156053485989336481,2021-11,0.02
1192891347324061812,2021-11,0.023333333333333334
1192891347324061812,2021-11,0.03
1192891347324061812,2021-11,0.0033333333333333335
1192891347324061812,2021-11,0.12333333333333334
5761480994209806499,2021-11,0.01
5761480994209806499,2021-11,0.013333333333333334
5761480994209806499,2021-11,0.04666666666666667
5761480994209806499,2021-11,0.0033333333333333335
5761480994209806499,2021-11,0.006666666666666667
5761480994209806499,2021-11,0.0033333333333333335
5761480994209806499,2021-11,0.015222222222222222
5761480994209806499,2021-11,0.0033333333333333335
5761480994209806499,2021-11,0.0011111111111111111
2397171153213063761,2021-11,0.02666666666666667
2397171153213063761,2021-11,0.03333333333333333
2397171153213063761,2021-11,0.13333333333333333
2397171153213063761,2021-11,0.006666666666666667
6858769421191999702,2021-11,0.01
6858769421191999702,2021-11,0.03333333333333333
5409960473983330744,2021-11,0.0
5409960473983330744,2021-11,0.016666666666666666
3543162424793477785,2021-11,0.05333333333333334
7908414709866823255,2021-11,0.006666666666666667
7908414709866823255,2021-11,0.023333333333333334
7908414709866823255,2021-11,0.0033333333333333335
7120090169052575663,2021-11,0.0033333333333333335
7120090169052575663,2021-11,0.0
7665801401860589626,2021-11,0.0
6968106554514688300,2021-11,0.0033333333333333335
8609211777002937758,2021-11,0.02666666666666667
4571290108043699959,2021-11,0.01
6217788509719675691,2021-11,0.016666666666666666
6217788509719675691,2021-11,0.006666666666666667
6217788509719675691,2021-11,0.02
6053752047545474051,2021-11,0.01
6053752047545474051,2021-11,0.0033333333333333335
8529899700094903171,2021-11,0.06666666666666667
8529899700094903171,2021-11,0.03666666666666667
8529899700094903171,2021-11,0.06333333333333334
8529899700094903171,2021-11,0.08666666666666667
8529899700094903171,2021-11,0.14666666666666667
8529899700094903171,2021-11,0.09
8292458529987016717,2021-11,0.01
3045840317107313913,2021-11,0.0033333333333333335
3045840317107313913,2021-11,0.0
3045840317107313913,2021-11,0.0033333333333333335
2347028805684088098,2021-11,0.02
2347028805684088098,2021-11,0.0033333333333333335
903093877129717133,2021-11,0.0
903093877129717133,2021-11,0.0033333333333333335
903093877129717133,2021-11,0.04
903093877129717133,2021-11,0.16666666666666666
7485107528960607346,2021-11,0.04
7468724002190465812,2021-11,0.006666666666666667
6987942592445950913,2021-11,0.03
1044946691507317745,2021-11,0.0
4537982850248578883,2021-11,0.0
1617695035450525647,2021-11,0.0
1617695035450525647,2021-11,0.03333333333333333
1617695035450525647,2021-11,0.13666666666666666
1617695035450525647,2021-11,0.01
5082813456193598086,2021-11,0.01
5082813456193598086,2021-11,0.020277777777777777
6349142675790687765,2021-11,0.0033333333333333335
7751080728852739823,2021-11,0.0033333333333333335
257162352336759783,2021-11,0.0
257162352336759783,2021-11,0.0033333333333333335
1269153452773908541,2021-11,0.0033333333333333335
8464809590757561185,2021-11,0.043333333333333335
4045739494965095560,2021-11,0.0
4045739494965095560,2021-11,0.013333333333333334
8889055492416898333,2021-11,0.023333333333333334
8889055492416898333,2021-11,0.016666666666666666
8889055492416898333,2021-11,0.01
6394935036014530592,2021-11,0.006666666666666667
6394935036014530592,2021-11,0.0
6916556752218696485,2021-11,0.0
6916556752218696485,2021-11,0.013333333333333334
6916556752218696485,2021-11,0.0
6916556752218696485,2021-11,0.01
665505091521986356,2021-11,0.006666666666666667
8961924617442201922,2021-11,0.0033333333333333335
312543480920432545,2021-11,0.0
312543480920432545,2021-11,0.0
312543480920432545,2021-11,0.12388888888888891
6927178425683104769,2021-11,0.0
6927178425683104769,2021-11,0.013333333333333334
6927178425683104769,2021-11,0.006666666666666667
7613717984547031729,2021-11,0.0033333333333333335
7613717984547031729,2021-11,0.0033333333333333335
7613717984547031729,2021-11,0.02
5304536516981778801,2021-11,0.0
5304536516981778801,2021-11,0.016666666666666666
2780030912070252968,2021-11,0.006666666666666667
9205015186723569289,2021-11,0.0
6330043096034525408,2021-11,0.006666666666666667
3137879241768961145,2021-11,0.05333333333333334
4414438591613884911,2021-11,0.01
5373371196946859811,2021-11,0.0
8874257794774679816,2021-11,0.06666666666666667
8874257794774679816,2021-11,0.03
6784879562354696650,2021-11,0.0
8195468623809753777,2021-11,0.03333333333333333
8195468623809753777,2021-11,0.03666666666666667
5225029212547588718,2021-11,0.0033333333333333335
5225029212547588718,2021-11,0.0033333333333333335
5225029212547588718,2021-11,0.0033333333333333335
4724876423989598202,2021-11,0.01
4724876423989598202,2021-11,0.0033333333333333335
6284433051333854194,2021-11,0.04
6284433051333854194,2021-11,0.0033333333333333335
417157680860985231,2021-11,0.0
7395696797140470088,2021-11,0.0
7395696797140470088,2021-11,0.03
2687720147676132707,2021-11,0.01
3631603567749349715,2021-11,0.06
2032592272238235730,2021-11,0.0
2032592272238235730,2021-11,0.013333333333333334
6238903426443761049,2021-11,0.0033333333333333335
6238903426443761049,2021-11,0.01
6238903426443761049,2021-11,0.0
6471448246085839373,2021-11,0.023333333333333334
3472934456083131714,2021-11,0.006666666666666667
3472934456083131714,2021-11,0.0033333333333333335
4740535838297269949,2021-11,0.0
4740535838297269949,2021-11,0.02
6582676833651678345,2021-11,0.02
6582676833651678345,2021-11,0.02
6582676833651678345,2021-11,0.006666666666666667
324916756972236008,2021-11,0.006666666666666667
324916756972236008,2021-11,0.023333333333333334
324916756972236008,2021-11,0.03
2658946240987854807,2021-11,0.01
2658946240987854807,2021-11,0.04
5042877476420217533,2021-11,0.0033333333333333335
1003144834589372198,2021-11,0.0033333333333333335
4635578010631860111,2021-11,0.023333333333333334
5462970244186515758,2021-11,0.05333333333333334
5462970244186515758,2021-11,0.006666666666666667
5462970244186515758,2021-11,0.043333333333333335
7182085930008391174,2021-11,0.03
6352592240901579272,2021-11,0.04666666666666667
7710364735942975505,2021-11,0.04
5460280878923715699,2021-11,0.006666666666666667
5460280878923715699,2021-11,0.016666666666666666
93982185886107798,2021-11,0.01
8080988579391900405,2021-11,0.023333333333333334
7397206777205091443,2021-11,0.006666666666666667
968199235777440720,2021-11,0.043333333333333335
968199235777440720,2021-11,0.0033333333333333335
968199235777440720,2021-11,0.016666666666666666
2771214050521171719,2021-11,0.01
2771214050521171719,2021-11,0.04666666666666667
6448580780254847411,2021-11,0.02
8706851346184249504,2021-11,0.01
6532139198609901627,2021-11,0.006666666666666667
3591324331706630867,2021-11,0.19666666666666666
1182975716201409626,2021-11,0.0
1182975716201409626,2021-11,0.02
1182975716201409626,2021-11,0.16166666666666665
4641659186059167709,2021-11,0.0033333333333333335
5611787644735474299,2021-11,0.013333333333333334
5611787644735474299,2021-11,0.0033333333333333335
5611787644735474299,2021-11,0.0
5611787644735474299,2021-11,0.06333333333333334
5611787644735474299,2021-11,0.01
2634859679238614382,2021-11,0.006666666666666667
2634859679238614382,2021-11,0.013333333333333334
2634859679238614382,2021-11,0.02
6486277549325701534,2021-11,0.05
6486277549325701534,2021-11,0.043333333333333335
8623308321032624474,2021-11,0.31666666666666665
3668905663669864663,2021-11,0.006666666666666667
3668905663669864663,2021-11,0.01
295375823203017296,2021-11,0.006666666666666667
5271591321704178730,2021-11,0.006666666666666667
4762256864594914240,2021-11,0.006666666666666667
2598475569074240783,2021-11,0.01
4071158585850879204,2021-11,0.016666666666666666
4071158585850879204,2021-11,0.012777777777777779
5503073374822479037,2021-11,0.02
5503073374822479037,2021-11,0.02
1741049493106216406,2021-11,0.0033333333333333335
2346482557594782345,2021-11,0.0033333333333333335
2346482557594782345,2021-11,0.0033333333333333335
2346482557594782345,2021-11,0.03694444444444444
2407532237672094312,2021-11,0.05
2407532237672094312,2021-11,0.008888888888888889
5048392903148444335,2021-11,0.0033333333333333335
5048392903148444335,2021-11,0.01
6198047969028248384,2021-11,0.02
3660744270380078352,2021-11,0.07333333333333333
3660744270380078352,2021-11,0.2866666666666667
3660744270380078352,2021-11,0.03666666666666667
7215053254854713098,2021-11,0.043333333333333335
8015571584405428572,2021-11,0.04
6118873739225005756,2021-11,0.03666666666666667
3386019519917828299,2021-11,0.013333333333333334
3386019519917828299,2021-11,0.0
2900002014851776114,2021-11,0.006666666666666667
7398738404146260251,2021-11,0.016666666666666666
8313765100460016738,2021-11,0.03
6547707428090179960,2021-11,0.01
710593997981520423,2021-11,0.03333333333333333
8409181491723988567,2021-11,0.006666666666666667
5108407319813072955,2021-11,0.023333333333333334
4335865859049992260,2021-11,0.0033333333333333335
6122719618012473549,2021-11,0.03666666666666667
460993244124061972,2021-11,0.0
459290606780222306,2021-11,0.08
459290606780222306,2021-11,0.05333333333333334
459290606780222306,2021-11,0.05333333333333334
6276792736652545216,2021-11,0.02
8487807876567995441,2021-11,0.02
8487807876567995441,2021-11,0.03666666666666667
5522764880180045081,2021-11,0.0
2191990606593345695,2021-11,0.006666666666666667
2903869860445366876,2021-11,0.03666666666666667
7347715771145302549,2021-11,0.023333333333333334
5057726374207815794,2021-11,0.10333333333333333
1616952665234409442,2021-11,0.11666666666666667
5706551050445880395,2021-11,0.23666666666666666
1454789421854453615,2021-11,0.04
3285246914299291124,2021-11,0.03333333333333333
8733525963966339207,2021-11,0.10333333333333333
4717717003637613480,2021-11,0.06333333333333334
4717717003637613480,2021-11,0.01
3192341047315717823,2021-11,0.006666666666666667
8287608084245946173,2021-11,0.0033333333333333335
9184785003280841216,2021-11,0.0
9184785003280841216,2021-11,0.06666666666666667
170089315547146305,2021-11,0.03333333333333333
8196449005061156808,2021-11,0.006666666666666667
8196449005061156808,2021-11,0.006666666666666667
8826489829259520138,2021-11,0.0
8826489829259520138,2021-11,0.03666666666666667
8826489829259520138,2021-11,0.05333333333333334
8350724667410677464,2021-11,0.08666666666666667
8784237149961904,2021-11,0.006666666666666667
5635781225931111684,2021-11,0.04
6842075380768862290,2021-11,0.03
6842075380768862290,2021-11,0.060277777777777784
4995217181024687397,2021-11,0.0
4723919748432185874,2021-11,0.0
4723919748432185874,2021-11,0.006666666666666667
4723919748432185874,2021-11,0.02666666666666667
1977574645216036803,2021-11,0.0033333333333333335
1343530446996409207,2021-11,0.043333333333333335
9206030810342980458,2021-11,0.0033333333333333335
9206030810342980458,2021-11,0.023888888888888887
9052787288251876909,2021-11,0.01
9052787288251876909,2021-11,0.0033333333333333335
3156852928909455203,2021-11,0.02
3156852928909455203,2021-11,0.0033333333333333335
7595945751692012281,2021-11,0.0033333333333333335
1678680306005074426,2021-11,0.006666666666666667
4327694790333781288,2021-11,0.0033333333333333335
4593070249039532001,2021-11,0.01
4593070249039532001,2021-11,0.0033333333333333335
3118152790263512426,2021-11,0.0
1788369195969129749,2021-11,0.023333333333333334
4342146186255136598,2021-11,0.0
4342146186255136598,2021-11,0.01
2573553293518763494,2021-11,0.02
2573553293518763494,2021-11,0.02666666666666667
5067621068959932809,2021-11,0.05
5067621068959932809,2021-11,0.03333333333333333
2123312420728961012,2021-11,0.023333333333333334
4018182555897034052,2021-11,0.02
4018182555897034052,2021-11,0.01
4018182555897034052,2021-11,0.0
3248432590399829766,2021-11,0.023333333333333334
4347826483121154490,2021-11,0.0033333333333333335
4347826483121154490,2021-11,0.01
4347826483121154490,2021-11,0.006666666666666667
2128970218770090704,2021-11,0.01
1052398277967427422,2021-11,0.013333333333333334
8909740532547211288,2021-11,0.09
2408009918678280470,2021-11,0.02666666666666667
2408009918678280470,2021-11,0.006666666666666667
2408009918678280470,2021-11,0.01
5166128847048245697,2021-11,0.03
6615694774618628402,2021-11,0.03333333333333333
8049805689946244047,2021-11,0.043333333333333335
6950439982480713649,2021-11,0.02666666666666667
1683619849073499603,2021-11,0.02666666666666667
5440313607363845188,2021-11,0.0
9127318190908282126,2021-11,0.0033333333333333335
1117184216453911295,2021-11,0.04
1117184216453911295,2021-11,0.013333333333333334
1097345589386012260,2021-11,0.0033333333333333335
8004409125524742779,2021-11,0.11333333333333333
4898797487317475277,2021-11,0.006666666666666667
4785355632922927313,2021-11,0.006666666666666667
5752688018135006198,2021-11,0.013333333333333334
1477629972594346481,2021-11,0.006666666666666667
1477629972594346481,2021-11,0.006666666666666667
5477900120643078645,2021-11,0.04
2988042199057874759,2021-11,0.26666666666666666
2988042199057874759,2021-11,0.01
2988042199057874759,2021-11,0.011666666666666667
4532469127306079736,2021-11,0.06333333333333334
4566920105008626302,2021-11,0.023333333333333334
4566920105008626302,2021-11,0.016666666666666666
4566920105008626302,2021-11,0.025
4566920105008626302,2021-11,0.06333333333333334
5855956854975734380,2021-11,0.006666666666666667
2929243640075785940,2021-11,0.02666666666666667
5122095358293179297,2021-11,0.016666666666666666
8255085612985072878,2021-11,0.10333333333333333
4817816966382229074,2021-11,0.04666666666666667
6528158819463595826,2021-11,0.006666666666666667
5287265869592025756,2021-11,0.013333333333333334
2532435113844289043,2021-11,0.04
5606267905834401873,2021-11,0.0033333333333333335
5606267905834401873,2021-11,0.023333333333333334
2033394215069562776,2021-11,0.05
2033394215069562776,2021-11,0.016666666666666666
904857901361577913,2021-11,0.11666666666666667
3822753345985951756,2021-11,0.006666666666666667
3822753345985951756,2021-11,0.02
8248484932270772248,2021-11,0.013333333333333334
7828430488099134389,2021-11,0.016666666666666666
682352428813668634,2021-11,0.0027777777777777775
682352428813668634,2021-11,0.006666666666666667
510795635145114083,2021-11,0.0061111111111111106
510795635145114083,2021-11,0.006666666666666667
4995679129936981612,2021-11,0.006666666666666667
5176940320835464459,2021-11,0.01
5176940320835464459,2021-11,0.016666666666666666
5176940320835464459,2021-11,0.01
5176940320835464459,2021-11,0.03333333333333333
8512214463586144353,2021-11,0.043333333333333335
6721448955097663572,2021-11,0.02
7451017400765373278,2021-11,0.028333333333333332
6681781879793693802,2021-11,0.023333333333333334
7708030042671632236,2021-11,0.03
3698481516392183789,2021-11,0.03
7722287846688771887,2021-11,0.03333333333333333
7722287846688771887,2021-11,0.0
7436628409157313756,2021-11,0.03333333333333333
5448628641564935127,2021-11,0.01
2530707686830644666,2021-11,0.0033333333333333335
8045116560666679751,2021-11,0.006666666666666667
5303720405946805990,2021-11,0.0033333333333333335
1613152204777372951,2021-11,0.0033333333333333335
2508429106201166689,2021-11,0.04666666666666667
2951563549197799278,2021-11,0.03666666666666667
2022367282554149730,2021-11,0.017777777777777778
8570963260597299378,2021-11,0.01
8570963260597299378,2021-11,0.09666666666666666
7895753719321668294,2021-11,0.006666666666666667
2819054834565698513,2021-11,0.016666666666666666
5757271354816214865,2021-11,0.006666666666666667
1292049196559782171,2021-11,0.02
5753677550753111444,2021-11,0.029444444444444447
8503092146854371576,2021-11,0.03
113538242419211987,2021-11,0.013333333333333334
7692330898726665144,2021-11,0.0503888888888889
5810778736737569699,2021-11,0.01
8559143756893267192,2021-11,0.01
8536980239903840341,2021-11,0.01
8536980239903840341,2021-11,0.006666666666666667
6545052034269841737,2021-11,0.006666666666666667
5255460548789019114,2021-11,0.0
7457803471605010846,2021-11,0.02666666666666667
3997247264680905799,2021-11,0.03944444444444445
3997247264680905799,2021-11,0.016666666666666666
5732713959930509093,2021-11,0.01
924957821424248698,2021-11,0.008888888888888889
1210783884008131648,2021-11,0.02
3036967290595689189,2021-11,0.03666666666666667
2307201111381758912,2021-11,0.01
4235078665660987689,2021-11,0.04666666666666667
3605652314611460806,2021-11,0.02
6722781660631652440,2021-11,0.0
4237135112070444140,2021-11,0.10333333333333333
7442192566700924647,2021-11,0.0033333333333333335
3915426102465954493,2021-11,0.006666666666666667
1667173444642500307,2021-11,0.006666666666666667
1874361799315286610,2021-11,0.0033333333333333335
5358243820364010940,2021-11,0.16333333333333333
3682570285558758138,2021-11,0.14
3095686599956852697,2021-11,0.043333333333333335
692350198401528327,2021-11,0.016666666666666666
705648002974742140,2021-11,0.02666666666666667
4993499380140734678,2021-11,0.006666666666666667
4614484019183480654,2021-11,0.26
1299146298565441811,2021-11,0.013333333333333334
4061297388883391410,2021-11,0.06
